22:10:32 | INFO    | device=cuda  fractions=[0.1, 0.25, 0.5, 1.0]  seeds=[1337]  comparadores=['radimagenet', 'imagenet', 'random']
22:14:34 | INFO    | ########## SEMILLA 1337 ##########
22:14:34 | INFO    | SMOKE: 1 fold
22:15:07 | INFO    |   [radimagenet] fold 0 epoch 0  train_loss=0.4066  val_auc=0.5346
22:15:07 | INFO    |   [radimagenet] fold 0 epoch 1  train_loss=0.3805  val_auc=0.5010
22:15:08 | INFO    |   [radimagenet] fold 0 epoch 2  train_loss=0.3647  val_auc=0.5109
22:15:08 | INFO    |   [radimagenet] fold 0 epoch 3  train_loss=0.3503  val_auc=0.5247
22:15:08 | INFO    |   [radimagenet] fold 0 epoch 4  train_loss=0.3351  val_auc=0.5049
22:15:08 | INFO    |   [radimagenet] fold 0 epoch 5  train_loss=0.3190  val_auc=0.5208
22:15:08 | INFO    |   [radimagenet] fold 0 epoch 6  train_loss=0.3032  val_auc=0.5148
22:15:09 | INFO    |   [radimagenet] fold 0 epoch 7  train_loss=0.2877  val_auc=0.5079
22:15:09 | INFO    |   [radimagenet] fold 0 early stop @ epoch 7
22:15:37 | INFO    | [seed 1337][frac 0.10][radimagenet] n_train_pac=13  OOF AUROC=0.5473
22:15:38 | INFO    |   [imagenet] fold 0 epoch 0  train_loss=0.3979  val_auc=0.6542
22:15:38 | INFO    |   [imagenet] fold 0 epoch 1  train_loss=0.3807  val_auc=0.6522
22:15:39 | INFO    |   [imagenet] fold 0 epoch 2  train_loss=0.3735  val_auc=0.6443
22:15:39 | INFO    |   [imagenet] fold 0 epoch 3  train_loss=0.3561  val_auc=0.6097
22:15:39 | INFO    |   [imagenet] fold 0 epoch 4  train_loss=0.3414  val_auc=0.5929
22:15:39 | INFO    |   [imagenet] fold 0 epoch 5  train_loss=0.3315  val_auc=0.5939
22:15:40 | INFO    |   [imagenet] fold 0 epoch 6  train_loss=0.3193  val_auc=0.6245
22:15:40 | INFO    |   [imagenet] fold 0 epoch 7  train_loss=0.3005  val_auc=0.6443
22:15:40 | INFO    |   [imagenet] fold 0 early stop @ epoch 7
22:15:41 | INFO    | [seed 1337][frac 0.10][imagenet] n_train_pac=13  OOF AUROC=0.5740
22:15:41 | INFO    |   [random] fold 0 epoch 0  train_loss=0.4063  val_auc=0.4822
22:15:41 | INFO    |   [random] fold 0 epoch 1  train_loss=0.3622  val_auc=0.4822
22:15:42 | INFO    |   [random] fold 0 epoch 2  train_loss=0.3269  val_auc=0.4832
22:15:42 | INFO    |   [random] fold 0 epoch 3  train_loss=0.2962  val_auc=0.4881
22:15:42 | INFO    |   [random] fold 0 epoch 4  train_loss=0.2691  val_auc=0.4802
22:15:42 | INFO    |   [random] fold 0 epoch 5  train_loss=0.2427  val_auc=0.4575
22:15:43 | INFO    |   [random] fold 0 epoch 6  train_loss=0.2174  val_auc=0.4842
22:15:43 | INFO    |   [random] fold 0 epoch 7  train_loss=0.1932  val_auc=0.5000
22:15:43 | INFO    |   [random] fold 0 epoch 8  train_loss=0.1707  val_auc=0.5109
22:15:43 | INFO    |   [random] fold 0 epoch 9  train_loss=0.1491  val_auc=0.5138
22:15:44 | INFO    |   [random] fold 0 epoch 10  train_loss=0.1283  val_auc=0.5109
22:15:44 | INFO    |   [random] fold 0 epoch 11  train_loss=0.1090  val_auc=0.5158
22:15:44 | INFO    |   [random] fold 0 epoch 12  train_loss=0.0915  val_auc=0.5158
22:15:44 | INFO    |   [random] fold 0 epoch 13  train_loss=0.0753  val_auc=0.5138
22:15:44 | INFO    |   [random] fold 0 epoch 14  train_loss=0.0613  val_auc=0.5119
22:15:45 | INFO    |   [random] fold 0 epoch 15  train_loss=0.0494  val_auc=0.5138
22:15:45 | INFO    |   [random] fold 0 epoch 16  train_loss=0.0394  val_auc=0.5178
22:15:45 | INFO    |   [random] fold 0 epoch 17  train_loss=0.0311  val_auc=0.5198
22:15:45 | INFO    |   [random] fold 0 epoch 18  train_loss=0.0245  val_auc=0.5227
22:15:46 | INFO    |   [random] fold 0 epoch 19  train_loss=0.0193  val_auc=0.5257
22:15:46 | INFO    |   [random] fold 0 epoch 20  train_loss=0.0152  val_auc=0.5306
22:15:46 | INFO    |   [random] fold 0 epoch 21  train_loss=0.0121  val_auc=0.5356
22:15:46 | INFO    |   [random] fold 0 epoch 22  train_loss=0.0097  val_auc=0.5455
22:15:46 | INFO    |   [random] fold 0 epoch 23  train_loss=0.0078  val_auc=0.5415
22:15:47 | INFO    |   [random] fold 0 epoch 24  train_loss=0.0063  val_auc=0.5435
22:15:47 | INFO    |   [random] fold 0 epoch 25  train_loss=0.0052  val_auc=0.5504
22:15:47 | INFO    |   [random] fold 0 epoch 26  train_loss=0.0043  val_auc=0.5534
22:15:47 | INFO    |   [random] fold 0 epoch 27  train_loss=0.0036  val_auc=0.5613
22:15:48 | INFO    |   [random] fold 0 epoch 28  train_loss=0.0031  val_auc=0.5573
22:15:48 | INFO    |   [random] fold 0 epoch 29  train_loss=0.0026  val_auc=0.5593
22:15:48 | INFO    | [seed 1337][frac 0.10][random] n_train_pac=13  OOF AUROC=0.5414
22:16:04 | INFO    |   [radimagenet] fold 0 epoch 0  train_loss=0.4896  val_auc=0.4901
22:16:05 | INFO    |   [radimagenet] fold 0 epoch 1  train_loss=0.4671  val_auc=0.4773
22:16:05 | INFO    |   [radimagenet] fold 0 epoch 2  train_loss=0.4708  val_auc=0.4111
22:16:05 | INFO    |   [radimagenet] fold 0 epoch 3  train_loss=0.4609  val_auc=0.3488
22:16:06 | INFO    |   [radimagenet] fold 0 epoch 4  train_loss=0.4551  val_auc=0.3498
22:16:06 | INFO    |   [radimagenet] fold 0 epoch 5  train_loss=0.4382  val_auc=0.4298
22:16:07 | INFO    |   [radimagenet] fold 0 epoch 6  train_loss=0.4123  val_auc=0.5089
22:16:07 | INFO    |   [radimagenet] fold 0 epoch 7  train_loss=0.3874  val_auc=0.5049
22:16:07 | INFO    |   [radimagenet] fold 0 epoch 8  train_loss=0.3815  val_auc=0.5227
22:16:08 | INFO    |   [radimagenet] fold 0 epoch 9  train_loss=0.3565  val_auc=0.5109
22:16:08 | INFO    |   [radimagenet] fold 0 epoch 10  train_loss=0.3450  val_auc=0.5148
22:16:08 | INFO    |   [radimagenet] fold 0 epoch 11  train_loss=0.3249  val_auc=0.5168
22:16:09 | INFO    |   [radimagenet] fold 0 epoch 12  train_loss=0.3009  val_auc=0.5257
22:16:09 | INFO    |   [radimagenet] fold 0 epoch 13  train_loss=0.2718  val_auc=0.5306
22:16:10 | INFO    |   [radimagenet] fold 0 epoch 14  train_loss=0.2425  val_auc=0.5484
22:16:10 | INFO    |   [radimagenet] fold 0 epoch 15  train_loss=0.2308  val_auc=0.5652
22:16:10 | INFO    |   [radimagenet] fold 0 epoch 16  train_loss=0.2245  val_auc=0.5652
22:16:11 | INFO    |   [radimagenet] fold 0 epoch 17  train_loss=0.1951  val_auc=0.5287
22:16:11 | INFO    |   [radimagenet] fold 0 epoch 18  train_loss=0.2043  val_auc=0.5257
22:16:12 | INFO    |   [radimagenet] fold 0 epoch 19  train_loss=0.1725  val_auc=0.5583
22:16:12 | INFO    |   [radimagenet] fold 0 epoch 20  train_loss=0.1640  val_auc=0.5464
22:16:12 | INFO    |   [radimagenet] fold 0 epoch 21  train_loss=0.1363  val_auc=0.5484
22:16:13 | INFO    |   [radimagenet] fold 0 epoch 22  train_loss=0.0993  val_auc=0.5573
22:16:13 | INFO    |   [radimagenet] fold 0 early stop @ epoch 22
22:16:13 | INFO    | [seed 1337][frac 0.25][radimagenet] n_train_pac=31  OOF AUROC=0.7189
22:16:14 | INFO    |   [imagenet] fold 0 epoch 0  train_loss=0.4838  val_auc=0.5958
22:16:14 | INFO    |   [imagenet] fold 0 epoch 1  train_loss=0.4700  val_auc=0.6097
22:16:14 | INFO    |   [imagenet] fold 0 epoch 2  train_loss=0.4644  val_auc=0.6077
22:16:15 | INFO    |   [imagenet] fold 0 epoch 3  train_loss=0.4554  val_auc=0.5326
22:16:15 | INFO    |   [imagenet] fold 0 epoch 4  train_loss=0.4515  val_auc=0.5020
22:16:16 | INFO    |   [imagenet] fold 0 epoch 5  train_loss=0.4432  val_auc=0.4901
22:16:16 | INFO    |   [imagenet] fold 0 epoch 6  train_loss=0.4292  val_auc=0.4625
22:16:16 | INFO    |   [imagenet] fold 0 epoch 7  train_loss=0.4210  val_auc=0.4753
22:16:17 | INFO    |   [imagenet] fold 0 epoch 8  train_loss=0.4124  val_auc=0.5316
22:16:17 | INFO    |   [imagenet] fold 0 early stop @ epoch 8
22:16:17 | INFO    | [seed 1337][frac 0.25][imagenet] n_train_pac=31  OOF AUROC=0.5118
22:16:17 | INFO    |   [random] fold 0 epoch 0  train_loss=0.4956  val_auc=0.5000
22:16:18 | INFO    |   [random] fold 0 epoch 1  train_loss=0.4433  val_auc=0.5109
22:16:18 | INFO    |   [random] fold 0 epoch 2  train_loss=0.4318  val_auc=0.5287
22:16:19 | INFO    |   [random] fold 0 epoch 3  train_loss=0.3998  val_auc=0.5751
22:16:19 | INFO    |   [random] fold 0 epoch 4  train_loss=0.3704  val_auc=0.5909
22:16:19 | INFO    |   [random] fold 0 epoch 5  train_loss=0.3539  val_auc=0.5939
22:16:20 | INFO    |   [random] fold 0 epoch 6  train_loss=0.3258  val_auc=0.5662
22:16:20 | INFO    |   [random] fold 0 epoch 7  train_loss=0.2970  val_auc=0.5435
22:16:20 | INFO    |   [random] fold 0 epoch 8  train_loss=0.2857  val_auc=0.5346
22:16:21 | INFO    |   [random] fold 0 epoch 9  train_loss=0.2606  val_auc=0.5356
22:16:21 | INFO    |   [random] fold 0 epoch 10  train_loss=0.2622  val_auc=0.5227
22:16:23 | INFO    |   [random] fold 0 epoch 11  train_loss=0.2157  val_auc=0.5237
22:16:23 | INFO    |   [random] fold 0 epoch 12  train_loss=0.2054  val_auc=0.4615
22:16:23 | INFO    |   [random] fold 0 early stop @ epoch 12
22:16:23 | INFO    | [seed 1337][frac 0.25][random] n_train_pac=31  OOF AUROC=0.4793
22:17:02 | INFO    |   [radimagenet] fold 0 epoch 0  train_loss=0.4827  val_auc=0.4812
22:17:03 | INFO    |   [radimagenet] fold 0 epoch 1  train_loss=0.4712  val_auc=0.4743
22:17:04 | INFO    |   [radimagenet] fold 0 epoch 2  train_loss=0.4646  val_auc=0.4684
22:17:04 | INFO    |   [radimagenet] fold 0 epoch 3  train_loss=0.4616  val_auc=0.5573
22:17:05 | INFO    |   [radimagenet] fold 0 epoch 4  train_loss=0.4495  val_auc=0.5514
22:17:06 | INFO    |   [radimagenet] fold 0 epoch 5  train_loss=0.4476  val_auc=0.5830
22:17:06 | INFO    |   [radimagenet] fold 0 epoch 6  train_loss=0.4366  val_auc=0.5563
22:17:07 | INFO    |   [radimagenet] fold 0 epoch 7  train_loss=0.4196  val_auc=0.5534
22:17:08 | INFO    |   [radimagenet] fold 0 epoch 8  train_loss=0.4089  val_auc=0.5375
22:17:08 | INFO    |   [radimagenet] fold 0 epoch 9  train_loss=0.3855  val_auc=0.5257
22:17:09 | INFO    |   [radimagenet] fold 0 epoch 10  train_loss=0.3466  val_auc=0.5494
22:17:09 | INFO    |   [radimagenet] fold 0 epoch 11  train_loss=0.3179  val_auc=0.5366
22:17:10 | INFO    |   [radimagenet] fold 0 epoch 12  train_loss=0.2834  val_auc=0.5148
22:17:10 | INFO    |   [radimagenet] fold 0 early stop @ epoch 12
22:17:10 | INFO    | [seed 1337][frac 0.50][radimagenet] n_train_pac=61  OOF AUROC=0.5828
22:17:12 | INFO    |   [imagenet] fold 0 epoch 0  train_loss=0.4762  val_auc=0.5761
22:17:12 | INFO    |   [imagenet] fold 0 epoch 1  train_loss=0.4715  val_auc=0.6680
22:17:13 | INFO    |   [imagenet] fold 0 epoch 2  train_loss=0.4638  val_auc=0.6453
22:17:13 | INFO    |   [imagenet] fold 0 epoch 3  train_loss=0.4570  val_auc=0.5958
22:17:14 | INFO    |   [imagenet] fold 0 epoch 4  train_loss=0.4475  val_auc=0.6067
22:17:15 | INFO    |   [imagenet] fold 0 epoch 5  train_loss=0.4315  val_auc=0.6472
22:17:15 | INFO    |   [imagenet] fold 0 epoch 6  train_loss=0.4235  val_auc=0.6383
22:17:16 | INFO    |   [imagenet] fold 0 epoch 7  train_loss=0.4040  val_auc=0.6354
22:17:17 | INFO    |   [imagenet] fold 0 epoch 8  train_loss=0.3810  val_auc=0.6097
22:17:17 | INFO    |   [imagenet] fold 0 early stop @ epoch 8
22:17:17 | INFO    | [seed 1337][frac 0.50][imagenet] n_train_pac=61  OOF AUROC=0.5355
22:17:18 | INFO    |   [random] fold 0 epoch 0  train_loss=0.4805  val_auc=0.5642
22:17:18 | INFO    |   [random] fold 0 epoch 1  train_loss=0.4456  val_auc=0.5267
22:17:19 | INFO    |   [random] fold 0 epoch 2  train_loss=0.4181  val_auc=0.5128
22:17:19 | INFO    |   [random] fold 0 epoch 3  train_loss=0.3833  val_auc=0.5138
22:17:20 | INFO    |   [random] fold 0 epoch 4  train_loss=0.3845  val_auc=0.5079
22:17:21 | INFO    |   [random] fold 0 epoch 5  train_loss=0.3466  val_auc=0.5287
22:17:21 | INFO    |   [random] fold 0 epoch 6  train_loss=0.3287  val_auc=0.5099
22:17:22 | INFO    |   [random] fold 0 epoch 7  train_loss=0.2940  val_auc=0.5623
22:17:22 | INFO    |   [random] fold 0 early stop @ epoch 7
22:17:22 | INFO    | [seed 1337][frac 0.50][random] n_train_pac=61  OOF AUROC=0.5296
22:18:41 | INFO    |   [radimagenet] fold 0 epoch 0  train_loss=0.4808  val_auc=0.5059
22:18:42 | INFO    |   [radimagenet] fold 0 epoch 1  train_loss=0.4651  val_auc=0.3409
22:18:43 | INFO    |   [radimagenet] fold 0 epoch 2  train_loss=0.4503  val_auc=0.4881
22:18:44 | INFO    |   [radimagenet] fold 0 epoch 3  train_loss=0.4359  val_auc=0.4723
22:18:45 | INFO    |   [radimagenet] fold 0 epoch 4  train_loss=0.4059  val_auc=0.5474
22:18:46 | INFO    |   [radimagenet] fold 0 epoch 5  train_loss=0.3763  val_auc=0.5445
22:18:48 | INFO    |   [radimagenet] fold 0 epoch 6  train_loss=0.3280  val_auc=0.5425
22:18:49 | INFO    |   [radimagenet] fold 0 epoch 7  train_loss=0.2886  val_auc=0.5731
22:18:50 | INFO    |   [radimagenet] fold 0 epoch 8  train_loss=0.2320  val_auc=0.5810
22:18:51 | INFO    |   [radimagenet] fold 0 epoch 9  train_loss=0.1817  val_auc=0.5494
22:18:52 | INFO    |   [radimagenet] fold 0 epoch 10  train_loss=0.1424  val_auc=0.5316
22:18:54 | INFO    |   [radimagenet] fold 0 epoch 11  train_loss=0.0921  val_auc=0.5603
22:18:55 | INFO    |   [radimagenet] fold 0 epoch 12  train_loss=0.0678  val_auc=0.5652
22:18:56 | INFO    |   [radimagenet] fold 0 epoch 13  train_loss=0.0582  val_auc=0.5573
22:18:57 | INFO    |   [radimagenet] fold 0 epoch 14  train_loss=0.0515  val_auc=0.5573
22:18:58 | INFO    |   [radimagenet] fold 0 epoch 15  train_loss=0.0384  val_auc=0.5494
22:18:58 | INFO    |   [radimagenet] fold 0 early stop @ epoch 15
22:18:58 | INFO    | [seed 1337][frac 1.00][radimagenet] n_train_pac=120  OOF AUROC=0.8136
22:19:00 | INFO    |   [imagenet] fold 0 epoch 0  train_loss=0.4776  val_auc=0.6828
22:19:01 | INFO    |   [imagenet] fold 0 epoch 1  train_loss=0.4687  val_auc=0.5613
22:19:02 | INFO    |   [imagenet] fold 0 epoch 2  train_loss=0.4622  val_auc=0.5069
22:19:03 | INFO    |   [imagenet] fold 0 epoch 3  train_loss=0.4508  val_auc=0.5366
22:19:05 | INFO    |   [imagenet] fold 0 epoch 4  train_loss=0.4356  val_auc=0.5652
22:19:06 | INFO    |   [imagenet] fold 0 epoch 5  train_loss=0.4130  val_auc=0.6235
22:19:07 | INFO    |   [imagenet] fold 0 epoch 6  train_loss=0.3743  val_auc=0.5998
22:19:08 | INFO    |   [imagenet] fold 0 epoch 7  train_loss=0.3260  val_auc=0.5751
22:19:08 | INFO    |   [imagenet] fold 0 early stop @ epoch 7
22:19:08 | INFO    | [seed 1337][frac 1.00][imagenet] n_train_pac=120  OOF AUROC=0.5562
22:19:10 | INFO    |   [random] fold 0 epoch 0  train_loss=0.4819  val_auc=0.5178
22:19:11 | INFO    |   [random] fold 0 epoch 1  train_loss=0.4406  val_auc=0.5543
22:19:12 | INFO    |   [random] fold 0 epoch 2  train_loss=0.4169  val_auc=0.5613
22:19:13 | INFO    |   [random] fold 0 epoch 3  train_loss=0.4052  val_auc=0.4872
22:19:14 | INFO    |   [random] fold 0 epoch 4  train_loss=0.3690  val_auc=0.4753
22:19:15 | INFO    |   [random] fold 0 epoch 5  train_loss=0.3800  val_auc=0.4753
22:19:17 | INFO    |   [random] fold 0 epoch 6  train_loss=0.3332  val_auc=0.4832
22:19:18 | INFO    |   [random] fold 0 epoch 7  train_loss=0.3023  val_auc=0.4595
22:19:19 | INFO    |   [random] fold 0 epoch 8  train_loss=0.2865  val_auc=0.4466
22:19:20 | INFO    |   [random] fold 0 epoch 9  train_loss=0.2276  val_auc=0.4595
22:19:20 | INFO    |   [random] fold 0 early stop @ epoch 9
22:19:20 | INFO    | [seed 1337][frac 1.00][random] n_train_pac=120  OOF AUROC=0.5740
22:20:12 | INFO    | 
================ CURVA DE EFICIENCIA ================
22:20:12 | INFO    |   frac    radimagenet      imagenet        random
22:20:12 | INFO    |    10%  0.547±0.000  0.574±0.000  0.541±0.000
22:20:12 | INFO    |    25%  0.719±0.000  0.512±0.000  0.479±0.000
22:20:12 | INFO    |    50%  0.583±0.000  0.536±0.000  0.530±0.000
22:20:12 | INFO    |   100%  0.814±0.000  0.556±0.000  0.574±0.000
22:20:12 | INFO    | 
Interacción procedencia×fracción (ΔAUROC media±desv | IC95% | p_boot):
22:20:12 | INFO    |   --- fracción 10% ---
22:20:12 | INFO    |     radimagenet_vs_imagenet    Δ=-0.0266±0.0000  IC95%=[-0.3279,+0.2706]  p=0.8560
22:20:12 | INFO    |     radimagenet_vs_random      Δ=+0.0059±0.0000  IC95%=[-0.1920,+0.1890]  p=0.8910
22:20:12 | INFO    |     imagenet_vs_random         Δ=+0.0325±0.0000  IC95%=[-0.2857,+0.3519]  p=0.8160
22:20:12 | INFO    |   --- fracción 25% ---
22:20:12 | INFO    |     radimagenet_vs_imagenet    Δ=+0.2071±0.0000  IC95%=[-0.0395,+0.4393]  p=0.1120
22:20:12 | INFO    |     radimagenet_vs_random      Δ=+0.2396±0.0000  IC95%=[+0.0071,+0.4806]  p=0.0380
22:20:12 | INFO    |     imagenet_vs_random         Δ=+0.0325±0.0000  IC95%=[-0.2533,+0.3078]  p=0.8080
22:20:12 | INFO    |   --- fracción 50% ---
22:20:12 | INFO    |     radimagenet_vs_imagenet    Δ=+0.0473±0.0000  IC95%=[-0.2021,+0.3025]  p=0.7160
22:20:12 | INFO    |     radimagenet_vs_random      Δ=+0.0533±0.0000  IC95%=[-0.2050,+0.3000]  p=0.6600
22:20:12 | INFO    |     imagenet_vs_random         Δ=+0.0059±0.0000  IC95%=[-0.3084,+0.3274]  p=0.9680
22:20:12 | INFO    |   --- fracción 100% ---
22:20:12 | INFO    |     radimagenet_vs_imagenet    Δ=+0.2574±0.0000  IC95%=[+0.0000,+0.5193]  p=0.0450
22:20:12 | INFO    |     radimagenet_vs_random      Δ=+0.2396±0.0000  IC95%=[+0.0934,+0.4000]  p=0.0000
22:20:12 | INFO    |     imagenet_vs_random         Δ=-0.0178±0.0000  IC95%=[-0.3136,+0.2739]  p=0.9070
22:20:12 | INFO    | 
Equivalencia de datos (random@100% AUROC = 0.574):
22:20:12 | INFO    |     radimagenet: alcanza random@100% desde la fracción 25%
22:20:12 | INFO    |     imagenet: alcanza random@100% desde la fracción 10%
22:20:12 | INFO    | 
Resumen -> ./outputs/curve/curve_summary.json
22:20:12 | INFO    | DONE.
22:27:06 | INFO    | device=cuda  fractions=[0.1, 0.25, 0.5, 1.0]  seeds=[1337, 2024, 7]  comparadores=['radimagenet', 'imagenet', 'random']
22:31:10 | INFO    | ########## SEMILLA 1337 ##########
22:31:43 | INFO    |   [radimagenet] fold 0 epoch 0  train_loss=0.4066  val_auc=0.5346
22:31:43 | INFO    |   [radimagenet] fold 0 epoch 1  train_loss=0.3805  val_auc=0.5010
22:31:43 | INFO    |   [radimagenet] fold 0 epoch 2  train_loss=0.3647  val_auc=0.5109
22:31:43 | INFO    |   [radimagenet] fold 0 epoch 3  train_loss=0.3503  val_auc=0.5247
22:31:44 | INFO    |   [radimagenet] fold 0 epoch 4  train_loss=0.3351  val_auc=0.5049
22:31:44 | INFO    |   [radimagenet] fold 0 epoch 5  train_loss=0.3190  val_auc=0.5208
22:31:44 | INFO    |   [radimagenet] fold 0 epoch 6  train_loss=0.3032  val_auc=0.5148
22:31:44 | INFO    |   [radimagenet] fold 0 epoch 7  train_loss=0.2877  val_auc=0.5079
22:31:44 | INFO    |   [radimagenet] fold 0 early stop @ epoch 7
22:32:24 | INFO    |   [radimagenet] fold 1 epoch 0  train_loss=0.4652  val_auc=0.3804
22:32:25 | INFO    |   [radimagenet] fold 1 epoch 1  train_loss=0.4431  val_auc=0.3715
22:32:25 | INFO    |   [radimagenet] fold 1 epoch 2  train_loss=0.4232  val_auc=0.3982
22:32:25 | INFO    |   [radimagenet] fold 1 epoch 3  train_loss=0.4040  val_auc=0.5000
22:32:25 | INFO    |   [radimagenet] fold 1 epoch 4  train_loss=0.3851  val_auc=0.5573
22:32:25 | INFO    |   [radimagenet] fold 1 epoch 5  train_loss=0.3664  val_auc=0.5395
22:32:26 | INFO    |   [radimagenet] fold 1 epoch 6  train_loss=0.3478  val_auc=0.5484
22:32:26 | INFO    |   [radimagenet] fold 1 epoch 7  train_loss=0.3290  val_auc=0.5820
22:32:26 | INFO    |   [radimagenet] fold 1 epoch 8  train_loss=0.3098  val_auc=0.6047
22:32:26 | INFO    |   [radimagenet] fold 1 epoch 9  train_loss=0.2904  val_auc=0.6018
22:32:27 | INFO    |   [radimagenet] fold 1 epoch 10  train_loss=0.2707  val_auc=0.5968
22:32:27 | INFO    |   [radimagenet] fold 1 epoch 11  train_loss=0.2511  val_auc=0.5949
22:32:27 | INFO    |   [radimagenet] fold 1 epoch 12  train_loss=0.2318  val_auc=0.6215
22:32:27 | INFO    |   [radimagenet] fold 1 epoch 13  train_loss=0.2127  val_auc=0.6176
22:32:27 | INFO    |   [radimagenet] fold 1 epoch 14  train_loss=0.1942  val_auc=0.6285
22:32:28 | INFO    |   [radimagenet] fold 1 epoch 15  train_loss=0.1764  val_auc=0.6453
22:32:28 | INFO    |   [radimagenet] fold 1 epoch 16  train_loss=0.1595  val_auc=0.6650
22:32:28 | INFO    |   [radimagenet] fold 1 epoch 17  train_loss=0.1435  val_auc=0.6789
22:32:28 | INFO    |   [radimagenet] fold 1 epoch 18  train_loss=0.1286  val_auc=0.6709
22:32:28 | INFO    |   [radimagenet] fold 1 epoch 19  train_loss=0.1149  val_auc=0.6640
22:32:29 | INFO    |   [radimagenet] fold 1 epoch 20  train_loss=0.1024  val_auc=0.6769
22:32:29 | INFO    |   [radimagenet] fold 1 epoch 21  train_loss=0.0911  val_auc=0.6887
22:32:29 | INFO    |   [radimagenet] fold 1 epoch 22  train_loss=0.0809  val_auc=0.6996
22:32:29 | INFO    |   [radimagenet] fold 1 epoch 23  train_loss=0.0718  val_auc=0.7036
22:32:30 | INFO    |   [radimagenet] fold 1 epoch 24  train_loss=0.0637  val_auc=0.7075
22:32:30 | INFO    |   [radimagenet] fold 1 epoch 25  train_loss=0.0566  val_auc=0.7055
22:32:30 | INFO    |   [radimagenet] fold 1 epoch 26  train_loss=0.0504  val_auc=0.6986
22:32:30 | INFO    |   [radimagenet] fold 1 epoch 27  train_loss=0.0450  val_auc=0.6858
22:32:30 | INFO    |   [radimagenet] fold 1 epoch 28  train_loss=0.0403  val_auc=0.6868
22:32:31 | INFO    |   [radimagenet] fold 1 epoch 29  train_loss=0.0361  val_auc=0.6848
22:32:59 | INFO    |   [radimagenet] fold 2 epoch 0  train_loss=0.3954  val_auc=0.5598
22:33:00 | INFO    |   [radimagenet] fold 2 epoch 1  train_loss=0.3807  val_auc=0.3886
22:33:00 | INFO    |   [radimagenet] fold 2 epoch 2  train_loss=0.3640  val_auc=0.3687
22:33:00 | INFO    |   [radimagenet] fold 2 epoch 3  train_loss=0.3474  val_auc=0.5761
22:33:00 | INFO    |   [radimagenet] fold 2 epoch 4  train_loss=0.3309  val_auc=0.6196
22:33:00 | INFO    |   [radimagenet] fold 2 epoch 5  train_loss=0.3142  val_auc=0.5797
22:33:01 | INFO    |   [radimagenet] fold 2 epoch 6  train_loss=0.2976  val_auc=0.6123
22:33:01 | INFO    |   [radimagenet] fold 2 epoch 7  train_loss=0.2809  val_auc=0.6051
22:33:01 | INFO    |   [radimagenet] fold 2 epoch 8  train_loss=0.2640  val_auc=0.6051
22:33:01 | INFO    |   [radimagenet] fold 2 epoch 9  train_loss=0.2470  val_auc=0.5734
22:33:02 | INFO    |   [radimagenet] fold 2 epoch 10  train_loss=0.2300  val_auc=0.5752
22:33:02 | INFO    |   [radimagenet] fold 2 epoch 11  train_loss=0.2130  val_auc=0.5797
22:33:02 | INFO    |   [radimagenet] fold 2 early stop @ epoch 11
22:33:11 | INFO    |   [radimagenet] fold 3 epoch 0  train_loss=0.5193  val_auc=0.5784
22:33:11 | INFO    |   [radimagenet] fold 3 epoch 1  train_loss=0.4872  val_auc=0.6522
22:33:12 | INFO    |   [radimagenet] fold 3 epoch 2  train_loss=0.4630  val_auc=0.6259
22:33:12 | INFO    |   [radimagenet] fold 3 epoch 3  train_loss=0.4403  val_auc=0.5592
22:33:12 | INFO    |   [radimagenet] fold 3 epoch 4  train_loss=0.4181  val_auc=0.5450
22:33:12 | INFO    |   [radimagenet] fold 3 epoch 5  train_loss=0.3966  val_auc=0.5147
22:33:12 | INFO    |   [radimagenet] fold 3 epoch 6  train_loss=0.3760  val_auc=0.4853
22:33:13 | INFO    |   [radimagenet] fold 3 epoch 7  train_loss=0.3559  val_auc=0.4924
22:33:13 | INFO    |   [radimagenet] fold 3 epoch 8  train_loss=0.3359  val_auc=0.4904
22:33:13 | INFO    |   [radimagenet] fold 3 early stop @ epoch 8
22:33:29 | INFO    |   [radimagenet] fold 4 epoch 0  train_loss=0.4932  val_auc=0.4429
22:33:30 | INFO    |   [radimagenet] fold 4 epoch 1  train_loss=0.4903  val_auc=0.4772
22:33:30 | INFO    |   [radimagenet] fold 4 epoch 2  train_loss=0.4865  val_auc=0.3883
22:33:30 | INFO    |   [radimagenet] fold 4 epoch 3  train_loss=0.4788  val_auc=0.4479
22:33:30 | INFO    |   [radimagenet] fold 4 epoch 4  train_loss=0.4687  val_auc=0.5147
22:33:31 | INFO    |   [radimagenet] fold 4 epoch 5  train_loss=0.4569  val_auc=0.5470
22:33:31 | INFO    |   [radimagenet] fold 4 epoch 6  train_loss=0.4422  val_auc=0.4944
22:33:31 | INFO    |   [radimagenet] fold 4 epoch 7  train_loss=0.4264  val_auc=0.4651
22:33:31 | INFO    |   [radimagenet] fold 4 epoch 8  train_loss=0.4097  val_auc=0.4590
22:33:31 | INFO    |   [radimagenet] fold 4 epoch 9  train_loss=0.3924  val_auc=0.4793
22:33:32 | INFO    |   [radimagenet] fold 4 epoch 10  train_loss=0.3749  val_auc=0.5126
22:33:32 | INFO    |   [radimagenet] fold 4 epoch 11  train_loss=0.3572  val_auc=0.5238
22:33:32 | INFO    |   [radimagenet] fold 4 epoch 12  train_loss=0.3392  val_auc=0.5369
22:33:32 | INFO    |   [radimagenet] fold 4 early stop @ epoch 12
22:33:41 | INFO    | [seed 1337][frac 0.10][radimagenet] n_train_pac=13  OOF AUROC=0.5251
22:33:41 | INFO    |   [imagenet] fold 0 epoch 0  train_loss=0.3979  val_auc=0.6542
22:33:42 | INFO    |   [imagenet] fold 0 epoch 1  train_loss=0.3807  val_auc=0.6522
22:33:42 | INFO    |   [imagenet] fold 0 epoch 2  train_loss=0.3735  val_auc=0.6443
22:33:42 | INFO    |   [imagenet] fold 0 epoch 3  train_loss=0.3561  val_auc=0.6097
22:33:42 | INFO    |   [imagenet] fold 0 epoch 4  train_loss=0.3414  val_auc=0.5929
22:33:42 | INFO    |   [imagenet] fold 0 epoch 5  train_loss=0.3315  val_auc=0.5939
22:33:43 | INFO    |   [imagenet] fold 0 epoch 6  train_loss=0.3193  val_auc=0.6245
22:33:43 | INFO    |   [imagenet] fold 0 epoch 7  train_loss=0.3005  val_auc=0.6443
22:33:43 | INFO    |   [imagenet] fold 0 early stop @ epoch 7
22:33:44 | INFO    |   [imagenet] fold 1 epoch 0  train_loss=0.4630  val_auc=0.6907
22:33:44 | INFO    |   [imagenet] fold 1 epoch 1  train_loss=0.4482  val_auc=0.7312
22:33:44 | INFO    |   [imagenet] fold 1 epoch 2  train_loss=0.4351  val_auc=0.7421
22:33:45 | INFO    |   [imagenet] fold 1 epoch 3  train_loss=0.4138  val_auc=0.7490
22:33:45 | INFO    |   [imagenet] fold 1 epoch 4  train_loss=0.3934  val_auc=0.7816
22:33:45 | INFO    |   [imagenet] fold 1 epoch 5  train_loss=0.3765  val_auc=0.7974
22:33:45 | INFO    |   [imagenet] fold 1 epoch 6  train_loss=0.3624  val_auc=0.7727
22:33:45 | INFO    |   [imagenet] fold 1 epoch 7  train_loss=0.3410  val_auc=0.7431
22:33:46 | INFO    |   [imagenet] fold 1 epoch 8  train_loss=0.3213  val_auc=0.7213
22:33:46 | INFO    |   [imagenet] fold 1 epoch 9  train_loss=0.3037  val_auc=0.6976
22:33:46 | INFO    |   [imagenet] fold 1 epoch 10  train_loss=0.2868  val_auc=0.6868
22:33:46 | INFO    |   [imagenet] fold 1 epoch 11  train_loss=0.2709  val_auc=0.6611
22:33:46 | INFO    |   [imagenet] fold 1 epoch 12  train_loss=0.2546  val_auc=0.6255
22:33:46 | INFO    |   [imagenet] fold 1 early stop @ epoch 12
22:33:48 | INFO    |   [imagenet] fold 2 epoch 0  train_loss=0.3984  val_auc=0.6612
22:33:48 | INFO    |   [imagenet] fold 2 epoch 1  train_loss=0.3875  val_auc=0.6096
22:33:48 | INFO    |   [imagenet] fold 2 epoch 2  train_loss=0.3689  val_auc=0.5661
22:33:48 | INFO    |   [imagenet] fold 2 epoch 3  train_loss=0.3470  val_auc=0.5752
22:33:49 | INFO    |   [imagenet] fold 2 epoch 4  train_loss=0.3278  val_auc=0.5851
22:33:49 | INFO    |   [imagenet] fold 2 epoch 5  train_loss=0.3086  val_auc=0.5897
22:33:49 | INFO    |   [imagenet] fold 2 epoch 6  train_loss=0.2912  val_auc=0.5951
22:33:49 | INFO    |   [imagenet] fold 2 epoch 7  train_loss=0.2743  val_auc=0.5815
22:33:49 | INFO    |   [imagenet] fold 2 early stop @ epoch 7
22:33:50 | INFO    |   [imagenet] fold 3 epoch 0  train_loss=0.5061  val_auc=0.4510
22:33:51 | INFO    |   [imagenet] fold 3 epoch 1  train_loss=0.4905  val_auc=0.5713
22:33:51 | INFO    |   [imagenet] fold 3 epoch 2  train_loss=0.4664  val_auc=0.5632
22:33:51 | INFO    |   [imagenet] fold 3 epoch 3  train_loss=0.4441  val_auc=0.5076
22:33:51 | INFO    |   [imagenet] fold 3 epoch 4  train_loss=0.4260  val_auc=0.5046
22:33:51 | INFO    |   [imagenet] fold 3 epoch 5  train_loss=0.4049  val_auc=0.4722
22:33:52 | INFO    |   [imagenet] fold 3 epoch 6  train_loss=0.3888  val_auc=0.4772
22:33:52 | INFO    |   [imagenet] fold 3 epoch 7  train_loss=0.3689  val_auc=0.4641
22:33:52 | INFO    |   [imagenet] fold 3 epoch 8  train_loss=0.3507  val_auc=0.4641
22:33:52 | INFO    |   [imagenet] fold 3 early stop @ epoch 8
22:33:53 | INFO    |   [imagenet] fold 4 epoch 0  train_loss=0.4888  val_auc=0.6047
22:33:53 | INFO    |   [imagenet] fold 4 epoch 1  train_loss=0.4797  val_auc=0.5410
22:33:53 | INFO    |   [imagenet] fold 4 epoch 2  train_loss=0.4635  val_auc=0.4884
22:33:54 | INFO    |   [imagenet] fold 4 epoch 3  train_loss=0.4535  val_auc=0.4762
22:33:54 | INFO    |   [imagenet] fold 4 epoch 4  train_loss=0.4540  val_auc=0.4783
22:33:54 | INFO    |   [imagenet] fold 4 epoch 5  train_loss=0.4413  val_auc=0.4621
22:33:54 | INFO    |   [imagenet] fold 4 epoch 6  train_loss=0.4240  val_auc=0.4894
22:33:54 | INFO    |   [imagenet] fold 4 epoch 7  train_loss=0.4097  val_auc=0.4651
22:33:54 | INFO    |   [imagenet] fold 4 early stop @ epoch 7
22:33:55 | INFO    | [seed 1337][frac 0.10][imagenet] n_train_pac=13  OOF AUROC=0.5599
22:33:55 | INFO    |   [random] fold 0 epoch 0  train_loss=0.4063  val_auc=0.4822
22:33:55 | INFO    |   [random] fold 0 epoch 1  train_loss=0.3622  val_auc=0.4822
22:33:56 | INFO    |   [random] fold 0 epoch 2  train_loss=0.3269  val_auc=0.4832
22:33:56 | INFO    |   [random] fold 0 epoch 3  train_loss=0.2962  val_auc=0.4881
22:33:56 | INFO    |   [random] fold 0 epoch 4  train_loss=0.2691  val_auc=0.4802
22:33:56 | INFO    |   [random] fold 0 epoch 5  train_loss=0.2427  val_auc=0.4575
22:33:56 | INFO    |   [random] fold 0 epoch 6  train_loss=0.2174  val_auc=0.4842
22:33:57 | INFO    |   [random] fold 0 epoch 7  train_loss=0.1932  val_auc=0.5000
22:33:57 | INFO    |   [random] fold 0 epoch 8  train_loss=0.1707  val_auc=0.5109
22:33:57 | INFO    |   [random] fold 0 epoch 9  train_loss=0.1491  val_auc=0.5138
22:33:57 | INFO    |   [random] fold 0 epoch 10  train_loss=0.1283  val_auc=0.5109
22:33:57 | INFO    |   [random] fold 0 epoch 11  train_loss=0.1090  val_auc=0.5158
22:33:58 | INFO    |   [random] fold 0 epoch 12  train_loss=0.0915  val_auc=0.5158
22:33:58 | INFO    |   [random] fold 0 epoch 13  train_loss=0.0753  val_auc=0.5138
22:33:58 | INFO    |   [random] fold 0 epoch 14  train_loss=0.0613  val_auc=0.5119
22:33:59 | INFO    |   [random] fold 0 epoch 15  train_loss=0.0494  val_auc=0.5138
22:33:59 | INFO    |   [random] fold 0 epoch 16  train_loss=0.0394  val_auc=0.5178
22:33:59 | INFO    |   [random] fold 0 epoch 17  train_loss=0.0311  val_auc=0.5198
22:33:59 | INFO    |   [random] fold 0 epoch 18  train_loss=0.0245  val_auc=0.5227
22:33:59 | INFO    |   [random] fold 0 epoch 19  train_loss=0.0193  val_auc=0.5257
22:34:00 | INFO    |   [random] fold 0 epoch 20  train_loss=0.0152  val_auc=0.5306
22:34:00 | INFO    |   [random] fold 0 epoch 21  train_loss=0.0121  val_auc=0.5356
22:34:00 | INFO    |   [random] fold 0 epoch 22  train_loss=0.0097  val_auc=0.5455
22:34:00 | INFO    |   [random] fold 0 epoch 23  train_loss=0.0078  val_auc=0.5415
22:34:00 | INFO    |   [random] fold 0 epoch 24  train_loss=0.0063  val_auc=0.5435
22:34:01 | INFO    |   [random] fold 0 epoch 25  train_loss=0.0052  val_auc=0.5504
22:34:01 | INFO    |   [random] fold 0 epoch 26  train_loss=0.0043  val_auc=0.5534
22:34:01 | INFO    |   [random] fold 0 epoch 27  train_loss=0.0036  val_auc=0.5613
22:34:01 | INFO    |   [random] fold 0 epoch 28  train_loss=0.0031  val_auc=0.5573
22:34:02 | INFO    |   [random] fold 0 epoch 29  train_loss=0.0026  val_auc=0.5593
22:34:02 | INFO    |   [random] fold 1 epoch 0  train_loss=0.4567  val_auc=0.6403
22:34:02 | INFO    |   [random] fold 1 epoch 1  train_loss=0.4098  val_auc=0.6423
22:34:03 | INFO    |   [random] fold 1 epoch 2  train_loss=0.3656  val_auc=0.6601
22:34:03 | INFO    |   [random] fold 1 epoch 3  train_loss=0.3267  val_auc=0.6670
22:34:03 | INFO    |   [random] fold 1 epoch 4  train_loss=0.2906  val_auc=0.6690
22:34:03 | INFO    |   [random] fold 1 epoch 5  train_loss=0.2558  val_auc=0.6779
22:34:03 | INFO    |   [random] fold 1 epoch 6  train_loss=0.2214  val_auc=0.6739
22:34:04 | INFO    |   [random] fold 1 epoch 7  train_loss=0.1887  val_auc=0.6739
22:34:04 | INFO    |   [random] fold 1 epoch 8  train_loss=0.1589  val_auc=0.6798
22:34:04 | INFO    |   [random] fold 1 epoch 9  train_loss=0.1316  val_auc=0.6818
22:34:04 | INFO    |   [random] fold 1 epoch 10  train_loss=0.1069  val_auc=0.6848
22:34:05 | INFO    |   [random] fold 1 epoch 11  train_loss=0.0852  val_auc=0.6828
22:34:05 | INFO    |   [random] fold 1 epoch 12  train_loss=0.0671  val_auc=0.6868
22:34:05 | INFO    |   [random] fold 1 epoch 13  train_loss=0.0522  val_auc=0.6887
22:34:05 | INFO    |   [random] fold 1 epoch 14  train_loss=0.0403  val_auc=0.6937
22:34:05 | INFO    |   [random] fold 1 epoch 15  train_loss=0.0312  val_auc=0.6917
22:34:06 | INFO    |   [random] fold 1 epoch 16  train_loss=0.0242  val_auc=0.6907
22:34:06 | INFO    |   [random] fold 1 epoch 17  train_loss=0.0188  val_auc=0.6907
22:34:06 | INFO    |   [random] fold 1 epoch 18  train_loss=0.0146  val_auc=0.6907
22:34:06 | INFO    |   [random] fold 1 epoch 19  train_loss=0.0114  val_auc=0.6947
22:34:06 | INFO    |   [random] fold 1 epoch 20  train_loss=0.0089  val_auc=0.6986
22:34:07 | INFO    |   [random] fold 1 epoch 21  train_loss=0.0070  val_auc=0.7026
22:34:07 | INFO    |   [random] fold 1 epoch 22  train_loss=0.0056  val_auc=0.7075
22:34:07 | INFO    |   [random] fold 1 epoch 23  train_loss=0.0046  val_auc=0.7055
22:34:07 | INFO    |   [random] fold 1 epoch 24  train_loss=0.0037  val_auc=0.7095
22:34:08 | INFO    |   [random] fold 1 epoch 25  train_loss=0.0031  val_auc=0.7085
22:34:08 | INFO    |   [random] fold 1 epoch 26  train_loss=0.0026  val_auc=0.7045
22:34:08 | INFO    |   [random] fold 1 epoch 27  train_loss=0.0023  val_auc=0.7055
22:34:08 | INFO    |   [random] fold 1 epoch 28  train_loss=0.0020  val_auc=0.7055
22:34:09 | INFO    |   [random] fold 1 epoch 29  train_loss=0.0017  val_auc=0.7036
22:34:09 | INFO    |   [random] fold 2 epoch 0  train_loss=0.3976  val_auc=0.6558
22:34:10 | INFO    |   [random] fold 2 epoch 1  train_loss=0.3521  val_auc=0.7020
22:34:10 | INFO    |   [random] fold 2 epoch 2  train_loss=0.3087  val_auc=0.6848
22:34:10 | INFO    |   [random] fold 2 epoch 3  train_loss=0.2702  val_auc=0.6748
22:34:10 | INFO    |   [random] fold 2 epoch 4  train_loss=0.2389  val_auc=0.6612
22:34:10 | INFO    |   [random] fold 2 epoch 5  train_loss=0.2063  val_auc=0.6486
22:34:11 | INFO    |   [random] fold 2 epoch 6  train_loss=0.1771  val_auc=0.6422
22:34:11 | INFO    |   [random] fold 2 epoch 7  train_loss=0.1512  val_auc=0.6395
22:34:11 | INFO    |   [random] fold 2 epoch 8  train_loss=0.1271  val_auc=0.6341
22:34:11 | INFO    |   [random] fold 2 early stop @ epoch 8
22:34:12 | INFO    |   [random] fold 3 epoch 0  train_loss=0.4939  val_auc=0.3953
22:34:12 | INFO    |   [random] fold 3 epoch 1  train_loss=0.4364  val_auc=0.3953
22:34:12 | INFO    |   [random] fold 3 epoch 2  train_loss=0.3831  val_auc=0.4044
22:34:12 | INFO    |   [random] fold 3 epoch 3  train_loss=0.3412  val_auc=0.4055
22:34:13 | INFO    |   [random] fold 3 epoch 4  train_loss=0.3041  val_auc=0.4065
22:34:13 | INFO    |   [random] fold 3 epoch 5  train_loss=0.2676  val_auc=0.4105
22:34:13 | INFO    |   [random] fold 3 epoch 6  train_loss=0.2341  val_auc=0.4105
22:34:13 | INFO    |   [random] fold 3 epoch 7  train_loss=0.2033  val_auc=0.4024
22:34:13 | INFO    |   [random] fold 3 epoch 8  train_loss=0.1748  val_auc=0.3984
22:34:14 | INFO    |   [random] fold 3 epoch 9  train_loss=0.1500  val_auc=0.3974
22:34:14 | INFO    |   [random] fold 3 epoch 10  train_loss=0.1287  val_auc=0.4004
22:34:14 | INFO    |   [random] fold 3 epoch 11  train_loss=0.1103  val_auc=0.3974
22:34:14 | INFO    |   [random] fold 3 epoch 12  train_loss=0.0955  val_auc=0.3943
22:34:14 | INFO    |   [random] fold 3 early stop @ epoch 12
22:34:15 | INFO    |   [random] fold 4 epoch 0  train_loss=0.4938  val_auc=0.5834
22:34:15 | INFO    |   [random] fold 4 epoch 1  train_loss=0.4474  val_auc=0.5642
22:34:15 | INFO    |   [random] fold 4 epoch 2  train_loss=0.4032  val_auc=0.5642
22:34:16 | INFO    |   [random] fold 4 epoch 3  train_loss=0.3690  val_auc=0.5733
22:34:16 | INFO    |   [random] fold 4 epoch 4  train_loss=0.3357  val_auc=0.5612
22:34:16 | INFO    |   [random] fold 4 epoch 5  train_loss=0.3065  val_auc=0.5490
22:34:16 | INFO    |   [random] fold 4 epoch 6  train_loss=0.2770  val_auc=0.5389
22:34:16 | INFO    |   [random] fold 4 epoch 7  train_loss=0.2505  val_auc=0.5308
22:34:16 | INFO    |   [random] fold 4 early stop @ epoch 7
22:34:17 | INFO    | [seed 1337][frac 0.10][random] n_train_pac=13  OOF AUROC=0.5217
22:34:17 | INFO    |   [radimagenet] fold 0 epoch 0  train_loss=0.4896  val_auc=0.4901
22:34:18 | INFO    |   [radimagenet] fold 0 epoch 1  train_loss=0.4671  val_auc=0.4773
22:34:18 | INFO    |   [radimagenet] fold 0 epoch 2  train_loss=0.4708  val_auc=0.4111
22:34:18 | INFO    |   [radimagenet] fold 0 epoch 3  train_loss=0.4609  val_auc=0.3488
22:34:19 | INFO    |   [radimagenet] fold 0 epoch 4  train_loss=0.4551  val_auc=0.3498
22:34:19 | INFO    |   [radimagenet] fold 0 epoch 5  train_loss=0.4382  val_auc=0.4298
22:34:20 | INFO    |   [radimagenet] fold 0 epoch 6  train_loss=0.4123  val_auc=0.5089
22:34:20 | INFO    |   [radimagenet] fold 0 epoch 7  train_loss=0.3874  val_auc=0.5049
22:34:20 | INFO    |   [radimagenet] fold 0 epoch 8  train_loss=0.3815  val_auc=0.5227
22:34:21 | INFO    |   [radimagenet] fold 0 epoch 9  train_loss=0.3565  val_auc=0.5109
22:34:21 | INFO    |   [radimagenet] fold 0 epoch 10  train_loss=0.3450  val_auc=0.5148
22:34:22 | INFO    |   [radimagenet] fold 0 epoch 11  train_loss=0.3249  val_auc=0.5168
22:34:22 | INFO    |   [radimagenet] fold 0 epoch 12  train_loss=0.3009  val_auc=0.5257
22:34:22 | INFO    |   [radimagenet] fold 0 epoch 13  train_loss=0.2718  val_auc=0.5306
22:34:23 | INFO    |   [radimagenet] fold 0 epoch 14  train_loss=0.2425  val_auc=0.5484
22:34:23 | INFO    |   [radimagenet] fold 0 epoch 15  train_loss=0.2308  val_auc=0.5652
22:34:23 | INFO    |   [radimagenet] fold 0 epoch 16  train_loss=0.2245  val_auc=0.5652
22:34:24 | INFO    |   [radimagenet] fold 0 epoch 17  train_loss=0.1951  val_auc=0.5287
22:34:24 | INFO    |   [radimagenet] fold 0 epoch 18  train_loss=0.2043  val_auc=0.5257
22:34:25 | INFO    |   [radimagenet] fold 0 epoch 19  train_loss=0.1725  val_auc=0.5583
22:34:25 | INFO    |   [radimagenet] fold 0 epoch 20  train_loss=0.1640  val_auc=0.5464
22:34:25 | INFO    |   [radimagenet] fold 0 epoch 21  train_loss=0.1363  val_auc=0.5484
22:34:26 | INFO    |   [radimagenet] fold 0 epoch 22  train_loss=0.0993  val_auc=0.5573
22:34:26 | INFO    |   [radimagenet] fold 0 early stop @ epoch 22
22:34:27 | INFO    |   [radimagenet] fold 1 epoch 0  train_loss=0.4724  val_auc=0.3389
22:34:27 | INFO    |   [radimagenet] fold 1 epoch 1  train_loss=0.4568  val_auc=0.4338
22:34:27 | INFO    |   [radimagenet] fold 1 epoch 2  train_loss=0.4525  val_auc=0.4279
22:34:28 | INFO    |   [radimagenet] fold 1 epoch 3  train_loss=0.4337  val_auc=0.4308
22:34:28 | INFO    |   [radimagenet] fold 1 epoch 4  train_loss=0.4176  val_auc=0.4496
22:34:28 | INFO    |   [radimagenet] fold 1 epoch 5  train_loss=0.4006  val_auc=0.4545
22:34:29 | INFO    |   [radimagenet] fold 1 epoch 6  train_loss=0.3884  val_auc=0.4862
22:34:29 | INFO    |   [radimagenet] fold 1 epoch 7  train_loss=0.3710  val_auc=0.5257
22:34:30 | INFO    |   [radimagenet] fold 1 epoch 8  train_loss=0.3672  val_auc=0.5138
22:34:30 | INFO    |   [radimagenet] fold 1 epoch 9  train_loss=0.3566  val_auc=0.5217
22:34:31 | INFO    |   [radimagenet] fold 1 epoch 10  train_loss=0.3223  val_auc=0.5455
22:34:31 | INFO    |   [radimagenet] fold 1 epoch 11  train_loss=0.3204  val_auc=0.5534
22:34:31 | INFO    |   [radimagenet] fold 1 epoch 12  train_loss=0.2964  val_auc=0.5593
22:34:32 | INFO    |   [radimagenet] fold 1 epoch 13  train_loss=0.2696  val_auc=0.5563
22:34:32 | INFO    |   [radimagenet] fold 1 epoch 14  train_loss=0.2573  val_auc=0.5148
22:34:33 | INFO    |   [radimagenet] fold 1 epoch 15  train_loss=0.2179  val_auc=0.5445
22:34:33 | INFO    |   [radimagenet] fold 1 epoch 16  train_loss=0.2116  val_auc=0.5494
22:34:33 | INFO    |   [radimagenet] fold 1 epoch 17  train_loss=0.2047  val_auc=0.5652
22:34:34 | INFO    |   [radimagenet] fold 1 epoch 18  train_loss=0.1930  val_auc=0.5860
22:34:34 | INFO    |   [radimagenet] fold 1 epoch 19  train_loss=0.1566  val_auc=0.5573
22:34:34 | INFO    |   [radimagenet] fold 1 epoch 20  train_loss=0.1396  val_auc=0.5504
22:34:35 | INFO    |   [radimagenet] fold 1 epoch 21  train_loss=0.1276  val_auc=0.5445
22:34:35 | INFO    |   [radimagenet] fold 1 epoch 22  train_loss=0.1538  val_auc=0.5909
22:34:36 | INFO    |   [radimagenet] fold 1 epoch 23  train_loss=0.1176  val_auc=0.5711
22:34:36 | INFO    |   [radimagenet] fold 1 epoch 24  train_loss=0.0950  val_auc=0.5860
22:34:36 | INFO    |   [radimagenet] fold 1 epoch 25  train_loss=0.0892  val_auc=0.6057
22:34:37 | INFO    |   [radimagenet] fold 1 epoch 26  train_loss=0.0896  val_auc=0.6018
22:34:37 | INFO    |   [radimagenet] fold 1 epoch 27  train_loss=0.0872  val_auc=0.6018
22:34:37 | INFO    |   [radimagenet] fold 1 epoch 28  train_loss=0.0788  val_auc=0.5919
22:34:38 | INFO    |   [radimagenet] fold 1 epoch 29  train_loss=0.0658  val_auc=0.5879
22:34:39 | INFO    |   [radimagenet] fold 2 epoch 0  train_loss=0.4487  val_auc=0.4049
22:34:39 | INFO    |   [radimagenet] fold 2 epoch 1  train_loss=0.4309  val_auc=0.6078
22:34:39 | INFO    |   [radimagenet] fold 2 epoch 2  train_loss=0.4172  val_auc=0.6033
22:34:40 | INFO    |   [radimagenet] fold 2 epoch 3  train_loss=0.3982  val_auc=0.6150
22:34:40 | INFO    |   [radimagenet] fold 2 epoch 4  train_loss=0.3837  val_auc=0.5734
22:34:41 | INFO    |   [radimagenet] fold 2 epoch 5  train_loss=0.3609  val_auc=0.5987
22:34:41 | INFO    |   [radimagenet] fold 2 epoch 6  train_loss=0.3476  val_auc=0.6322
22:34:41 | INFO    |   [radimagenet] fold 2 epoch 7  train_loss=0.3212  val_auc=0.6639
22:34:42 | INFO    |   [radimagenet] fold 2 epoch 8  train_loss=0.3008  val_auc=0.7364
22:34:42 | INFO    |   [radimagenet] fold 2 epoch 9  train_loss=0.2812  val_auc=0.7047
22:34:42 | INFO    |   [radimagenet] fold 2 epoch 10  train_loss=0.2534  val_auc=0.7083
22:34:43 | INFO    |   [radimagenet] fold 2 epoch 11  train_loss=0.2417  val_auc=0.7292
22:34:43 | INFO    |   [radimagenet] fold 2 epoch 12  train_loss=0.2218  val_auc=0.7382
22:34:43 | INFO    |   [radimagenet] fold 2 epoch 13  train_loss=0.1943  val_auc=0.7382
22:34:44 | INFO    |   [radimagenet] fold 2 epoch 14  train_loss=0.1814  val_auc=0.7328
22:34:44 | INFO    |   [radimagenet] fold 2 epoch 15  train_loss=0.1761  val_auc=0.7210
22:34:44 | INFO    |   [radimagenet] fold 2 epoch 16  train_loss=0.1349  val_auc=0.7283
22:34:45 | INFO    |   [radimagenet] fold 2 epoch 17  train_loss=0.1230  val_auc=0.7210
22:34:45 | INFO    |   [radimagenet] fold 2 epoch 18  train_loss=0.1034  val_auc=0.7120
22:34:45 | INFO    |   [radimagenet] fold 2 epoch 19  train_loss=0.1047  val_auc=0.7192
22:34:46 | INFO    |   [radimagenet] fold 2 epoch 20  train_loss=0.0820  val_auc=0.7219
22:34:46 | INFO    |   [radimagenet] fold 2 early stop @ epoch 20
22:34:47 | INFO    |   [radimagenet] fold 3 epoch 0  train_loss=0.5610  val_auc=0.5925
22:34:47 | INFO    |   [radimagenet] fold 3 epoch 1  train_loss=0.5369  val_auc=0.5713
22:34:47 | INFO    |   [radimagenet] fold 3 epoch 2  train_loss=0.5328  val_auc=0.5632
22:34:48 | INFO    |   [radimagenet] fold 3 epoch 3  train_loss=0.5221  val_auc=0.6158
22:34:48 | INFO    |   [radimagenet] fold 3 epoch 4  train_loss=0.5007  val_auc=0.5996
22:34:49 | INFO    |   [radimagenet] fold 3 epoch 5  train_loss=0.4904  val_auc=0.5622
22:34:49 | INFO    |   [radimagenet] fold 3 epoch 6  train_loss=0.4788  val_auc=0.5187
22:34:49 | INFO    |   [radimagenet] fold 3 epoch 7  train_loss=0.4594  val_auc=0.5319
22:34:50 | INFO    |   [radimagenet] fold 3 epoch 8  train_loss=0.4507  val_auc=0.5511
22:34:50 | INFO    |   [radimagenet] fold 3 epoch 9  train_loss=0.4365  val_auc=0.6350
22:34:51 | INFO    |   [radimagenet] fold 3 epoch 10  train_loss=0.4195  val_auc=0.6360
22:34:51 | INFO    |   [radimagenet] fold 3 epoch 11  train_loss=0.3892  val_auc=0.6269
22:34:51 | INFO    |   [radimagenet] fold 3 epoch 12  train_loss=0.3738  val_auc=0.6097
22:34:52 | INFO    |   [radimagenet] fold 3 epoch 13  train_loss=0.3373  val_auc=0.6036
22:34:52 | INFO    |   [radimagenet] fold 3 epoch 14  train_loss=0.3123  val_auc=0.5561
22:34:53 | INFO    |   [radimagenet] fold 3 epoch 15  train_loss=0.2959  val_auc=0.5349
22:34:53 | INFO    |   [radimagenet] fold 3 epoch 16  train_loss=0.2705  val_auc=0.6218
22:34:53 | INFO    |   [radimagenet] fold 3 epoch 17  train_loss=0.2488  val_auc=0.6360
22:34:53 | INFO    |   [radimagenet] fold 3 early stop @ epoch 17
22:34:54 | INFO    |   [radimagenet] fold 4 epoch 0  train_loss=0.5413  val_auc=0.4631
22:34:54 | INFO    |   [radimagenet] fold 4 epoch 1  train_loss=0.5261  val_auc=0.4651
22:34:55 | INFO    |   [radimagenet] fold 4 epoch 2  train_loss=0.5282  val_auc=0.5622
22:34:55 | INFO    |   [radimagenet] fold 4 epoch 3  train_loss=0.5026  val_auc=0.5288
22:34:55 | INFO    |   [radimagenet] fold 4 epoch 4  train_loss=0.4831  val_auc=0.4985
22:34:56 | INFO    |   [radimagenet] fold 4 epoch 5  train_loss=0.4714  val_auc=0.4843
22:34:56 | INFO    |   [radimagenet] fold 4 epoch 6  train_loss=0.4524  val_auc=0.5774
22:34:57 | INFO    |   [radimagenet] fold 4 epoch 7  train_loss=0.4362  val_auc=0.6148
22:34:57 | INFO    |   [radimagenet] fold 4 epoch 8  train_loss=0.4155  val_auc=0.6249
22:34:57 | INFO    |   [radimagenet] fold 4 epoch 9  train_loss=0.4037  val_auc=0.6107
22:34:58 | INFO    |   [radimagenet] fold 4 epoch 10  train_loss=0.3713  val_auc=0.6138
22:34:58 | INFO    |   [radimagenet] fold 4 epoch 11  train_loss=0.3459  val_auc=0.5956
22:34:58 | INFO    |   [radimagenet] fold 4 epoch 12  train_loss=0.3247  val_auc=0.5834
22:34:59 | INFO    |   [radimagenet] fold 4 epoch 13  train_loss=0.3019  val_auc=0.5672
22:34:59 | INFO    |   [radimagenet] fold 4 epoch 14  train_loss=0.2721  val_auc=0.5824
22:34:59 | INFO    |   [radimagenet] fold 4 epoch 15  train_loss=0.2508  val_auc=0.5875
22:34:59 | INFO    |   [radimagenet] fold 4 early stop @ epoch 15
22:35:00 | INFO    | [seed 1337][frac 0.25][radimagenet] n_train_pac=31  OOF AUROC=0.5780
22:35:00 | INFO    |   [imagenet] fold 0 epoch 0  train_loss=0.4838  val_auc=0.5958
22:35:01 | INFO    |   [imagenet] fold 0 epoch 1  train_loss=0.4700  val_auc=0.6097
22:35:01 | INFO    |   [imagenet] fold 0 epoch 2  train_loss=0.4644  val_auc=0.6077
22:35:02 | INFO    |   [imagenet] fold 0 epoch 3  train_loss=0.4554  val_auc=0.5326
22:35:02 | INFO    |   [imagenet] fold 0 epoch 4  train_loss=0.4515  val_auc=0.5020
22:35:02 | INFO    |   [imagenet] fold 0 epoch 5  train_loss=0.4432  val_auc=0.4901
22:35:03 | INFO    |   [imagenet] fold 0 epoch 6  train_loss=0.4292  val_auc=0.4625
22:35:03 | INFO    |   [imagenet] fold 0 epoch 7  train_loss=0.4210  val_auc=0.4753
22:35:03 | INFO    |   [imagenet] fold 0 epoch 8  train_loss=0.4124  val_auc=0.5316
22:35:03 | INFO    |   [imagenet] fold 0 early stop @ epoch 8
22:35:04 | INFO    |   [imagenet] fold 1 epoch 0  train_loss=0.4772  val_auc=0.6887
22:35:05 | INFO    |   [imagenet] fold 1 epoch 1  train_loss=0.4685  val_auc=0.7372
22:35:05 | INFO    |   [imagenet] fold 1 epoch 2  train_loss=0.4594  val_auc=0.6779
22:35:06 | INFO    |   [imagenet] fold 1 epoch 3  train_loss=0.4558  val_auc=0.6383
22:35:06 | INFO    |   [imagenet] fold 1 epoch 4  train_loss=0.4432  val_auc=0.6611
22:35:06 | INFO    |   [imagenet] fold 1 epoch 5  train_loss=0.4337  val_auc=0.6502
22:35:07 | INFO    |   [imagenet] fold 1 epoch 6  train_loss=0.4249  val_auc=0.6314
22:35:07 | INFO    |   [imagenet] fold 1 epoch 7  train_loss=0.4203  val_auc=0.5879
22:35:07 | INFO    |   [imagenet] fold 1 epoch 8  train_loss=0.4083  val_auc=0.6245
22:35:07 | INFO    |   [imagenet] fold 1 early stop @ epoch 8
22:35:09 | INFO    |   [imagenet] fold 2 epoch 0  train_loss=0.4544  val_auc=0.7020
22:35:09 | INFO    |   [imagenet] fold 2 epoch 1  train_loss=0.4415  val_auc=0.6268
22:35:09 | INFO    |   [imagenet] fold 2 epoch 2  train_loss=0.4324  val_auc=0.6658
22:35:10 | INFO    |   [imagenet] fold 2 epoch 3  train_loss=0.4217  val_auc=0.6540
22:35:10 | INFO    |   [imagenet] fold 2 epoch 4  train_loss=0.4084  val_auc=0.5761
22:35:10 | INFO    |   [imagenet] fold 2 epoch 5  train_loss=0.3888  val_auc=0.5190
22:35:11 | INFO    |   [imagenet] fold 2 epoch 6  train_loss=0.3733  val_auc=0.5281
22:35:11 | INFO    |   [imagenet] fold 2 epoch 7  train_loss=0.3572  val_auc=0.5199
22:35:11 | INFO    |   [imagenet] fold 2 early stop @ epoch 7
22:35:13 | INFO    |   [imagenet] fold 3 epoch 0  train_loss=0.5461  val_auc=0.5784
22:35:13 | INFO    |   [imagenet] fold 3 epoch 1  train_loss=0.5362  val_auc=0.5389
22:35:13 | INFO    |   [imagenet] fold 3 epoch 2  train_loss=0.5314  val_auc=0.3802
22:35:14 | INFO    |   [imagenet] fold 3 epoch 3  train_loss=0.5241  val_auc=0.3883
22:35:14 | INFO    |   [imagenet] fold 3 epoch 4  train_loss=0.5205  val_auc=0.3498
22:35:14 | INFO    |   [imagenet] fold 3 epoch 5  train_loss=0.5130  val_auc=0.3610
22:35:15 | INFO    |   [imagenet] fold 3 epoch 6  train_loss=0.4992  val_auc=0.3893
22:35:15 | INFO    |   [imagenet] fold 3 epoch 7  train_loss=0.4887  val_auc=0.4156
22:35:15 | INFO    |   [imagenet] fold 3 early stop @ epoch 7
22:35:16 | INFO    |   [imagenet] fold 4 epoch 0  train_loss=0.5361  val_auc=0.5804
22:35:17 | INFO    |   [imagenet] fold 4 epoch 1  train_loss=0.5257  val_auc=0.5703
22:35:17 | INFO    |   [imagenet] fold 4 epoch 2  train_loss=0.5198  val_auc=0.5379
22:35:17 | INFO    |   [imagenet] fold 4 epoch 3  train_loss=0.5082  val_auc=0.5025
22:35:18 | INFO    |   [imagenet] fold 4 epoch 4  train_loss=0.4988  val_auc=0.4499
22:35:18 | INFO    |   [imagenet] fold 4 epoch 5  train_loss=0.4818  val_auc=0.4348
22:35:18 | INFO    |   [imagenet] fold 4 epoch 6  train_loss=0.4653  val_auc=0.4176
22:35:19 | INFO    |   [imagenet] fold 4 epoch 7  train_loss=0.4544  val_auc=0.4712
22:35:19 | INFO    |   [imagenet] fold 4 early stop @ epoch 7
22:35:19 | INFO    | [seed 1337][frac 0.25][imagenet] n_train_pac=31  OOF AUROC=0.5152
22:35:19 | INFO    |   [random] fold 0 epoch 0  train_loss=0.4956  val_auc=0.5000
22:35:20 | INFO    |   [random] fold 0 epoch 1  train_loss=0.4433  val_auc=0.5109
22:35:20 | INFO    |   [random] fold 0 epoch 2  train_loss=0.4318  val_auc=0.5287
22:35:21 | INFO    |   [random] fold 0 epoch 3  train_loss=0.3998  val_auc=0.5751
22:35:21 | INFO    |   [random] fold 0 epoch 4  train_loss=0.3704  val_auc=0.5909
22:35:21 | INFO    |   [random] fold 0 epoch 5  train_loss=0.3539  val_auc=0.5939
22:35:22 | INFO    |   [random] fold 0 epoch 6  train_loss=0.3258  val_auc=0.5662
22:35:22 | INFO    |   [random] fold 0 epoch 7  train_loss=0.2970  val_auc=0.5435
22:35:23 | INFO    |   [random] fold 0 epoch 8  train_loss=0.2857  val_auc=0.5346
22:35:23 | INFO    |   [random] fold 0 epoch 9  train_loss=0.2606  val_auc=0.5356
22:35:23 | INFO    |   [random] fold 0 epoch 10  train_loss=0.2622  val_auc=0.5227
22:35:24 | INFO    |   [random] fold 0 epoch 11  train_loss=0.2157  val_auc=0.5237
22:35:24 | INFO    |   [random] fold 0 epoch 12  train_loss=0.2054  val_auc=0.4615
22:35:24 | INFO    |   [random] fold 0 early stop @ epoch 12
22:35:25 | INFO    |   [random] fold 1 epoch 0  train_loss=0.4929  val_auc=0.3735
22:35:25 | INFO    |   [random] fold 1 epoch 1  train_loss=0.4301  val_auc=0.3962
22:35:26 | INFO    |   [random] fold 1 epoch 2  train_loss=0.4085  val_auc=0.4298
22:35:26 | INFO    |   [random] fold 1 epoch 3  train_loss=0.3894  val_auc=0.5751
22:35:26 | INFO    |   [random] fold 1 epoch 4  train_loss=0.3700  val_auc=0.6334
22:35:27 | INFO    |   [random] fold 1 epoch 5  train_loss=0.3632  val_auc=0.6670
22:35:27 | INFO    |   [random] fold 1 epoch 6  train_loss=0.3329  val_auc=0.6858
22:35:27 | INFO    |   [random] fold 1 epoch 7  train_loss=0.3109  val_auc=0.6779
22:35:28 | INFO    |   [random] fold 1 epoch 8  train_loss=0.3063  val_auc=0.6848
22:35:28 | INFO    |   [random] fold 1 epoch 9  train_loss=0.3171  val_auc=0.6887
22:35:29 | INFO    |   [random] fold 1 epoch 10  train_loss=0.2694  val_auc=0.6917
22:35:29 | INFO    |   [random] fold 1 epoch 11  train_loss=0.2523  val_auc=0.6927
22:35:29 | INFO    |   [random] fold 1 epoch 12  train_loss=0.2392  val_auc=0.6976
22:35:30 | INFO    |   [random] fold 1 epoch 13  train_loss=0.2306  val_auc=0.6996
22:35:30 | INFO    |   [random] fold 1 epoch 14  train_loss=0.2051  val_auc=0.6986
22:35:30 | INFO    |   [random] fold 1 epoch 15  train_loss=0.1861  val_auc=0.6986
22:35:31 | INFO    |   [random] fold 1 epoch 16  train_loss=0.2040  val_auc=0.6769
22:35:31 | INFO    |   [random] fold 1 epoch 17  train_loss=0.1960  val_auc=0.5909
22:35:32 | INFO    |   [random] fold 1 epoch 18  train_loss=0.1726  val_auc=0.6077
22:35:32 | INFO    |   [random] fold 1 epoch 19  train_loss=0.1401  val_auc=0.6986
22:35:33 | INFO    |   [random] fold 1 epoch 20  train_loss=0.1175  val_auc=0.6858
22:35:33 | INFO    |   [random] fold 1 early stop @ epoch 20
22:35:33 | INFO    |   [random] fold 2 epoch 0  train_loss=0.4611  val_auc=0.6812
22:35:34 | INFO    |   [random] fold 2 epoch 1  train_loss=0.4102  val_auc=0.6513
22:35:34 | INFO    |   [random] fold 2 epoch 2  train_loss=0.3740  val_auc=0.6404
22:35:35 | INFO    |   [random] fold 2 epoch 3  train_loss=0.3369  val_auc=0.6187
22:35:35 | INFO    |   [random] fold 2 epoch 4  train_loss=0.3180  val_auc=0.5924
22:35:35 | INFO    |   [random] fold 2 epoch 5  train_loss=0.2664  val_auc=0.6069
22:35:36 | INFO    |   [random] fold 2 epoch 6  train_loss=0.2381  val_auc=0.6014
22:35:36 | INFO    |   [random] fold 2 epoch 7  train_loss=0.2059  val_auc=0.5987
22:35:36 | INFO    |   [random] fold 2 early stop @ epoch 7
22:35:37 | INFO    |   [random] fold 3 epoch 0  train_loss=0.5566  val_auc=0.4388
22:35:37 | INFO    |   [random] fold 3 epoch 1  train_loss=0.5041  val_auc=0.5865
22:35:38 | INFO    |   [random] fold 3 epoch 2  train_loss=0.4928  val_auc=0.5865
22:35:38 | INFO    |   [random] fold 3 epoch 3  train_loss=0.4747  val_auc=0.5865
22:35:38 | INFO    |   [random] fold 3 epoch 4  train_loss=0.4386  val_auc=0.5743
22:35:39 | INFO    |   [random] fold 3 epoch 5  train_loss=0.4290  val_auc=0.5581
22:35:39 | INFO    |   [random] fold 3 epoch 6  train_loss=0.4197  val_auc=0.5389
22:35:39 | INFO    |   [random] fold 3 epoch 7  train_loss=0.3982  val_auc=0.4975
22:35:40 | INFO    |   [random] fold 3 epoch 8  train_loss=0.4099  val_auc=0.5025
22:35:40 | INFO    |   [random] fold 3 early stop @ epoch 8
22:35:41 | INFO    |   [random] fold 4 epoch 0  train_loss=0.5277  val_auc=0.6320
22:35:41 | INFO    |   [random] fold 4 epoch 1  train_loss=0.4791  val_auc=0.5238
22:35:41 | INFO    |   [random] fold 4 epoch 2  train_loss=0.4766  val_auc=0.4793
22:35:42 | INFO    |   [random] fold 4 epoch 3  train_loss=0.4162  val_auc=0.4732
22:35:42 | INFO    |   [random] fold 4 epoch 4  train_loss=0.3835  val_auc=0.4641
22:35:42 | INFO    |   [random] fold 4 epoch 5  train_loss=0.3651  val_auc=0.4560
22:35:43 | INFO    |   [random] fold 4 epoch 6  train_loss=0.3231  val_auc=0.4621
22:35:43 | INFO    |   [random] fold 4 epoch 7  train_loss=0.3063  val_auc=0.4560
22:35:43 | INFO    |   [random] fold 4 early stop @ epoch 7
22:35:43 | INFO    | [seed 1337][frac 0.25][random] n_train_pac=31  OOF AUROC=0.5142
22:35:44 | INFO    |   [radimagenet] fold 0 epoch 0  train_loss=0.4827  val_auc=0.4812
22:35:45 | INFO    |   [radimagenet] fold 0 epoch 1  train_loss=0.4712  val_auc=0.4743
22:35:45 | INFO    |   [radimagenet] fold 0 epoch 2  train_loss=0.4646  val_auc=0.4684
22:35:46 | INFO    |   [radimagenet] fold 0 epoch 3  train_loss=0.4616  val_auc=0.5573
22:35:47 | INFO    |   [radimagenet] fold 0 epoch 4  train_loss=0.4495  val_auc=0.5514
22:35:47 | INFO    |   [radimagenet] fold 0 epoch 5  train_loss=0.4476  val_auc=0.5830
22:35:48 | INFO    |   [radimagenet] fold 0 epoch 6  train_loss=0.4366  val_auc=0.5563
22:35:48 | INFO    |   [radimagenet] fold 0 epoch 7  train_loss=0.4196  val_auc=0.5534
22:35:49 | INFO    |   [radimagenet] fold 0 epoch 8  train_loss=0.4089  val_auc=0.5375
22:35:50 | INFO    |   [radimagenet] fold 0 epoch 9  train_loss=0.3855  val_auc=0.5257
22:35:50 | INFO    |   [radimagenet] fold 0 epoch 10  train_loss=0.3466  val_auc=0.5494
22:35:51 | INFO    |   [radimagenet] fold 0 epoch 11  train_loss=0.3179  val_auc=0.5366
22:35:52 | INFO    |   [radimagenet] fold 0 epoch 12  train_loss=0.2834  val_auc=0.5148
22:35:52 | INFO    |   [radimagenet] fold 0 early stop @ epoch 12
22:35:53 | INFO    |   [radimagenet] fold 1 epoch 0  train_loss=0.4647  val_auc=0.5484
22:35:54 | INFO    |   [radimagenet] fold 1 epoch 1  train_loss=0.4398  val_auc=0.4990
22:35:54 | INFO    |   [radimagenet] fold 1 epoch 2  train_loss=0.4330  val_auc=0.5632
22:35:55 | INFO    |   [radimagenet] fold 1 epoch 3  train_loss=0.4234  val_auc=0.6107
22:35:56 | INFO    |   [radimagenet] fold 1 epoch 4  train_loss=0.4131  val_auc=0.6571
22:35:56 | INFO    |   [radimagenet] fold 1 epoch 5  train_loss=0.3918  val_auc=0.7006
22:35:57 | INFO    |   [radimagenet] fold 1 epoch 6  train_loss=0.3771  val_auc=0.7026
22:35:58 | INFO    |   [radimagenet] fold 1 epoch 7  train_loss=0.3558  val_auc=0.7065
22:35:58 | INFO    |   [radimagenet] fold 1 epoch 8  train_loss=0.3277  val_auc=0.7055
22:35:59 | INFO    |   [radimagenet] fold 1 epoch 9  train_loss=0.2965  val_auc=0.7233
22:36:00 | INFO    |   [radimagenet] fold 1 epoch 10  train_loss=0.2695  val_auc=0.7115
22:36:00 | INFO    |   [radimagenet] fold 1 epoch 11  train_loss=0.2264  val_auc=0.7036
22:36:01 | INFO    |   [radimagenet] fold 1 epoch 12  train_loss=0.1903  val_auc=0.7312
22:36:02 | INFO    |   [radimagenet] fold 1 epoch 13  train_loss=0.1567  val_auc=0.7233
22:36:02 | INFO    |   [radimagenet] fold 1 epoch 14  train_loss=0.1158  val_auc=0.7223
22:36:03 | INFO    |   [radimagenet] fold 1 epoch 15  train_loss=0.0972  val_auc=0.7253
22:36:03 | INFO    |   [radimagenet] fold 1 epoch 16  train_loss=0.0750  val_auc=0.7125
22:36:04 | INFO    |   [radimagenet] fold 1 epoch 17  train_loss=0.0641  val_auc=0.7045
22:36:05 | INFO    |   [radimagenet] fold 1 epoch 18  train_loss=0.0569  val_auc=0.7194
22:36:05 | INFO    |   [radimagenet] fold 1 epoch 19  train_loss=0.0415  val_auc=0.7302
22:36:05 | INFO    |   [radimagenet] fold 1 early stop @ epoch 19
22:36:07 | INFO    |   [radimagenet] fold 2 epoch 0  train_loss=0.4841  val_auc=0.5842
22:36:07 | INFO    |   [radimagenet] fold 2 epoch 1  train_loss=0.4683  val_auc=0.5362
22:36:08 | INFO    |   [radimagenet] fold 2 epoch 2  train_loss=0.4441  val_auc=0.6703
22:36:08 | INFO    |   [radimagenet] fold 2 epoch 3  train_loss=0.4294  val_auc=0.7083
22:36:09 | INFO    |   [radimagenet] fold 2 epoch 4  train_loss=0.4041  val_auc=0.7210
22:36:10 | INFO    |   [radimagenet] fold 2 epoch 5  train_loss=0.3781  val_auc=0.7364
22:36:10 | INFO    |   [radimagenet] fold 2 epoch 6  train_loss=0.3537  val_auc=0.7446
22:36:11 | INFO    |   [radimagenet] fold 2 epoch 7  train_loss=0.3191  val_auc=0.7473
22:36:12 | INFO    |   [radimagenet] fold 2 epoch 8  train_loss=0.2861  val_auc=0.7627
22:36:12 | INFO    |   [radimagenet] fold 2 epoch 9  train_loss=0.2434  val_auc=0.7047
22:36:13 | INFO    |   [radimagenet] fold 2 epoch 10  train_loss=0.2464  val_auc=0.7038
22:36:14 | INFO    |   [radimagenet] fold 2 epoch 11  train_loss=0.1828  val_auc=0.7953
22:36:14 | INFO    |   [radimagenet] fold 2 epoch 12  train_loss=0.1427  val_auc=0.7971
22:36:15 | INFO    |   [radimagenet] fold 2 epoch 13  train_loss=0.1297  val_auc=0.7944
22:36:16 | INFO    |   [radimagenet] fold 2 epoch 14  train_loss=0.0916  val_auc=0.7428
22:36:16 | INFO    |   [radimagenet] fold 2 epoch 15  train_loss=0.0771  val_auc=0.7645
22:36:17 | INFO    |   [radimagenet] fold 2 epoch 16  train_loss=0.0663  val_auc=0.8098
22:36:18 | INFO    |   [radimagenet] fold 2 epoch 17  train_loss=0.0528  val_auc=0.7926
22:36:18 | INFO    |   [radimagenet] fold 2 epoch 18  train_loss=0.0478  val_auc=0.7391
22:36:19 | INFO    |   [radimagenet] fold 2 epoch 19  train_loss=0.0539  val_auc=0.7083
22:36:19 | INFO    |   [radimagenet] fold 2 epoch 20  train_loss=0.0387  val_auc=0.7582
22:36:20 | INFO    |   [radimagenet] fold 2 epoch 21  train_loss=0.0349  val_auc=0.7781
22:36:21 | INFO    |   [radimagenet] fold 2 epoch 22  train_loss=0.0294  val_auc=0.7962
22:36:21 | INFO    |   [radimagenet] fold 2 epoch 23  train_loss=0.0281  val_auc=0.7962
22:36:21 | INFO    |   [radimagenet] fold 2 early stop @ epoch 23
22:36:22 | INFO    |   [radimagenet] fold 3 epoch 0  train_loss=0.5425  val_auc=0.5531
22:36:23 | INFO    |   [radimagenet] fold 3 epoch 1  train_loss=0.5142  val_auc=0.6016
22:36:24 | INFO    |   [radimagenet] fold 3 epoch 2  train_loss=0.5144  val_auc=0.6340
22:36:24 | INFO    |   [radimagenet] fold 3 epoch 3  train_loss=0.5095  val_auc=0.6582
22:36:25 | INFO    |   [radimagenet] fold 3 epoch 4  train_loss=0.4977  val_auc=0.6825
22:36:26 | INFO    |   [radimagenet] fold 3 epoch 5  train_loss=0.4857  val_auc=0.6380
22:36:26 | INFO    |   [radimagenet] fold 3 epoch 6  train_loss=0.4688  val_auc=0.6977
22:36:27 | INFO    |   [radimagenet] fold 3 epoch 7  train_loss=0.4422  val_auc=0.7290
22:36:28 | INFO    |   [radimagenet] fold 3 epoch 8  train_loss=0.4133  val_auc=0.7290
22:36:28 | INFO    |   [radimagenet] fold 3 epoch 9  train_loss=0.3826  val_auc=0.7604
22:36:29 | INFO    |   [radimagenet] fold 3 epoch 10  train_loss=0.3516  val_auc=0.6835
22:36:29 | INFO    |   [radimagenet] fold 3 epoch 11  train_loss=0.3128  val_auc=0.7907
22:36:30 | INFO    |   [radimagenet] fold 3 epoch 12  train_loss=0.2692  val_auc=0.7816
22:36:31 | INFO    |   [radimagenet] fold 3 epoch 13  train_loss=0.2398  val_auc=0.7715
22:36:31 | INFO    |   [radimagenet] fold 3 epoch 14  train_loss=0.1968  val_auc=0.7887
22:36:32 | INFO    |   [radimagenet] fold 3 epoch 15  train_loss=0.1613  val_auc=0.7108
22:36:33 | INFO    |   [radimagenet] fold 3 epoch 16  train_loss=0.1310  val_auc=0.7310
22:36:33 | INFO    |   [radimagenet] fold 3 epoch 17  train_loss=0.1098  val_auc=0.7816
22:36:34 | INFO    |   [radimagenet] fold 3 epoch 18  train_loss=0.1050  val_auc=0.7725
22:36:34 | INFO    |   [radimagenet] fold 3 early stop @ epoch 18
22:36:35 | INFO    |   [radimagenet] fold 4 epoch 0  train_loss=0.4928  val_auc=0.5399
22:36:36 | INFO    |   [radimagenet] fold 4 epoch 1  train_loss=0.4788  val_auc=0.4712
22:36:36 | INFO    |   [radimagenet] fold 4 epoch 2  train_loss=0.4849  val_auc=0.5147
22:36:37 | INFO    |   [radimagenet] fold 4 epoch 3  train_loss=0.4764  val_auc=0.5046
22:36:38 | INFO    |   [radimagenet] fold 4 epoch 4  train_loss=0.4598  val_auc=0.5531
22:36:38 | INFO    |   [radimagenet] fold 4 epoch 5  train_loss=0.4516  val_auc=0.6249
22:36:39 | INFO    |   [radimagenet] fold 4 epoch 6  train_loss=0.4329  val_auc=0.6148
22:36:40 | INFO    |   [radimagenet] fold 4 epoch 7  train_loss=0.4349  val_auc=0.6269
22:36:40 | INFO    |   [radimagenet] fold 4 epoch 8  train_loss=0.4040  val_auc=0.6522
22:36:41 | INFO    |   [radimagenet] fold 4 epoch 9  train_loss=0.3920  val_auc=0.6390
22:36:41 | INFO    |   [radimagenet] fold 4 epoch 10  train_loss=0.3729  val_auc=0.5774
22:36:42 | INFO    |   [radimagenet] fold 4 epoch 11  train_loss=0.3589  val_auc=0.6552
22:36:43 | INFO    |   [radimagenet] fold 4 epoch 12  train_loss=0.3363  val_auc=0.6936
22:36:43 | INFO    |   [radimagenet] fold 4 epoch 13  train_loss=0.3091  val_auc=0.6835
22:36:44 | INFO    |   [radimagenet] fold 4 epoch 14  train_loss=0.2911  val_auc=0.7007
22:36:45 | INFO    |   [radimagenet] fold 4 epoch 15  train_loss=0.2895  val_auc=0.6906
22:36:45 | INFO    |   [radimagenet] fold 4 epoch 16  train_loss=0.2660  val_auc=0.7270
22:36:46 | INFO    |   [radimagenet] fold 4 epoch 17  train_loss=0.2215  val_auc=0.7058
22:36:46 | INFO    |   [radimagenet] fold 4 epoch 18  train_loss=0.1925  val_auc=0.7088
22:36:47 | INFO    |   [radimagenet] fold 4 epoch 19  train_loss=0.1786  val_auc=0.7108
22:36:48 | INFO    |   [radimagenet] fold 4 epoch 20  train_loss=0.1562  val_auc=0.7169
22:36:48 | INFO    |   [radimagenet] fold 4 epoch 21  train_loss=0.1348  val_auc=0.6896
22:36:49 | INFO    |   [radimagenet] fold 4 epoch 22  train_loss=0.1335  val_auc=0.7391
22:36:50 | INFO    |   [radimagenet] fold 4 epoch 23  train_loss=0.1151  val_auc=0.7462
22:36:50 | INFO    |   [radimagenet] fold 4 epoch 24  train_loss=0.0976  val_auc=0.7331
22:36:51 | INFO    |   [radimagenet] fold 4 epoch 25  train_loss=0.0910  val_auc=0.7128
22:36:51 | INFO    |   [radimagenet] fold 4 epoch 26  train_loss=0.0953  val_auc=0.7219
22:36:52 | INFO    |   [radimagenet] fold 4 epoch 27  train_loss=0.0852  val_auc=0.7371
22:36:53 | INFO    |   [radimagenet] fold 4 epoch 28  train_loss=0.0669  val_auc=0.7321
22:36:53 | INFO    |   [radimagenet] fold 4 epoch 29  train_loss=0.0677  val_auc=0.6967
22:36:53 | INFO    | [seed 1337][frac 0.50][radimagenet] n_train_pac=61  OOF AUROC=0.5905
22:36:55 | INFO    |   [imagenet] fold 0 epoch 0  train_loss=0.4762  val_auc=0.5761
22:36:56 | INFO    |   [imagenet] fold 0 epoch 1  train_loss=0.4715  val_auc=0.6680
22:36:56 | INFO    |   [imagenet] fold 0 epoch 2  train_loss=0.4638  val_auc=0.6453
22:36:57 | INFO    |   [imagenet] fold 0 epoch 3  train_loss=0.4570  val_auc=0.5958
22:36:58 | INFO    |   [imagenet] fold 0 epoch 4  train_loss=0.4475  val_auc=0.6067
22:36:58 | INFO    |   [imagenet] fold 0 epoch 5  train_loss=0.4315  val_auc=0.6472
22:36:59 | INFO    |   [imagenet] fold 0 epoch 6  train_loss=0.4235  val_auc=0.6383
22:37:00 | INFO    |   [imagenet] fold 0 epoch 7  train_loss=0.4040  val_auc=0.6354
22:37:00 | INFO    |   [imagenet] fold 0 epoch 8  train_loss=0.3810  val_auc=0.6097
22:37:00 | INFO    |   [imagenet] fold 0 early stop @ epoch 8
22:37:02 | INFO    |   [imagenet] fold 1 epoch 0  train_loss=0.4486  val_auc=0.7233
22:37:02 | INFO    |   [imagenet] fold 1 epoch 1  train_loss=0.4373  val_auc=0.7589
22:37:03 | INFO    |   [imagenet] fold 1 epoch 2  train_loss=0.4296  val_auc=0.7312
22:37:03 | INFO    |   [imagenet] fold 1 epoch 3  train_loss=0.4181  val_auc=0.7006
22:37:04 | INFO    |   [imagenet] fold 1 epoch 4  train_loss=0.4066  val_auc=0.7213
22:37:05 | INFO    |   [imagenet] fold 1 epoch 5  train_loss=0.3915  val_auc=0.7569
22:37:05 | INFO    |   [imagenet] fold 1 epoch 6  train_loss=0.3694  val_auc=0.6937
22:37:06 | INFO    |   [imagenet] fold 1 epoch 7  train_loss=0.3445  val_auc=0.6818
22:37:07 | INFO    |   [imagenet] fold 1 epoch 8  train_loss=0.3123  val_auc=0.6660
22:37:07 | INFO    |   [imagenet] fold 1 early stop @ epoch 8
22:37:08 | INFO    |   [imagenet] fold 2 epoch 0  train_loss=0.4828  val_auc=0.6685
22:37:09 | INFO    |   [imagenet] fold 2 epoch 1  train_loss=0.4739  val_auc=0.6359
22:37:09 | INFO    |   [imagenet] fold 2 epoch 2  train_loss=0.4654  val_auc=0.6639
22:37:10 | INFO    |   [imagenet] fold 2 epoch 3  train_loss=0.4494  val_auc=0.6476
22:37:11 | INFO    |   [imagenet] fold 2 epoch 4  train_loss=0.4374  val_auc=0.5516
22:37:11 | INFO    |   [imagenet] fold 2 epoch 5  train_loss=0.4247  val_auc=0.5281
22:37:12 | INFO    |   [imagenet] fold 2 epoch 6  train_loss=0.4006  val_auc=0.5942
22:37:13 | INFO    |   [imagenet] fold 2 epoch 7  train_loss=0.3803  val_auc=0.6377
22:37:13 | INFO    |   [imagenet] fold 2 early stop @ epoch 7
22:37:14 | INFO    |   [imagenet] fold 3 epoch 0  train_loss=0.5264  val_auc=0.4863
22:37:15 | INFO    |   [imagenet] fold 3 epoch 1  train_loss=0.5151  val_auc=0.5288
22:37:15 | INFO    |   [imagenet] fold 3 epoch 2  train_loss=0.5060  val_auc=0.5349
22:37:16 | INFO    |   [imagenet] fold 3 epoch 3  train_loss=0.4943  val_auc=0.5349
22:37:16 | INFO    |   [imagenet] fold 3 epoch 4  train_loss=0.4790  val_auc=0.4641
22:37:17 | INFO    |   [imagenet] fold 3 epoch 5  train_loss=0.4566  val_auc=0.4702
22:37:18 | INFO    |   [imagenet] fold 3 epoch 6  train_loss=0.4328  val_auc=0.4793
22:37:19 | INFO    |   [imagenet] fold 3 epoch 7  train_loss=0.4040  val_auc=0.4489
22:37:19 | INFO    |   [imagenet] fold 3 epoch 8  train_loss=0.3724  val_auc=0.5046
22:37:20 | INFO    |   [imagenet] fold 3 epoch 9  train_loss=0.3403  val_auc=0.5713
22:37:20 | INFO    |   [imagenet] fold 3 epoch 10  train_loss=0.2942  val_auc=0.6097
22:37:21 | INFO    |   [imagenet] fold 3 epoch 11  train_loss=0.2388  val_auc=0.6805
22:37:22 | INFO    |   [imagenet] fold 3 epoch 12  train_loss=0.2003  val_auc=0.6330
22:37:22 | INFO    |   [imagenet] fold 3 epoch 13  train_loss=0.1651  val_auc=0.6320
22:37:23 | INFO    |   [imagenet] fold 3 epoch 14  train_loss=0.1324  val_auc=0.6097
22:37:24 | INFO    |   [imagenet] fold 3 epoch 15  train_loss=0.1143  val_auc=0.6431
22:37:24 | INFO    |   [imagenet] fold 3 epoch 16  train_loss=0.0935  val_auc=0.6380
22:37:25 | INFO    |   [imagenet] fold 3 epoch 17  train_loss=0.0761  val_auc=0.6552
22:37:25 | INFO    |   [imagenet] fold 3 epoch 18  train_loss=0.0902  val_auc=0.6825
22:37:26 | INFO    |   [imagenet] fold 3 epoch 19  train_loss=0.0627  val_auc=0.7128
22:37:27 | INFO    |   [imagenet] fold 3 epoch 20  train_loss=0.0620  val_auc=0.6967
22:37:27 | INFO    |   [imagenet] fold 3 epoch 21  train_loss=0.0646  val_auc=0.6805
22:37:28 | INFO    |   [imagenet] fold 3 epoch 22  train_loss=0.0678  val_auc=0.7068
22:37:29 | INFO    |   [imagenet] fold 3 epoch 23  train_loss=0.0993  val_auc=0.6977
22:37:29 | INFO    |   [imagenet] fold 3 epoch 24  train_loss=0.0724  val_auc=0.6077
22:37:30 | INFO    |   [imagenet] fold 3 epoch 25  train_loss=0.0734  val_auc=0.5440
22:37:31 | INFO    |   [imagenet] fold 3 epoch 26  train_loss=0.0718  val_auc=0.4833
22:37:31 | INFO    |   [imagenet] fold 3 early stop @ epoch 26
22:37:32 | INFO    |   [imagenet] fold 4 epoch 0  train_loss=0.4819  val_auc=0.5571
22:37:32 | INFO    |   [imagenet] fold 4 epoch 1  train_loss=0.4748  val_auc=0.6694
22:37:33 | INFO    |   [imagenet] fold 4 epoch 2  train_loss=0.4683  val_auc=0.7007
22:37:34 | INFO    |   [imagenet] fold 4 epoch 3  train_loss=0.4660  val_auc=0.6330
22:37:34 | INFO    |   [imagenet] fold 4 epoch 4  train_loss=0.4565  val_auc=0.6218
22:37:35 | INFO    |   [imagenet] fold 4 epoch 5  train_loss=0.4496  val_auc=0.5713
22:37:36 | INFO    |   [imagenet] fold 4 epoch 6  train_loss=0.4418  val_auc=0.5612
22:37:36 | INFO    |   [imagenet] fold 4 epoch 7  train_loss=0.4365  val_auc=0.5935
22:37:37 | INFO    |   [imagenet] fold 4 epoch 8  train_loss=0.4204  val_auc=0.6117
22:37:37 | INFO    |   [imagenet] fold 4 epoch 9  train_loss=0.4065  val_auc=0.7199
22:37:38 | INFO    |   [imagenet] fold 4 epoch 10  train_loss=0.3838  val_auc=0.6916
22:37:39 | INFO    |   [imagenet] fold 4 epoch 11  train_loss=0.3700  val_auc=0.6977
22:37:40 | INFO    |   [imagenet] fold 4 epoch 12  train_loss=0.3383  val_auc=0.6491
22:37:40 | INFO    |   [imagenet] fold 4 epoch 13  train_loss=0.3221  val_auc=0.6057
22:37:41 | INFO    |   [imagenet] fold 4 epoch 14  train_loss=0.3002  val_auc=0.6663
22:37:41 | INFO    |   [imagenet] fold 4 epoch 15  train_loss=0.2753  val_auc=0.6522
22:37:42 | INFO    |   [imagenet] fold 4 epoch 16  train_loss=0.2494  val_auc=0.6775
22:37:42 | INFO    |   [imagenet] fold 4 early stop @ epoch 16
22:37:42 | INFO    | [seed 1337][frac 0.50][imagenet] n_train_pac=61  OOF AUROC=0.6433
22:37:43 | INFO    |   [random] fold 0 epoch 0  train_loss=0.4805  val_auc=0.5642
22:37:44 | INFO    |   [random] fold 0 epoch 1  train_loss=0.4456  val_auc=0.5267
22:37:44 | INFO    |   [random] fold 0 epoch 2  train_loss=0.4181  val_auc=0.5128
22:37:45 | INFO    |   [random] fold 0 epoch 3  train_loss=0.3833  val_auc=0.5138
22:37:46 | INFO    |   [random] fold 0 epoch 4  train_loss=0.3845  val_auc=0.5079
22:37:46 | INFO    |   [random] fold 0 epoch 5  train_loss=0.3466  val_auc=0.5287
22:37:47 | INFO    |   [random] fold 0 epoch 6  train_loss=0.3287  val_auc=0.5099
22:37:47 | INFO    |   [random] fold 0 epoch 7  train_loss=0.2940  val_auc=0.5623
22:37:47 | INFO    |   [random] fold 0 early stop @ epoch 7
22:37:48 | INFO    |   [random] fold 1 epoch 0  train_loss=0.4580  val_auc=0.4526
22:37:49 | INFO    |   [random] fold 1 epoch 1  train_loss=0.4071  val_auc=0.4911
22:37:50 | INFO    |   [random] fold 1 epoch 2  train_loss=0.3705  val_auc=0.7283
22:37:50 | INFO    |   [random] fold 1 epoch 3  train_loss=0.3346  val_auc=0.7164
22:37:51 | INFO    |   [random] fold 1 epoch 4  train_loss=0.3151  val_auc=0.6937
22:37:52 | INFO    |   [random] fold 1 epoch 5  train_loss=0.2942  val_auc=0.6996
22:37:52 | INFO    |   [random] fold 1 epoch 6  train_loss=0.2686  val_auc=0.6759
22:37:53 | INFO    |   [random] fold 1 epoch 7  train_loss=0.2256  val_auc=0.6719
22:37:54 | INFO    |   [random] fold 1 epoch 8  train_loss=0.2137  val_auc=0.6492
22:37:54 | INFO    |   [random] fold 1 epoch 9  train_loss=0.1861  val_auc=0.6571
22:37:54 | INFO    |   [random] fold 1 early stop @ epoch 9
22:37:55 | INFO    |   [random] fold 2 epoch 0  train_loss=0.4858  val_auc=0.6196
22:37:56 | INFO    |   [random] fold 2 epoch 1  train_loss=0.4398  val_auc=0.6558
22:37:57 | INFO    |   [random] fold 2 epoch 2  train_loss=0.4085  val_auc=0.6676
22:37:57 | INFO    |   [random] fold 2 epoch 3  train_loss=0.3789  val_auc=0.6495
22:37:58 | INFO    |   [random] fold 2 epoch 4  train_loss=0.3513  val_auc=0.6558
22:37:58 | INFO    |   [random] fold 2 epoch 5  train_loss=0.3156  val_auc=0.6123
22:37:59 | INFO    |   [random] fold 2 epoch 6  train_loss=0.2765  val_auc=0.5996
22:38:00 | INFO    |   [random] fold 2 epoch 7  train_loss=0.2596  val_auc=0.5806
22:38:01 | INFO    |   [random] fold 2 epoch 8  train_loss=0.2144  val_auc=0.5752
22:38:01 | INFO    |   [random] fold 2 epoch 9  train_loss=0.1898  val_auc=0.5027
22:38:01 | INFO    |   [random] fold 2 early stop @ epoch 9
22:38:02 | INFO    |   [random] fold 3 epoch 0  train_loss=0.5233  val_auc=0.4307
22:38:03 | INFO    |   [random] fold 3 epoch 1  train_loss=0.4803  val_auc=0.6168
22:38:04 | INFO    |   [random] fold 3 epoch 2  train_loss=0.4465  val_auc=0.6481
22:38:04 | INFO    |   [random] fold 3 epoch 3  train_loss=0.4277  val_auc=0.6623
22:38:05 | INFO    |   [random] fold 3 epoch 4  train_loss=0.3881  val_auc=0.6380
22:38:05 | INFO    |   [random] fold 3 epoch 5  train_loss=0.3853  val_auc=0.6036
22:38:06 | INFO    |   [random] fold 3 epoch 6  train_loss=0.3478  val_auc=0.5076
22:38:07 | INFO    |   [random] fold 3 epoch 7  train_loss=0.3162  val_auc=0.5753
22:38:07 | INFO    |   [random] fold 3 epoch 8  train_loss=0.2786  val_auc=0.5389
22:38:08 | INFO    |   [random] fold 3 epoch 9  train_loss=0.2640  val_auc=0.6390
22:38:09 | INFO    |   [random] fold 3 epoch 10  train_loss=0.2253  val_auc=0.5268
22:38:09 | INFO    |   [random] fold 3 early stop @ epoch 10
22:38:10 | INFO    |   [random] fold 4 epoch 0  train_loss=0.4927  val_auc=0.5652
22:38:10 | INFO    |   [random] fold 4 epoch 1  train_loss=0.4554  val_auc=0.5147
22:38:11 | INFO    |   [random] fold 4 epoch 2  train_loss=0.4435  val_auc=0.5167
22:38:12 | INFO    |   [random] fold 4 epoch 3  train_loss=0.4248  val_auc=0.5501
22:38:12 | INFO    |   [random] fold 4 epoch 4  train_loss=0.4082  val_auc=0.5450
22:38:13 | INFO    |   [random] fold 4 epoch 5  train_loss=0.3993  val_auc=0.5410
22:38:13 | INFO    |   [random] fold 4 epoch 6  train_loss=0.3629  val_auc=0.5804
22:38:14 | INFO    |   [random] fold 4 epoch 7  train_loss=0.3829  val_auc=0.5844
22:38:15 | INFO    |   [random] fold 4 epoch 8  train_loss=0.3427  val_auc=0.6411
22:38:15 | INFO    |   [random] fold 4 epoch 9  train_loss=0.3294  val_auc=0.6370
22:38:16 | INFO    |   [random] fold 4 epoch 10  train_loss=0.2819  val_auc=0.6684
22:38:16 | INFO    |   [random] fold 4 epoch 11  train_loss=0.2439  val_auc=0.6309
22:38:17 | INFO    |   [random] fold 4 epoch 12  train_loss=0.2267  val_auc=0.6269
22:38:18 | INFO    |   [random] fold 4 epoch 13  train_loss=0.1818  val_auc=0.6734
22:38:18 | INFO    |   [random] fold 4 epoch 14  train_loss=0.1571  val_auc=0.5885
22:38:19 | INFO    |   [random] fold 4 epoch 15  train_loss=0.1915  val_auc=0.6370
22:38:20 | INFO    |   [random] fold 4 epoch 16  train_loss=0.1589  val_auc=0.5652
22:38:21 | INFO    |   [random] fold 4 epoch 17  train_loss=0.1234  val_auc=0.5814
22:38:22 | INFO    |   [random] fold 4 epoch 18  train_loss=0.1380  val_auc=0.5905
22:38:22 | INFO    |   [random] fold 4 epoch 19  train_loss=0.1207  val_auc=0.6158
22:38:23 | INFO    |   [random] fold 4 epoch 20  train_loss=0.1016  val_auc=0.5329
22:38:23 | INFO    |   [random] fold 4 early stop @ epoch 20
22:38:23 | INFO    | [seed 1337][frac 0.50][random] n_train_pac=61  OOF AUROC=0.5113
22:38:24 | INFO    |   [radimagenet] fold 0 epoch 0  train_loss=0.4808  val_auc=0.5059
22:38:25 | INFO    |   [radimagenet] fold 0 epoch 1  train_loss=0.4651  val_auc=0.3409
22:38:27 | INFO    |   [radimagenet] fold 0 epoch 2  train_loss=0.4503  val_auc=0.4881
22:38:28 | INFO    |   [radimagenet] fold 0 epoch 3  train_loss=0.4359  val_auc=0.4723
22:38:29 | INFO    |   [radimagenet] fold 0 epoch 4  train_loss=0.4059  val_auc=0.5474
22:38:30 | INFO    |   [radimagenet] fold 0 epoch 5  train_loss=0.3763  val_auc=0.5445
22:38:31 | INFO    |   [radimagenet] fold 0 epoch 6  train_loss=0.3280  val_auc=0.5425
22:38:32 | INFO    |   [radimagenet] fold 0 epoch 7  train_loss=0.2886  val_auc=0.5731
22:38:33 | INFO    |   [radimagenet] fold 0 epoch 8  train_loss=0.2320  val_auc=0.5810
22:38:35 | INFO    |   [radimagenet] fold 0 epoch 9  train_loss=0.1817  val_auc=0.5494
22:38:36 | INFO    |   [radimagenet] fold 0 epoch 10  train_loss=0.1424  val_auc=0.5316
22:38:37 | INFO    |   [radimagenet] fold 0 epoch 11  train_loss=0.0921  val_auc=0.5603
22:38:38 | INFO    |   [radimagenet] fold 0 epoch 12  train_loss=0.0678  val_auc=0.5652
22:38:39 | INFO    |   [radimagenet] fold 0 epoch 13  train_loss=0.0582  val_auc=0.5573
22:38:40 | INFO    |   [radimagenet] fold 0 epoch 14  train_loss=0.0515  val_auc=0.5573
22:38:42 | INFO    |   [radimagenet] fold 0 epoch 15  train_loss=0.0384  val_auc=0.5494
22:38:42 | INFO    |   [radimagenet] fold 0 early stop @ epoch 15
22:38:43 | INFO    |   [radimagenet] fold 1 epoch 0  train_loss=0.4720  val_auc=0.5504
22:38:45 | INFO    |   [radimagenet] fold 1 epoch 1  train_loss=0.4647  val_auc=0.6601
22:38:46 | INFO    |   [radimagenet] fold 1 epoch 2  train_loss=0.4445  val_auc=0.7154
22:38:47 | INFO    |   [radimagenet] fold 1 epoch 3  train_loss=0.4206  val_auc=0.6877
22:38:48 | INFO    |   [radimagenet] fold 1 epoch 4  train_loss=0.3945  val_auc=0.6709
22:38:49 | INFO    |   [radimagenet] fold 1 epoch 5  train_loss=0.3641  val_auc=0.7263
22:38:50 | INFO    |   [radimagenet] fold 1 epoch 6  train_loss=0.3054  val_auc=0.7381
22:38:51 | INFO    |   [radimagenet] fold 1 epoch 7  train_loss=0.2625  val_auc=0.7589
22:38:53 | INFO    |   [radimagenet] fold 1 epoch 8  train_loss=0.2032  val_auc=0.7836
22:38:54 | INFO    |   [radimagenet] fold 1 epoch 9  train_loss=0.1455  val_auc=0.7055
22:38:55 | INFO    |   [radimagenet] fold 1 epoch 10  train_loss=0.1064  val_auc=0.7263
22:38:56 | INFO    |   [radimagenet] fold 1 epoch 11  train_loss=0.0721  val_auc=0.7411
22:38:57 | INFO    |   [radimagenet] fold 1 epoch 12  train_loss=0.0627  val_auc=0.7411
22:38:58 | INFO    |   [radimagenet] fold 1 epoch 13  train_loss=0.0428  val_auc=0.7342
22:38:59 | INFO    |   [radimagenet] fold 1 epoch 14  train_loss=0.0436  val_auc=0.7787
22:39:00 | INFO    |   [radimagenet] fold 1 epoch 15  train_loss=0.0339  val_auc=0.7500
22:39:00 | INFO    |   [radimagenet] fold 1 early stop @ epoch 15
22:39:02 | INFO    |   [radimagenet] fold 2 epoch 0  train_loss=0.4813  val_auc=0.5254
22:39:04 | INFO    |   [radimagenet] fold 2 epoch 1  train_loss=0.4676  val_auc=0.6676
22:39:05 | INFO    |   [radimagenet] fold 2 epoch 2  train_loss=0.4479  val_auc=0.7536
22:39:06 | INFO    |   [radimagenet] fold 2 epoch 3  train_loss=0.4299  val_auc=0.7609
22:39:07 | INFO    |   [radimagenet] fold 2 epoch 4  train_loss=0.4025  val_auc=0.7808
22:39:08 | INFO    |   [radimagenet] fold 2 epoch 5  train_loss=0.3679  val_auc=0.7228
22:39:09 | INFO    |   [radimagenet] fold 2 epoch 6  train_loss=0.3242  val_auc=0.8234
22:39:10 | INFO    |   [radimagenet] fold 2 epoch 7  train_loss=0.2732  val_auc=0.8361
22:39:12 | INFO    |   [radimagenet] fold 2 epoch 8  train_loss=0.2030  val_auc=0.8225
22:39:13 | INFO    |   [radimagenet] fold 2 epoch 9  train_loss=0.1450  val_auc=0.8125
22:39:14 | INFO    |   [radimagenet] fold 2 epoch 10  train_loss=0.1063  val_auc=0.8569
22:39:15 | INFO    |   [radimagenet] fold 2 epoch 11  train_loss=0.0823  val_auc=0.8487
22:39:16 | INFO    |   [radimagenet] fold 2 epoch 12  train_loss=0.0609  val_auc=0.7880
22:39:17 | INFO    |   [radimagenet] fold 2 epoch 13  train_loss=0.0522  val_auc=0.8288
22:39:19 | INFO    |   [radimagenet] fold 2 epoch 14  train_loss=0.0327  val_auc=0.8442
22:39:20 | INFO    |   [radimagenet] fold 2 epoch 15  train_loss=0.0293  val_auc=0.8306
22:39:21 | INFO    |   [radimagenet] fold 2 epoch 16  train_loss=0.0294  val_auc=0.8306
22:39:22 | INFO    |   [radimagenet] fold 2 epoch 17  train_loss=0.0248  val_auc=0.8071
22:39:22 | INFO    |   [radimagenet] fold 2 early stop @ epoch 17
22:39:24 | INFO    |   [radimagenet] fold 3 epoch 0  train_loss=0.4784  val_auc=0.5197
22:39:25 | INFO    |   [radimagenet] fold 3 epoch 1  train_loss=0.4640  val_auc=0.5450
22:39:27 | INFO    |   [radimagenet] fold 3 epoch 2  train_loss=0.4524  val_auc=0.6117
22:39:28 | INFO    |   [radimagenet] fold 3 epoch 3  train_loss=0.4419  val_auc=0.5672
22:39:29 | INFO    |   [radimagenet] fold 3 epoch 4  train_loss=0.4216  val_auc=0.5733
22:39:30 | INFO    |   [radimagenet] fold 3 epoch 5  train_loss=0.3912  val_auc=0.5915
22:39:31 | INFO    |   [radimagenet] fold 3 epoch 6  train_loss=0.3597  val_auc=0.6390
22:39:32 | INFO    |   [radimagenet] fold 3 epoch 7  train_loss=0.3139  val_auc=0.6107
22:39:33 | INFO    |   [radimagenet] fold 3 epoch 8  train_loss=0.2594  val_auc=0.6471
22:39:35 | INFO    |   [radimagenet] fold 3 epoch 9  train_loss=0.2052  val_auc=0.6653
22:39:36 | INFO    |   [radimagenet] fold 3 epoch 10  train_loss=0.1475  val_auc=0.6481
22:39:37 | INFO    |   [radimagenet] fold 3 epoch 11  train_loss=0.1077  val_auc=0.6249
22:39:38 | INFO    |   [radimagenet] fold 3 epoch 12  train_loss=0.0879  val_auc=0.6077
22:39:39 | INFO    |   [radimagenet] fold 3 epoch 13  train_loss=0.0625  val_auc=0.6825
22:39:40 | INFO    |   [radimagenet] fold 3 epoch 14  train_loss=0.0462  val_auc=0.6613
22:39:41 | INFO    |   [radimagenet] fold 3 epoch 15  train_loss=0.0434  val_auc=0.6552
22:39:43 | INFO    |   [radimagenet] fold 3 epoch 16  train_loss=0.0441  val_auc=0.6441
22:39:44 | INFO    |   [radimagenet] fold 3 epoch 17  train_loss=0.0397  val_auc=0.6269
22:39:45 | INFO    |   [radimagenet] fold 3 epoch 18  train_loss=0.0401  val_auc=0.6512
22:39:46 | INFO    |   [radimagenet] fold 3 epoch 19  train_loss=0.0297  val_auc=0.6815
22:39:47 | INFO    |   [radimagenet] fold 3 epoch 20  train_loss=0.0274  val_auc=0.6330
22:39:47 | INFO    |   [radimagenet] fold 3 early stop @ epoch 20
22:39:49 | INFO    |   [radimagenet] fold 4 epoch 0  train_loss=0.4851  val_auc=0.4975
22:39:50 | INFO    |   [radimagenet] fold 4 epoch 1  train_loss=0.4630  val_auc=0.5865
22:39:51 | INFO    |   [radimagenet] fold 4 epoch 2  train_loss=0.4504  val_auc=0.5652
22:39:52 | INFO    |   [radimagenet] fold 4 epoch 3  train_loss=0.4341  val_auc=0.5703
22:39:54 | INFO    |   [radimagenet] fold 4 epoch 4  train_loss=0.3964  val_auc=0.6340
22:39:55 | INFO    |   [radimagenet] fold 4 epoch 5  train_loss=0.3588  val_auc=0.6421
22:39:56 | INFO    |   [radimagenet] fold 4 epoch 6  train_loss=0.3112  val_auc=0.6855
22:39:57 | INFO    |   [radimagenet] fold 4 epoch 7  train_loss=0.2587  val_auc=0.7058
22:39:58 | INFO    |   [radimagenet] fold 4 epoch 8  train_loss=0.1900  val_auc=0.6896
22:39:59 | INFO    |   [radimagenet] fold 4 epoch 9  train_loss=0.1494  val_auc=0.7058
22:40:01 | INFO    |   [radimagenet] fold 4 epoch 10  train_loss=0.1022  val_auc=0.6855
22:40:02 | INFO    |   [radimagenet] fold 4 epoch 11  train_loss=0.0827  val_auc=0.6724
22:40:03 | INFO    |   [radimagenet] fold 4 epoch 12  train_loss=0.0592  val_auc=0.7058
22:40:04 | INFO    |   [radimagenet] fold 4 epoch 13  train_loss=0.0488  val_auc=0.7088
22:40:05 | INFO    |   [radimagenet] fold 4 epoch 14  train_loss=0.0422  val_auc=0.7280
22:40:07 | INFO    |   [radimagenet] fold 4 epoch 15  train_loss=0.0324  val_auc=0.7270
22:40:08 | INFO    |   [radimagenet] fold 4 epoch 16  train_loss=0.0300  val_auc=0.7017
22:40:09 | INFO    |   [radimagenet] fold 4 epoch 17  train_loss=0.0316  val_auc=0.6886
22:40:10 | INFO    |   [radimagenet] fold 4 epoch 18  train_loss=0.0271  val_auc=0.7037
22:40:11 | INFO    |   [radimagenet] fold 4 epoch 19  train_loss=0.0330  val_auc=0.7088
22:40:12 | INFO    |   [radimagenet] fold 4 epoch 20  train_loss=0.0278  val_auc=0.6785
22:40:13 | INFO    |   [radimagenet] fold 4 epoch 21  train_loss=0.0289  val_auc=0.6866
22:40:13 | INFO    |   [radimagenet] fold 4 early stop @ epoch 21
22:40:14 | INFO    | [seed 1337][frac 1.00][radimagenet] n_train_pac=122  OOF AUROC=0.6836
22:40:15 | INFO    |   [imagenet] fold 0 epoch 0  train_loss=0.4776  val_auc=0.6828
22:40:17 | INFO    |   [imagenet] fold 0 epoch 1  train_loss=0.4687  val_auc=0.5613
22:40:18 | INFO    |   [imagenet] fold 0 epoch 2  train_loss=0.4622  val_auc=0.5069
22:40:19 | INFO    |   [imagenet] fold 0 epoch 3  train_loss=0.4508  val_auc=0.5366
22:40:20 | INFO    |   [imagenet] fold 0 epoch 4  train_loss=0.4356  val_auc=0.5652
22:40:21 | INFO    |   [imagenet] fold 0 epoch 5  train_loss=0.4130  val_auc=0.6235
22:40:22 | INFO    |   [imagenet] fold 0 epoch 6  train_loss=0.3743  val_auc=0.5998
22:40:23 | INFO    |   [imagenet] fold 0 epoch 7  train_loss=0.3260  val_auc=0.5751
22:40:23 | INFO    |   [imagenet] fold 0 early stop @ epoch 7
22:40:25 | INFO    |   [imagenet] fold 1 epoch 0  train_loss=0.4732  val_auc=0.6749
22:40:27 | INFO    |   [imagenet] fold 1 epoch 1  train_loss=0.4678  val_auc=0.6759
22:40:28 | INFO    |   [imagenet] fold 1 epoch 2  train_loss=0.4594  val_auc=0.6294
22:40:29 | INFO    |   [imagenet] fold 1 epoch 3  train_loss=0.4478  val_auc=0.6848
22:40:30 | INFO    |   [imagenet] fold 1 epoch 4  train_loss=0.4249  val_auc=0.6887
22:40:31 | INFO    |   [imagenet] fold 1 epoch 5  train_loss=0.3868  val_auc=0.6808
22:40:32 | INFO    |   [imagenet] fold 1 epoch 6  train_loss=0.3418  val_auc=0.6621
22:40:34 | INFO    |   [imagenet] fold 1 epoch 7  train_loss=0.2661  val_auc=0.7717
22:40:35 | INFO    |   [imagenet] fold 1 epoch 8  train_loss=0.1889  val_auc=0.7352
22:40:36 | INFO    |   [imagenet] fold 1 epoch 9  train_loss=0.1373  val_auc=0.7194
22:40:37 | INFO    |   [imagenet] fold 1 epoch 10  train_loss=0.0901  val_auc=0.7204
22:40:38 | INFO    |   [imagenet] fold 1 epoch 11  train_loss=0.0544  val_auc=0.7470
22:40:39 | INFO    |   [imagenet] fold 1 epoch 12  train_loss=0.0342  val_auc=0.7609
22:40:40 | INFO    |   [imagenet] fold 1 epoch 13  train_loss=0.0638  val_auc=0.7668
22:40:42 | INFO    |   [imagenet] fold 1 epoch 14  train_loss=0.0660  val_auc=0.7747
22:40:43 | INFO    |   [imagenet] fold 1 epoch 15  train_loss=0.0291  val_auc=0.8063
22:40:44 | INFO    |   [imagenet] fold 1 epoch 16  train_loss=0.0569  val_auc=0.7490
22:40:45 | INFO    |   [imagenet] fold 1 epoch 17  train_loss=0.0253  val_auc=0.7915
22:40:46 | INFO    |   [imagenet] fold 1 epoch 18  train_loss=0.0310  val_auc=0.7569
22:40:47 | INFO    |   [imagenet] fold 1 epoch 19  train_loss=0.0250  val_auc=0.8113
22:40:49 | INFO    |   [imagenet] fold 1 epoch 20  train_loss=0.0329  val_auc=0.7767
22:40:50 | INFO    |   [imagenet] fold 1 epoch 21  train_loss=0.0200  val_auc=0.6571
22:40:51 | INFO    |   [imagenet] fold 1 epoch 22  train_loss=0.0146  val_auc=0.6611
22:40:52 | INFO    |   [imagenet] fold 1 epoch 23  train_loss=0.0112  val_auc=0.6670
22:40:53 | INFO    |   [imagenet] fold 1 epoch 24  train_loss=0.0121  val_auc=0.7263
22:40:54 | INFO    |   [imagenet] fold 1 epoch 25  train_loss=0.0131  val_auc=0.7698
22:40:55 | INFO    |   [imagenet] fold 1 epoch 26  train_loss=0.0072  val_auc=0.7549
22:40:55 | INFO    |   [imagenet] fold 1 early stop @ epoch 26
22:40:57 | INFO    |   [imagenet] fold 2 epoch 0  train_loss=0.4763  val_auc=0.5326
22:40:58 | INFO    |   [imagenet] fold 2 epoch 1  train_loss=0.4677  val_auc=0.6639
22:41:00 | INFO    |   [imagenet] fold 2 epoch 2  train_loss=0.4553  val_auc=0.6413
22:41:01 | INFO    |   [imagenet] fold 2 epoch 3  train_loss=0.4373  val_auc=0.6993
22:41:02 | INFO    |   [imagenet] fold 2 epoch 4  train_loss=0.4103  val_auc=0.6241
22:41:03 | INFO    |   [imagenet] fold 2 epoch 5  train_loss=0.3666  val_auc=0.7156
22:41:04 | INFO    |   [imagenet] fold 2 epoch 6  train_loss=0.3294  val_auc=0.7138
22:41:05 | INFO    |   [imagenet] fold 2 epoch 7  train_loss=0.2679  val_auc=0.7002
22:41:06 | INFO    |   [imagenet] fold 2 epoch 8  train_loss=0.2027  val_auc=0.7147
22:41:07 | INFO    |   [imagenet] fold 2 epoch 9  train_loss=0.1443  val_auc=0.7120
22:41:09 | INFO    |   [imagenet] fold 2 epoch 10  train_loss=0.1043  val_auc=0.7400
22:41:10 | INFO    |   [imagenet] fold 2 epoch 11  train_loss=0.0630  val_auc=0.7446
22:41:11 | INFO    |   [imagenet] fold 2 epoch 12  train_loss=0.0457  val_auc=0.6739
22:41:12 | INFO    |   [imagenet] fold 2 epoch 13  train_loss=0.0449  val_auc=0.7002
22:41:13 | INFO    |   [imagenet] fold 2 epoch 14  train_loss=0.0431  val_auc=0.6775
22:41:15 | INFO    |   [imagenet] fold 2 epoch 15  train_loss=0.0415  val_auc=0.6839
22:41:16 | INFO    |   [imagenet] fold 2 epoch 16  train_loss=0.0388  val_auc=0.6875
22:41:17 | INFO    |   [imagenet] fold 2 epoch 17  train_loss=0.0236  val_auc=0.7328
22:41:18 | INFO    |   [imagenet] fold 2 epoch 18  train_loss=0.0335  val_auc=0.7101
22:41:18 | INFO    |   [imagenet] fold 2 early stop @ epoch 18
22:41:20 | INFO    |   [imagenet] fold 3 epoch 0  train_loss=0.4730  val_auc=0.5359
22:41:21 | INFO    |   [imagenet] fold 3 epoch 1  train_loss=0.4646  val_auc=0.5288
22:41:22 | INFO    |   [imagenet] fold 3 epoch 2  train_loss=0.4555  val_auc=0.4408
22:41:23 | INFO    |   [imagenet] fold 3 epoch 3  train_loss=0.4403  val_auc=0.4034
22:41:25 | INFO    |   [imagenet] fold 3 epoch 4  train_loss=0.4182  val_auc=0.5683
22:41:26 | INFO    |   [imagenet] fold 3 epoch 5  train_loss=0.3823  val_auc=0.6724
22:41:27 | INFO    |   [imagenet] fold 3 epoch 6  train_loss=0.3195  val_auc=0.6754
22:41:28 | INFO    |   [imagenet] fold 3 epoch 7  train_loss=0.2343  val_auc=0.6653
22:41:29 | INFO    |   [imagenet] fold 3 epoch 8  train_loss=0.1596  val_auc=0.6279
22:41:31 | INFO    |   [imagenet] fold 3 epoch 9  train_loss=0.1045  val_auc=0.6643
22:41:32 | INFO    |   [imagenet] fold 3 epoch 10  train_loss=0.0818  val_auc=0.6249
22:41:33 | INFO    |   [imagenet] fold 3 epoch 11  train_loss=0.0586  val_auc=0.7007
22:41:34 | INFO    |   [imagenet] fold 3 epoch 12  train_loss=0.0462  val_auc=0.6512
22:41:35 | INFO    |   [imagenet] fold 3 epoch 13  train_loss=0.0386  val_auc=0.6067
22:41:36 | INFO    |   [imagenet] fold 3 epoch 14  train_loss=0.0467  val_auc=0.6117
22:41:37 | INFO    |   [imagenet] fold 3 epoch 15  train_loss=0.0412  val_auc=0.7088
22:41:39 | INFO    |   [imagenet] fold 3 epoch 16  train_loss=0.0428  val_auc=0.6532
22:41:40 | INFO    |   [imagenet] fold 3 epoch 17  train_loss=0.0311  val_auc=0.6582
22:41:41 | INFO    |   [imagenet] fold 3 epoch 18  train_loss=0.0384  val_auc=0.5056
22:41:42 | INFO    |   [imagenet] fold 3 epoch 19  train_loss=0.0274  val_auc=0.6148
22:41:43 | INFO    |   [imagenet] fold 3 epoch 20  train_loss=0.0462  val_auc=0.5298
22:41:44 | INFO    |   [imagenet] fold 3 epoch 21  train_loss=0.0624  val_auc=0.5470
22:41:46 | INFO    |   [imagenet] fold 3 epoch 22  train_loss=0.0570  val_auc=0.6471
22:41:46 | INFO    |   [imagenet] fold 3 early stop @ epoch 22
22:41:47 | INFO    |   [imagenet] fold 4 epoch 0  train_loss=0.4790  val_auc=0.4196
22:41:49 | INFO    |   [imagenet] fold 4 epoch 1  train_loss=0.4683  val_auc=0.4095
22:41:50 | INFO    |   [imagenet] fold 4 epoch 2  train_loss=0.4576  val_auc=0.6542
22:41:51 | INFO    |   [imagenet] fold 4 epoch 3  train_loss=0.4371  val_auc=0.6663
22:41:52 | INFO    |   [imagenet] fold 4 epoch 4  train_loss=0.4113  val_auc=0.6259
22:41:53 | INFO    |   [imagenet] fold 4 epoch 5  train_loss=0.3756  val_auc=0.6633
22:41:55 | INFO    |   [imagenet] fold 4 epoch 6  train_loss=0.3235  val_auc=0.6724
22:41:56 | INFO    |   [imagenet] fold 4 epoch 7  train_loss=0.2421  val_auc=0.6845
22:41:57 | INFO    |   [imagenet] fold 4 epoch 8  train_loss=0.1793  val_auc=0.6097
22:41:58 | INFO    |   [imagenet] fold 4 epoch 9  train_loss=0.1166  val_auc=0.6299
22:41:59 | INFO    |   [imagenet] fold 4 epoch 10  train_loss=0.0787  val_auc=0.6684
22:42:00 | INFO    |   [imagenet] fold 4 epoch 11  train_loss=0.0580  val_auc=0.6522
22:42:01 | INFO    |   [imagenet] fold 4 epoch 12  train_loss=0.0428  val_auc=0.6451
22:42:03 | INFO    |   [imagenet] fold 4 epoch 13  train_loss=0.0327  val_auc=0.6987
22:42:04 | INFO    |   [imagenet] fold 4 epoch 14  train_loss=0.0314  val_auc=0.7624
22:42:05 | INFO    |   [imagenet] fold 4 epoch 15  train_loss=0.0287  val_auc=0.7422
22:42:06 | INFO    |   [imagenet] fold 4 epoch 16  train_loss=0.0312  val_auc=0.6572
22:42:07 | INFO    |   [imagenet] fold 4 epoch 17  train_loss=0.0353  val_auc=0.6684
22:42:08 | INFO    |   [imagenet] fold 4 epoch 18  train_loss=0.0404  val_auc=0.6532
22:42:09 | INFO    |   [imagenet] fold 4 epoch 19  train_loss=0.0306  val_auc=0.5622
22:42:11 | INFO    |   [imagenet] fold 4 epoch 20  train_loss=0.0262  val_auc=0.5683
22:42:12 | INFO    |   [imagenet] fold 4 epoch 21  train_loss=0.0198  val_auc=0.6461
22:42:12 | INFO    |   [imagenet] fold 4 early stop @ epoch 21
22:42:12 | INFO    | [seed 1337][frac 1.00][imagenet] n_train_pac=122  OOF AUROC=0.6811
22:42:13 | INFO    |   [random] fold 0 epoch 0  train_loss=0.4819  val_auc=0.5178
22:42:15 | INFO    |   [random] fold 0 epoch 1  train_loss=0.4406  val_auc=0.5543
22:42:16 | INFO    |   [random] fold 0 epoch 2  train_loss=0.4169  val_auc=0.5613
22:42:17 | INFO    |   [random] fold 0 epoch 3  train_loss=0.4052  val_auc=0.4872
22:42:18 | INFO    |   [random] fold 0 epoch 4  train_loss=0.3690  val_auc=0.4753
22:42:19 | INFO    |   [random] fold 0 epoch 5  train_loss=0.3800  val_auc=0.4753
22:42:20 | INFO    |   [random] fold 0 epoch 6  train_loss=0.3332  val_auc=0.4832
22:42:21 | INFO    |   [random] fold 0 epoch 7  train_loss=0.3023  val_auc=0.4595
22:42:23 | INFO    |   [random] fold 0 epoch 8  train_loss=0.2865  val_auc=0.4466
22:42:24 | INFO    |   [random] fold 0 epoch 9  train_loss=0.2276  val_auc=0.4595
22:42:24 | INFO    |   [random] fold 0 early stop @ epoch 9
22:42:25 | INFO    |   [random] fold 1 epoch 0  train_loss=0.4820  val_auc=0.6877
22:42:26 | INFO    |   [random] fold 1 epoch 1  train_loss=0.4441  val_auc=0.6364
22:42:27 | INFO    |   [random] fold 1 epoch 2  train_loss=0.4124  val_auc=0.6314
22:42:29 | INFO    |   [random] fold 1 epoch 3  train_loss=0.3833  val_auc=0.6423
22:42:30 | INFO    |   [random] fold 1 epoch 4  train_loss=0.3607  val_auc=0.5850
22:42:31 | INFO    |   [random] fold 1 epoch 5  train_loss=0.3488  val_auc=0.5257
22:42:32 | INFO    |   [random] fold 1 epoch 6  train_loss=0.2970  val_auc=0.5464
22:42:33 | INFO    |   [random] fold 1 epoch 7  train_loss=0.2612  val_auc=0.6275
22:42:33 | INFO    |   [random] fold 1 early stop @ epoch 7
22:42:35 | INFO    |   [random] fold 2 epoch 0  train_loss=0.4745  val_auc=0.5136
22:42:36 | INFO    |   [random] fold 2 epoch 1  train_loss=0.4597  val_auc=0.6812
22:42:37 | INFO    |   [random] fold 2 epoch 2  train_loss=0.4220  val_auc=0.6857
22:42:38 | INFO    |   [random] fold 2 epoch 3  train_loss=0.4121  val_auc=0.6332
22:42:39 | INFO    |   [random] fold 2 epoch 4  train_loss=0.3789  val_auc=0.6042
22:42:41 | INFO    |   [random] fold 2 epoch 5  train_loss=0.3505  val_auc=0.6386
22:42:42 | INFO    |   [random] fold 2 epoch 6  train_loss=0.3142  val_auc=0.6386
22:42:43 | INFO    |   [random] fold 2 epoch 7  train_loss=0.2825  val_auc=0.6784
22:42:44 | INFO    |   [random] fold 2 epoch 8  train_loss=0.1854  val_auc=0.5824
22:42:45 | INFO    |   [random] fold 2 epoch 9  train_loss=0.1311  val_auc=0.6232
22:42:45 | INFO    |   [random] fold 2 early stop @ epoch 9
22:42:47 | INFO    |   [random] fold 3 epoch 0  train_loss=0.4813  val_auc=0.6309
22:42:48 | INFO    |   [random] fold 3 epoch 1  train_loss=0.4473  val_auc=0.6603
22:42:49 | INFO    |   [random] fold 3 epoch 2  train_loss=0.4283  val_auc=0.6006
22:42:50 | INFO    |   [random] fold 3 epoch 3  train_loss=0.4052  val_auc=0.6441
22:42:51 | INFO    |   [random] fold 3 epoch 4  train_loss=0.3987  val_auc=0.6370
22:42:52 | INFO    |   [random] fold 3 epoch 5  train_loss=0.3702  val_auc=0.5723
22:42:54 | INFO    |   [random] fold 3 epoch 6  train_loss=0.3343  val_auc=0.6502
22:42:55 | INFO    |   [random] fold 3 epoch 7  train_loss=0.2872  val_auc=0.5298
22:42:56 | INFO    |   [random] fold 3 epoch 8  train_loss=0.2399  val_auc=0.5713
22:42:56 | INFO    |   [random] fold 3 early stop @ epoch 8
22:42:58 | INFO    |   [random] fold 4 epoch 0  train_loss=0.4788  val_auc=0.5662
22:42:59 | INFO    |   [random] fold 4 epoch 1  train_loss=0.4445  val_auc=0.5197
22:43:00 | INFO    |   [random] fold 4 epoch 2  train_loss=0.4207  val_auc=0.5116
22:43:01 | INFO    |   [random] fold 4 epoch 3  train_loss=0.4112  val_auc=0.5096
22:43:02 | INFO    |   [random] fold 4 epoch 4  train_loss=0.3681  val_auc=0.4995
22:43:03 | INFO    |   [random] fold 4 epoch 5  train_loss=0.3386  val_auc=0.5996
22:43:05 | INFO    |   [random] fold 4 epoch 6  train_loss=0.3094  val_auc=0.5652
22:43:06 | INFO    |   [random] fold 4 epoch 7  train_loss=0.2570  val_auc=0.5794
22:43:07 | INFO    |   [random] fold 4 epoch 8  train_loss=0.2374  val_auc=0.5359
22:43:08 | INFO    |   [random] fold 4 epoch 9  train_loss=0.1597  val_auc=0.5672
22:43:09 | INFO    |   [random] fold 4 epoch 10  train_loss=0.0980  val_auc=0.5106
22:43:10 | INFO    |   [random] fold 4 epoch 11  train_loss=0.0911  val_auc=0.5683
22:43:11 | INFO    |   [random] fold 4 epoch 12  train_loss=0.1237  val_auc=0.5035
22:43:11 | INFO    |   [random] fold 4 early stop @ epoch 12
22:43:12 | INFO    | [seed 1337][frac 1.00][random] n_train_pac=122  OOF AUROC=0.5282
22:43:12 | INFO    | ########## SEMILLA 2024 ##########
22:43:12 | INFO    |   [radimagenet] fold 0 epoch 0  train_loss=0.3120  val_auc=0.4681
22:43:12 | INFO    |   [radimagenet] fold 0 epoch 1  train_loss=0.2950  val_auc=0.4904
22:43:13 | INFO    |   [radimagenet] fold 0 epoch 2  train_loss=0.2840  val_auc=0.4681
22:43:13 | INFO    |   [radimagenet] fold 0 epoch 3  train_loss=0.2738  val_auc=0.4793
22:43:13 | INFO    |   [radimagenet] fold 0 epoch 4  train_loss=0.2625  val_auc=0.5541
22:43:13 | INFO    |   [radimagenet] fold 0 epoch 5  train_loss=0.2511  val_auc=0.5622
22:43:14 | INFO    |   [radimagenet] fold 0 epoch 6  train_loss=0.2405  val_auc=0.5187
22:43:14 | INFO    |   [radimagenet] fold 0 epoch 7  train_loss=0.2301  val_auc=0.4924
22:43:14 | INFO    |   [radimagenet] fold 0 epoch 8  train_loss=0.2197  val_auc=0.4803
22:43:14 | INFO    |   [radimagenet] fold 0 epoch 9  train_loss=0.2091  val_auc=0.4651
22:43:15 | INFO    |   [radimagenet] fold 0 epoch 10  train_loss=0.1982  val_auc=0.4560
22:43:15 | INFO    |   [radimagenet] fold 0 epoch 11  train_loss=0.1871  val_auc=0.4611
22:43:15 | INFO    |   [radimagenet] fold 0 epoch 12  train_loss=0.1759  val_auc=0.4429
22:43:15 | INFO    |   [radimagenet] fold 0 early stop @ epoch 12
22:43:16 | INFO    |   [radimagenet] fold 1 epoch 0  train_loss=0.4271  val_auc=0.5148
22:43:16 | INFO    |   [radimagenet] fold 1 epoch 1  train_loss=0.4191  val_auc=0.6156
22:43:17 | INFO    |   [radimagenet] fold 1 epoch 2  train_loss=0.4181  val_auc=0.5870
22:43:17 | INFO    |   [radimagenet] fold 1 epoch 3  train_loss=0.4238  val_auc=0.5761
22:43:17 | INFO    |   [radimagenet] fold 1 epoch 4  train_loss=0.4116  val_auc=0.5208
22:43:17 | INFO    |   [radimagenet] fold 1 epoch 5  train_loss=0.3933  val_auc=0.4970
22:43:18 | INFO    |   [radimagenet] fold 1 epoch 6  train_loss=0.3837  val_auc=0.4881
22:43:18 | INFO    |   [radimagenet] fold 1 epoch 7  train_loss=0.3742  val_auc=0.4891
22:43:18 | INFO    |   [radimagenet] fold 1 epoch 8  train_loss=0.3665  val_auc=0.4773
22:43:18 | INFO    |   [radimagenet] fold 1 early stop @ epoch 8
22:43:19 | INFO    |   [radimagenet] fold 2 epoch 0  train_loss=0.5358  val_auc=0.4242
22:43:19 | INFO    |   [radimagenet] fold 2 epoch 1  train_loss=0.5060  val_auc=0.5169
22:43:19 | INFO    |   [radimagenet] fold 2 epoch 2  train_loss=0.4789  val_auc=0.6338
22:43:19 | INFO    |   [radimagenet] fold 2 epoch 3  train_loss=0.4562  val_auc=0.6502
22:43:20 | INFO    |   [radimagenet] fold 2 epoch 4  train_loss=0.4296  val_auc=0.6386
22:43:20 | INFO    |   [radimagenet] fold 2 epoch 5  train_loss=0.4062  val_auc=0.5565
22:43:20 | INFO    |   [radimagenet] fold 2 epoch 6  train_loss=0.3821  val_auc=0.5923
22:43:20 | INFO    |   [radimagenet] fold 2 epoch 7  train_loss=0.3576  val_auc=0.5478
22:43:20 | INFO    |   [radimagenet] fold 2 epoch 8  train_loss=0.3328  val_auc=0.5546
22:43:21 | INFO    |   [radimagenet] fold 2 epoch 9  train_loss=0.3081  val_auc=0.5681
22:43:21 | INFO    |   [radimagenet] fold 2 epoch 10  train_loss=0.2838  val_auc=0.5643
22:43:21 | INFO    |   [radimagenet] fold 2 early stop @ epoch 10
22:43:22 | INFO    |   [radimagenet] fold 3 epoch 0  train_loss=0.4224  val_auc=0.5804
22:43:22 | INFO    |   [radimagenet] fold 3 epoch 1  train_loss=0.4016  val_auc=0.6036
22:43:22 | INFO    |   [radimagenet] fold 3 epoch 2  train_loss=0.3856  val_auc=0.6330
22:43:22 | INFO    |   [radimagenet] fold 3 epoch 3  train_loss=0.3688  val_auc=0.6775
22:43:22 | INFO    |   [radimagenet] fold 3 epoch 4  train_loss=0.3513  val_auc=0.7462
22:43:23 | INFO    |   [radimagenet] fold 3 epoch 5  train_loss=0.3341  val_auc=0.7503
22:43:23 | INFO    |   [radimagenet] fold 3 epoch 6  train_loss=0.3176  val_auc=0.7250
22:43:23 | INFO    |   [radimagenet] fold 3 epoch 7  train_loss=0.3015  val_auc=0.6593
22:43:23 | INFO    |   [radimagenet] fold 3 epoch 8  train_loss=0.2857  val_auc=0.6239
22:43:24 | INFO    |   [radimagenet] fold 3 epoch 9  train_loss=0.2698  val_auc=0.6036
22:43:24 | INFO    |   [radimagenet] fold 3 epoch 10  train_loss=0.2540  val_auc=0.5885
22:43:24 | INFO    |   [radimagenet] fold 3 epoch 11  train_loss=0.2383  val_auc=0.5854
22:43:24 | INFO    |   [radimagenet] fold 3 epoch 12  train_loss=0.2230  val_auc=0.6016
22:43:24 | INFO    |   [radimagenet] fold 3 early stop @ epoch 12
22:43:25 | INFO    |   [radimagenet] fold 4 epoch 0  train_loss=0.4799  val_auc=0.4328
22:43:25 | INFO    |   [radimagenet] fold 4 epoch 1  train_loss=0.4755  val_auc=0.5395
22:43:25 | INFO    |   [radimagenet] fold 4 epoch 2  train_loss=0.4660  val_auc=0.5119
22:43:26 | INFO    |   [radimagenet] fold 4 epoch 3  train_loss=0.4483  val_auc=0.4051
22:43:26 | INFO    |   [radimagenet] fold 4 epoch 4  train_loss=0.4337  val_auc=0.3933
22:43:26 | INFO    |   [radimagenet] fold 4 epoch 5  train_loss=0.4187  val_auc=0.3715
22:43:26 | INFO    |   [radimagenet] fold 4 epoch 6  train_loss=0.4022  val_auc=0.3132
22:43:26 | INFO    |   [radimagenet] fold 4 epoch 7  train_loss=0.3842  val_auc=0.3360
22:43:27 | INFO    |   [radimagenet] fold 4 epoch 8  train_loss=0.3657  val_auc=0.3389
22:43:27 | INFO    |   [radimagenet] fold 4 early stop @ epoch 8
22:43:27 | INFO    | [seed 2024][frac 0.10][radimagenet] n_train_pac=13  OOF AUROC=0.4822
22:43:28 | INFO    |   [imagenet] fold 0 epoch 0  train_loss=0.3042  val_auc=0.6502
22:43:28 | INFO    |   [imagenet] fold 0 epoch 1  train_loss=0.2961  val_auc=0.5935
22:43:28 | INFO    |   [imagenet] fold 0 epoch 2  train_loss=0.2917  val_auc=0.5369
22:43:28 | INFO    |   [imagenet] fold 0 epoch 3  train_loss=0.2862  val_auc=0.4995
22:43:29 | INFO    |   [imagenet] fold 0 epoch 4  train_loss=0.2775  val_auc=0.4772
22:43:29 | INFO    |   [imagenet] fold 0 epoch 5  train_loss=0.2676  val_auc=0.5035
22:43:29 | INFO    |   [imagenet] fold 0 epoch 6  train_loss=0.2589  val_auc=0.5106
22:43:29 | INFO    |   [imagenet] fold 0 epoch 7  train_loss=0.2503  val_auc=0.4540
22:43:29 | INFO    |   [imagenet] fold 0 early stop @ epoch 7
22:43:30 | INFO    |   [imagenet] fold 1 epoch 0  train_loss=0.4247  val_auc=0.4792
22:43:30 | INFO    |   [imagenet] fold 1 epoch 1  train_loss=0.4111  val_auc=0.5445
22:43:31 | INFO    |   [imagenet] fold 1 epoch 2  train_loss=0.4100  val_auc=0.5030
22:43:31 | INFO    |   [imagenet] fold 1 epoch 3  train_loss=0.4044  val_auc=0.4249
22:43:31 | INFO    |   [imagenet] fold 1 epoch 4  train_loss=0.3986  val_auc=0.4061
22:43:31 | INFO    |   [imagenet] fold 1 epoch 5  train_loss=0.3880  val_auc=0.5148
22:43:32 | INFO    |   [imagenet] fold 1 epoch 6  train_loss=0.3768  val_auc=0.5623
22:43:32 | INFO    |   [imagenet] fold 1 epoch 7  train_loss=0.3653  val_auc=0.6126
22:43:32 | INFO    |   [imagenet] fold 1 epoch 8  train_loss=0.3598  val_auc=0.6077
22:43:32 | INFO    |   [imagenet] fold 1 epoch 9  train_loss=0.3605  val_auc=0.6176
22:43:33 | INFO    |   [imagenet] fold 1 epoch 10  train_loss=0.3334  val_auc=0.5879
22:43:33 | INFO    |   [imagenet] fold 1 epoch 11  train_loss=0.3226  val_auc=0.6225
22:43:33 | INFO    |   [imagenet] fold 1 epoch 12  train_loss=0.3079  val_auc=0.6047
22:43:33 | INFO    |   [imagenet] fold 1 epoch 13  train_loss=0.3021  val_auc=0.5504
22:43:34 | INFO    |   [imagenet] fold 1 epoch 14  train_loss=0.2885  val_auc=0.5504
22:43:34 | INFO    |   [imagenet] fold 1 epoch 15  train_loss=0.2785  val_auc=0.5731
22:43:34 | INFO    |   [imagenet] fold 1 epoch 16  train_loss=0.2671  val_auc=0.5336
22:43:34 | INFO    |   [imagenet] fold 1 epoch 17  train_loss=0.2539  val_auc=0.5623
22:43:35 | INFO    |   [imagenet] fold 1 epoch 18  train_loss=0.2446  val_auc=0.6156
22:43:35 | INFO    |   [imagenet] fold 1 early stop @ epoch 18
22:43:36 | INFO    |   [imagenet] fold 2 epoch 0  train_loss=0.5325  val_auc=0.3681
22:43:36 | INFO    |   [imagenet] fold 2 epoch 1  train_loss=0.5175  val_auc=0.4348
22:43:37 | INFO    |   [imagenet] fold 2 epoch 2  train_loss=0.4973  val_auc=0.4512
22:43:37 | INFO    |   [imagenet] fold 2 epoch 3  train_loss=0.4770  val_auc=0.5565
22:43:37 | INFO    |   [imagenet] fold 2 epoch 4  train_loss=0.4542  val_auc=0.2928
22:43:37 | INFO    |   [imagenet] fold 2 epoch 5  train_loss=0.4294  val_auc=0.2406
22:43:37 | INFO    |   [imagenet] fold 2 epoch 6  train_loss=0.4160  val_auc=0.3072
22:43:38 | INFO    |   [imagenet] fold 2 epoch 7  train_loss=0.4027  val_auc=0.4271
22:43:38 | INFO    |   [imagenet] fold 2 epoch 8  train_loss=0.3784  val_auc=0.5101
22:43:38 | INFO    |   [imagenet] fold 2 epoch 9  train_loss=0.3566  val_auc=0.6193
22:43:38 | INFO    |   [imagenet] fold 2 epoch 10  train_loss=0.3386  val_auc=0.6058
22:43:39 | INFO    |   [imagenet] fold 2 epoch 11  train_loss=0.3171  val_auc=0.6155
22:43:39 | INFO    |   [imagenet] fold 2 epoch 12  train_loss=0.3014  val_auc=0.5488
22:43:39 | INFO    |   [imagenet] fold 2 epoch 13  train_loss=0.2819  val_auc=0.4918
22:43:39 | INFO    |   [imagenet] fold 2 epoch 14  train_loss=0.2635  val_auc=0.4937
22:43:39 | INFO    |   [imagenet] fold 2 epoch 15  train_loss=0.2478  val_auc=0.4947
22:43:40 | INFO    |   [imagenet] fold 2 epoch 16  train_loss=0.2306  val_auc=0.4928
22:43:40 | INFO    |   [imagenet] fold 2 early stop @ epoch 16
22:43:40 | INFO    |   [imagenet] fold 3 epoch 0  train_loss=0.4155  val_auc=0.5470
22:43:41 | INFO    |   [imagenet] fold 3 epoch 1  train_loss=0.4080  val_auc=0.5096
22:43:41 | INFO    |   [imagenet] fold 3 epoch 2  train_loss=0.3889  val_auc=0.5571
22:43:41 | INFO    |   [imagenet] fold 3 epoch 3  train_loss=0.3761  val_auc=0.5531
22:43:41 | INFO    |   [imagenet] fold 3 epoch 4  train_loss=0.3541  val_auc=0.5228
22:43:42 | INFO    |   [imagenet] fold 3 epoch 5  train_loss=0.3403  val_auc=0.5066
22:43:42 | INFO    |   [imagenet] fold 3 epoch 6  train_loss=0.3241  val_auc=0.5137
22:43:42 | INFO    |   [imagenet] fold 3 epoch 7  train_loss=0.3067  val_auc=0.4934
22:43:42 | INFO    |   [imagenet] fold 3 epoch 8  train_loss=0.2900  val_auc=0.5238
22:43:42 | INFO    |   [imagenet] fold 3 epoch 9  train_loss=0.2742  val_auc=0.5480
22:43:42 | INFO    |   [imagenet] fold 3 early stop @ epoch 9
22:43:43 | INFO    |   [imagenet] fold 4 epoch 0  train_loss=0.4810  val_auc=0.4160
22:43:44 | INFO    |   [imagenet] fold 4 epoch 1  train_loss=0.4687  val_auc=0.4713
22:43:44 | INFO    |   [imagenet] fold 4 epoch 2  train_loss=0.4532  val_auc=0.4812
22:43:44 | INFO    |   [imagenet] fold 4 epoch 3  train_loss=0.4373  val_auc=0.4437
22:43:44 | INFO    |   [imagenet] fold 4 epoch 4  train_loss=0.4241  val_auc=0.4328
22:43:44 | INFO    |   [imagenet] fold 4 epoch 5  train_loss=0.4062  val_auc=0.4042
22:43:45 | INFO    |   [imagenet] fold 4 epoch 6  train_loss=0.3895  val_auc=0.3854
22:43:45 | INFO    |   [imagenet] fold 4 epoch 7  train_loss=0.3765  val_auc=0.3913
22:43:45 | INFO    |   [imagenet] fold 4 epoch 8  train_loss=0.3585  val_auc=0.3696
22:43:45 | INFO    |   [imagenet] fold 4 epoch 9  train_loss=0.3438  val_auc=0.3488
22:43:45 | INFO    |   [imagenet] fold 4 early stop @ epoch 9
22:43:45 | INFO    | [seed 2024][frac 0.10][imagenet] n_train_pac=13  OOF AUROC=0.5006
22:43:46 | INFO    |   [random] fold 0 epoch 0  train_loss=0.3047  val_auc=0.4863
22:43:46 | INFO    |   [random] fold 0 epoch 1  train_loss=0.2666  val_auc=0.4530
22:43:46 | INFO    |   [random] fold 0 epoch 2  train_loss=0.2423  val_auc=0.4307
22:43:47 | INFO    |   [random] fold 0 epoch 3  train_loss=0.2190  val_auc=0.4267
22:43:47 | INFO    |   [random] fold 0 epoch 4  train_loss=0.1994  val_auc=0.4398
22:43:47 | INFO    |   [random] fold 0 epoch 5  train_loss=0.1808  val_auc=0.4540
22:43:47 | INFO    |   [random] fold 0 epoch 6  train_loss=0.1628  val_auc=0.4570
22:43:47 | INFO    |   [random] fold 0 epoch 7  train_loss=0.1456  val_auc=0.4580
22:43:47 | INFO    |   [random] fold 0 early stop @ epoch 7
22:43:48 | INFO    |   [random] fold 1 epoch 0  train_loss=0.4222  val_auc=0.6057
22:43:48 | INFO    |   [random] fold 1 epoch 1  train_loss=0.3732  val_auc=0.6245
22:43:49 | INFO    |   [random] fold 1 epoch 2  train_loss=0.3387  val_auc=0.6146
22:43:49 | INFO    |   [random] fold 1 epoch 3  train_loss=0.3073  val_auc=0.6156
22:43:49 | INFO    |   [random] fold 1 epoch 4  train_loss=0.2835  val_auc=0.6126
22:43:49 | INFO    |   [random] fold 1 epoch 5  train_loss=0.2686  val_auc=0.6097
22:43:50 | INFO    |   [random] fold 1 epoch 6  train_loss=0.2663  val_auc=0.5998
22:43:50 | INFO    |   [random] fold 1 epoch 7  train_loss=0.2473  val_auc=0.5949
22:43:50 | INFO    |   [random] fold 1 epoch 8  train_loss=0.2165  val_auc=0.5949
22:43:50 | INFO    |   [random] fold 1 early stop @ epoch 8
22:43:51 | INFO    |   [random] fold 2 epoch 0  train_loss=0.5389  val_auc=0.6715
22:43:51 | INFO    |   [random] fold 2 epoch 1  train_loss=0.4817  val_auc=0.6812
22:43:51 | INFO    |   [random] fold 2 epoch 2  train_loss=0.4290  val_auc=0.6947
22:43:51 | INFO    |   [random] fold 2 epoch 3  train_loss=0.3836  val_auc=0.6957
22:43:52 | INFO    |   [random] fold 2 epoch 4  train_loss=0.3399  val_auc=0.7063
22:43:52 | INFO    |   [random] fold 2 epoch 5  train_loss=0.3011  val_auc=0.7014
22:43:52 | INFO    |   [random] fold 2 epoch 6  train_loss=0.2636  val_auc=0.7014
22:43:52 | INFO    |   [random] fold 2 epoch 7  train_loss=0.2262  val_auc=0.7082
22:43:52 | INFO    |   [random] fold 2 epoch 8  train_loss=0.1922  val_auc=0.7150
22:43:53 | INFO    |   [random] fold 2 epoch 9  train_loss=0.1601  val_auc=0.7179
22:43:53 | INFO    |   [random] fold 2 epoch 10  train_loss=0.1325  val_auc=0.7179
22:43:53 | INFO    |   [random] fold 2 epoch 11  train_loss=0.1074  val_auc=0.7188
22:43:53 | INFO    |   [random] fold 2 epoch 12  train_loss=0.0856  val_auc=0.7188
22:43:53 | INFO    |   [random] fold 2 epoch 13  train_loss=0.0676  val_auc=0.7246
22:43:54 | INFO    |   [random] fold 2 epoch 14  train_loss=0.0528  val_auc=0.7227
22:43:54 | INFO    |   [random] fold 2 epoch 15  train_loss=0.0407  val_auc=0.7227
22:43:54 | INFO    |   [random] fold 2 epoch 16  train_loss=0.0313  val_auc=0.7169
22:43:54 | INFO    |   [random] fold 2 epoch 17  train_loss=0.0241  val_auc=0.7150
22:43:54 | INFO    |   [random] fold 2 epoch 18  train_loss=0.0187  val_auc=0.7159
22:43:55 | INFO    |   [random] fold 2 epoch 19  train_loss=0.0146  val_auc=0.7159
22:43:55 | INFO    |   [random] fold 2 epoch 20  train_loss=0.0115  val_auc=0.7198
22:43:55 | INFO    |   [random] fold 2 early stop @ epoch 20
22:43:55 | INFO    |   [random] fold 3 epoch 0  train_loss=0.4140  val_auc=0.6835
22:43:56 | INFO    |   [random] fold 3 epoch 1  train_loss=0.3391  val_auc=0.6886
22:43:56 | INFO    |   [random] fold 3 epoch 2  train_loss=0.2966  val_auc=0.6946
22:43:56 | INFO    |   [random] fold 3 epoch 3  train_loss=0.2722  val_auc=0.7007
22:43:57 | INFO    |   [random] fold 3 epoch 4  train_loss=0.2536  val_auc=0.7017
22:43:57 | INFO    |   [random] fold 3 epoch 5  train_loss=0.2384  val_auc=0.6997
22:43:57 | INFO    |   [random] fold 3 epoch 6  train_loss=0.2216  val_auc=0.7048
22:43:57 | INFO    |   [random] fold 3 epoch 7  train_loss=0.2047  val_auc=0.7058
22:43:58 | INFO    |   [random] fold 3 epoch 8  train_loss=0.1886  val_auc=0.7098
22:43:58 | INFO    |   [random] fold 3 epoch 9  train_loss=0.1725  val_auc=0.7139
22:43:58 | INFO    |   [random] fold 3 epoch 10  train_loss=0.1583  val_auc=0.7159
22:43:58 | INFO    |   [random] fold 3 epoch 11  train_loss=0.1432  val_auc=0.7189
22:43:59 | INFO    |   [random] fold 3 epoch 12  train_loss=0.1289  val_auc=0.7240
22:43:59 | INFO    |   [random] fold 3 epoch 13  train_loss=0.1141  val_auc=0.7300
22:43:59 | INFO    |   [random] fold 3 epoch 14  train_loss=0.1005  val_auc=0.7371
22:43:59 | INFO    |   [random] fold 3 epoch 15  train_loss=0.0881  val_auc=0.7412
22:44:00 | INFO    |   [random] fold 3 epoch 16  train_loss=0.0774  val_auc=0.7523
22:44:00 | INFO    |   [random] fold 3 epoch 17  train_loss=0.0686  val_auc=0.7573
22:44:00 | INFO    |   [random] fold 3 epoch 18  train_loss=0.0609  val_auc=0.7745
22:44:00 | INFO    |   [random] fold 3 epoch 19  train_loss=0.0548  val_auc=0.7735
22:44:00 | INFO    |   [random] fold 3 epoch 20  train_loss=0.0499  val_auc=0.7816
22:44:01 | INFO    |   [random] fold 3 epoch 21  train_loss=0.0458  val_auc=0.7877
22:44:01 | INFO    |   [random] fold 3 epoch 22  train_loss=0.0427  val_auc=0.7867
22:44:01 | INFO    |   [random] fold 3 epoch 23  train_loss=0.0403  val_auc=0.7958
22:44:01 | INFO    |   [random] fold 3 epoch 24  train_loss=0.0384  val_auc=0.7998
22:44:02 | INFO    |   [random] fold 3 epoch 25  train_loss=0.0367  val_auc=0.8119
22:44:02 | INFO    |   [random] fold 3 epoch 26  train_loss=0.0354  val_auc=0.8220
22:44:02 | INFO    |   [random] fold 3 epoch 27  train_loss=0.0343  val_auc=0.8322
22:44:02 | INFO    |   [random] fold 3 epoch 28  train_loss=0.0335  val_auc=0.8291
22:44:03 | INFO    |   [random] fold 3 epoch 29  train_loss=0.0329  val_auc=0.8322
22:44:03 | INFO    |   [random] fold 4 epoch 0  train_loss=0.4848  val_auc=0.5158
22:44:03 | INFO    |   [random] fold 4 epoch 1  train_loss=0.4328  val_auc=0.4634
22:44:04 | INFO    |   [random] fold 4 epoch 2  train_loss=0.3925  val_auc=0.4704
22:44:04 | INFO    |   [random] fold 4 epoch 3  train_loss=0.3564  val_auc=0.4348
22:44:04 | INFO    |   [random] fold 4 epoch 4  train_loss=0.3265  val_auc=0.4111
22:44:04 | INFO    |   [random] fold 4 epoch 5  train_loss=0.3012  val_auc=0.3715
22:44:04 | INFO    |   [random] fold 4 epoch 6  train_loss=0.2777  val_auc=0.3468
22:44:05 | INFO    |   [random] fold 4 epoch 7  train_loss=0.2554  val_auc=0.3162
22:44:05 | INFO    |   [random] fold 4 early stop @ epoch 7
22:44:05 | INFO    | [seed 2024][frac 0.10][random] n_train_pac=13  OOF AUROC=0.5277
22:44:05 | INFO    |   [radimagenet] fold 0 epoch 0  train_loss=0.4536  val_auc=0.4297
22:44:06 | INFO    |   [radimagenet] fold 0 epoch 1  train_loss=0.4298  val_auc=0.5602
22:44:06 | INFO    |   [radimagenet] fold 0 epoch 2  train_loss=0.4290  val_auc=0.5389
22:44:07 | INFO    |   [radimagenet] fold 0 epoch 3  train_loss=0.4295  val_auc=0.5157
22:44:07 | INFO    |   [radimagenet] fold 0 epoch 4  train_loss=0.4073  val_auc=0.5147
22:44:07 | INFO    |   [radimagenet] fold 0 epoch 5  train_loss=0.3880  val_auc=0.5501
22:44:08 | INFO    |   [radimagenet] fold 0 epoch 6  train_loss=0.3709  val_auc=0.5683
22:44:08 | INFO    |   [radimagenet] fold 0 epoch 7  train_loss=0.3668  val_auc=0.5693
22:44:09 | INFO    |   [radimagenet] fold 0 epoch 8  train_loss=0.3512  val_auc=0.5672
22:44:09 | INFO    |   [radimagenet] fold 0 epoch 9  train_loss=0.3253  val_auc=0.6006
22:44:09 | INFO    |   [radimagenet] fold 0 epoch 10  train_loss=0.3079  val_auc=0.6309
22:44:10 | INFO    |   [radimagenet] fold 0 epoch 11  train_loss=0.2939  val_auc=0.6026
22:44:10 | INFO    |   [radimagenet] fold 0 epoch 12  train_loss=0.2616  val_auc=0.5541
22:44:11 | INFO    |   [radimagenet] fold 0 epoch 13  train_loss=0.2476  val_auc=0.5662
22:44:11 | INFO    |   [radimagenet] fold 0 epoch 14  train_loss=0.2162  val_auc=0.5662
22:44:11 | INFO    |   [radimagenet] fold 0 epoch 15  train_loss=0.2050  val_auc=0.5683
22:44:12 | INFO    |   [radimagenet] fold 0 epoch 16  train_loss=0.1693  val_auc=0.5834
22:44:12 | INFO    |   [radimagenet] fold 0 epoch 17  train_loss=0.1654  val_auc=0.5875
22:44:12 | INFO    |   [radimagenet] fold 0 early stop @ epoch 17
22:44:13 | INFO    |   [radimagenet] fold 1 epoch 0  train_loss=0.4564  val_auc=0.6166
22:44:13 | INFO    |   [radimagenet] fold 1 epoch 1  train_loss=0.4479  val_auc=0.5791
22:44:14 | INFO    |   [radimagenet] fold 1 epoch 2  train_loss=0.4440  val_auc=0.5623
22:44:14 | INFO    |   [radimagenet] fold 1 epoch 3  train_loss=0.4267  val_auc=0.5119
22:44:14 | INFO    |   [radimagenet] fold 1 epoch 4  train_loss=0.4158  val_auc=0.5109
22:44:15 | INFO    |   [radimagenet] fold 1 epoch 5  train_loss=0.4062  val_auc=0.5336
22:44:15 | INFO    |   [radimagenet] fold 1 epoch 6  train_loss=0.4046  val_auc=0.5237
22:44:15 | INFO    |   [radimagenet] fold 1 epoch 7  train_loss=0.3893  val_auc=0.5287
22:44:15 | INFO    |   [radimagenet] fold 1 early stop @ epoch 7
22:44:16 | INFO    |   [radimagenet] fold 2 epoch 0  train_loss=0.5743  val_auc=0.4580
22:44:17 | INFO    |   [radimagenet] fold 2 epoch 1  train_loss=0.5456  val_auc=0.5314
22:44:18 | INFO    |   [radimagenet] fold 2 epoch 2  train_loss=0.5373  val_auc=0.4957
22:44:18 | INFO    |   [radimagenet] fold 2 epoch 3  train_loss=0.5175  val_auc=0.5034
22:44:19 | INFO    |   [radimagenet] fold 2 epoch 4  train_loss=0.4966  val_auc=0.5903
22:44:19 | INFO    |   [radimagenet] fold 2 epoch 5  train_loss=0.4902  val_auc=0.6725
22:44:19 | INFO    |   [radimagenet] fold 2 epoch 6  train_loss=0.4722  val_auc=0.7034
22:44:20 | INFO    |   [radimagenet] fold 2 epoch 7  train_loss=0.4649  val_auc=0.7275
22:44:20 | INFO    |   [radimagenet] fold 2 epoch 8  train_loss=0.4535  val_auc=0.7469
22:44:21 | INFO    |   [radimagenet] fold 2 epoch 9  train_loss=0.4387  val_auc=0.7295
22:44:21 | INFO    |   [radimagenet] fold 2 epoch 10  train_loss=0.4273  val_auc=0.6908
22:44:21 | INFO    |   [radimagenet] fold 2 epoch 11  train_loss=0.4030  val_auc=0.6937
22:44:22 | INFO    |   [radimagenet] fold 2 epoch 12  train_loss=0.3846  val_auc=0.6821
22:44:22 | INFO    |   [radimagenet] fold 2 epoch 13  train_loss=0.3687  val_auc=0.6686
22:44:22 | INFO    |   [radimagenet] fold 2 epoch 14  train_loss=0.3551  val_auc=0.6377
22:44:23 | INFO    |   [radimagenet] fold 2 epoch 15  train_loss=0.3488  val_auc=0.6599
22:44:23 | INFO    |   [radimagenet] fold 2 early stop @ epoch 15
22:44:24 | INFO    |   [radimagenet] fold 3 epoch 0  train_loss=0.5176  val_auc=0.6320
22:44:24 | INFO    |   [radimagenet] fold 3 epoch 1  train_loss=0.4966  val_auc=0.7300
22:44:24 | INFO    |   [radimagenet] fold 3 epoch 2  train_loss=0.4838  val_auc=0.6299
22:44:25 | INFO    |   [radimagenet] fold 3 epoch 3  train_loss=0.4724  val_auc=0.5774
22:44:25 | INFO    |   [radimagenet] fold 3 epoch 4  train_loss=0.4533  val_auc=0.6380
22:44:26 | INFO    |   [radimagenet] fold 3 epoch 5  train_loss=0.4499  val_auc=0.5905
22:44:26 | INFO    |   [radimagenet] fold 3 epoch 6  train_loss=0.4308  val_auc=0.6168
22:44:26 | INFO    |   [radimagenet] fold 3 epoch 7  train_loss=0.3964  val_auc=0.6400
22:44:27 | INFO    |   [radimagenet] fold 3 epoch 8  train_loss=0.3791  val_auc=0.6370
22:44:27 | INFO    |   [radimagenet] fold 3 early stop @ epoch 8
22:44:28 | INFO    |   [radimagenet] fold 4 epoch 0  train_loss=0.4545  val_auc=0.4872
22:44:28 | INFO    |   [radimagenet] fold 4 epoch 1  train_loss=0.4438  val_auc=0.4397
22:44:28 | INFO    |   [radimagenet] fold 4 epoch 2  train_loss=0.4416  val_auc=0.4368
22:44:29 | INFO    |   [radimagenet] fold 4 epoch 3  train_loss=0.4351  val_auc=0.4536
22:44:29 | INFO    |   [radimagenet] fold 4 epoch 4  train_loss=0.4260  val_auc=0.4565
22:44:30 | INFO    |   [radimagenet] fold 4 epoch 5  train_loss=0.4257  val_auc=0.4990
22:44:30 | INFO    |   [radimagenet] fold 4 epoch 6  train_loss=0.4218  val_auc=0.5237
22:44:30 | INFO    |   [radimagenet] fold 4 epoch 7  train_loss=0.4207  val_auc=0.5336
22:44:31 | INFO    |   [radimagenet] fold 4 epoch 8  train_loss=0.4150  val_auc=0.5415
22:44:31 | INFO    |   [radimagenet] fold 4 epoch 9  train_loss=0.4152  val_auc=0.5287
22:44:31 | INFO    |   [radimagenet] fold 4 epoch 10  train_loss=0.3955  val_auc=0.5435
22:44:32 | INFO    |   [radimagenet] fold 4 epoch 11  train_loss=0.3887  val_auc=0.5366
22:44:32 | INFO    |   [radimagenet] fold 4 epoch 12  train_loss=0.3681  val_auc=0.5553
22:44:33 | INFO    |   [radimagenet] fold 4 epoch 13  train_loss=0.3645  val_auc=0.5395
22:44:33 | INFO    |   [radimagenet] fold 4 epoch 14  train_loss=0.3538  val_auc=0.5247
22:44:33 | INFO    |   [radimagenet] fold 4 epoch 15  train_loss=0.3430  val_auc=0.5553
22:44:34 | INFO    |   [radimagenet] fold 4 epoch 16  train_loss=0.3238  val_auc=0.5484
22:44:34 | INFO    |   [radimagenet] fold 4 epoch 17  train_loss=0.3214  val_auc=0.5445
22:44:34 | INFO    |   [radimagenet] fold 4 epoch 18  train_loss=0.3131  val_auc=0.5158
22:44:35 | INFO    |   [radimagenet] fold 4 epoch 19  train_loss=0.2903  val_auc=0.5356
22:44:35 | INFO    |   [radimagenet] fold 4 early stop @ epoch 19
22:44:35 | INFO    | [seed 2024][frac 0.25][radimagenet] n_train_pac=31  OOF AUROC=0.5213
22:44:36 | INFO    |   [imagenet] fold 0 epoch 0  train_loss=0.4430  val_auc=0.4853
22:44:36 | INFO    |   [imagenet] fold 0 epoch 1  train_loss=0.4396  val_auc=0.4661
22:44:37 | INFO    |   [imagenet] fold 0 epoch 2  train_loss=0.4339  val_auc=0.4722
22:44:37 | INFO    |   [imagenet] fold 0 epoch 3  train_loss=0.4305  val_auc=0.4853
22:44:37 | INFO    |   [imagenet] fold 0 epoch 4  train_loss=0.4229  val_auc=0.5035
22:44:38 | INFO    |   [imagenet] fold 0 epoch 5  train_loss=0.4159  val_auc=0.5895
22:44:38 | INFO    |   [imagenet] fold 0 epoch 6  train_loss=0.4021  val_auc=0.6198
22:44:39 | INFO    |   [imagenet] fold 0 epoch 7  train_loss=0.3909  val_auc=0.6138
22:44:39 | INFO    |   [imagenet] fold 0 epoch 8  train_loss=0.3829  val_auc=0.5581
22:44:40 | INFO    |   [imagenet] fold 0 epoch 9  train_loss=0.3671  val_auc=0.5834
22:44:40 | INFO    |   [imagenet] fold 0 epoch 10  train_loss=0.3525  val_auc=0.6249
22:44:40 | INFO    |   [imagenet] fold 0 epoch 11  train_loss=0.3329  val_auc=0.6320
22:44:41 | INFO    |   [imagenet] fold 0 epoch 12  train_loss=0.3256  val_auc=0.6825
22:44:41 | INFO    |   [imagenet] fold 0 epoch 13  train_loss=0.2993  val_auc=0.6229
22:44:42 | INFO    |   [imagenet] fold 0 epoch 14  train_loss=0.2696  val_auc=0.6390
22:44:42 | INFO    |   [imagenet] fold 0 epoch 15  train_loss=0.2545  val_auc=0.6673
22:44:42 | INFO    |   [imagenet] fold 0 epoch 16  train_loss=0.2262  val_auc=0.6481
22:44:43 | INFO    |   [imagenet] fold 0 epoch 17  train_loss=0.2064  val_auc=0.5905
22:44:43 | INFO    |   [imagenet] fold 0 epoch 18  train_loss=0.1822  val_auc=0.5865
22:44:44 | INFO    |   [imagenet] fold 0 epoch 19  train_loss=0.1481  val_auc=0.6461
22:44:44 | INFO    |   [imagenet] fold 0 early stop @ epoch 19
22:44:45 | INFO    |   [imagenet] fold 1 epoch 0  train_loss=0.4463  val_auc=0.4822
22:44:45 | INFO    |   [imagenet] fold 1 epoch 1  train_loss=0.4396  val_auc=0.4516
22:44:45 | INFO    |   [imagenet] fold 1 epoch 2  train_loss=0.4294  val_auc=0.4111
22:44:46 | INFO    |   [imagenet] fold 1 epoch 3  train_loss=0.4208  val_auc=0.4644
22:44:46 | INFO    |   [imagenet] fold 1 epoch 4  train_loss=0.4082  val_auc=0.4279
22:44:47 | INFO    |   [imagenet] fold 1 epoch 5  train_loss=0.3980  val_auc=0.4773
22:44:47 | INFO    |   [imagenet] fold 1 epoch 6  train_loss=0.3865  val_auc=0.4486
22:44:47 | INFO    |   [imagenet] fold 1 epoch 7  train_loss=0.3632  val_auc=0.5079
22:44:48 | INFO    |   [imagenet] fold 1 epoch 8  train_loss=0.3446  val_auc=0.4457
22:44:48 | INFO    |   [imagenet] fold 1 epoch 9  train_loss=0.3270  val_auc=0.3913
22:44:48 | INFO    |   [imagenet] fold 1 epoch 10  train_loss=0.2958  val_auc=0.3666
22:44:49 | INFO    |   [imagenet] fold 1 epoch 11  train_loss=0.2796  val_auc=0.4032
22:44:49 | INFO    |   [imagenet] fold 1 epoch 12  train_loss=0.2504  val_auc=0.4387
22:44:50 | INFO    |   [imagenet] fold 1 epoch 13  train_loss=0.2356  val_auc=0.4921
22:44:50 | INFO    |   [imagenet] fold 1 epoch 14  train_loss=0.2132  val_auc=0.5000
22:44:50 | INFO    |   [imagenet] fold 1 early stop @ epoch 14
22:44:51 | INFO    |   [imagenet] fold 2 epoch 0  train_loss=0.5457  val_auc=0.4290
22:44:51 | INFO    |   [imagenet] fold 2 epoch 1  train_loss=0.5393  val_auc=0.5024
22:44:52 | INFO    |   [imagenet] fold 2 epoch 2  train_loss=0.5303  val_auc=0.5024
22:44:52 | INFO    |   [imagenet] fold 2 epoch 3  train_loss=0.5237  val_auc=0.5594
22:44:53 | INFO    |   [imagenet] fold 2 epoch 4  train_loss=0.5204  val_auc=0.5420
22:44:53 | INFO    |   [imagenet] fold 2 epoch 5  train_loss=0.5157  val_auc=0.6444
22:44:53 | INFO    |   [imagenet] fold 2 epoch 6  train_loss=0.5110  val_auc=0.6850
22:44:54 | INFO    |   [imagenet] fold 2 epoch 7  train_loss=0.5035  val_auc=0.7101
22:44:54 | INFO    |   [imagenet] fold 2 epoch 8  train_loss=0.5021  val_auc=0.6792
22:44:54 | INFO    |   [imagenet] fold 2 epoch 9  train_loss=0.4892  val_auc=0.6986
22:44:55 | INFO    |   [imagenet] fold 2 epoch 10  train_loss=0.4780  val_auc=0.6551
22:44:55 | INFO    |   [imagenet] fold 2 epoch 11  train_loss=0.4599  val_auc=0.6386
22:44:56 | INFO    |   [imagenet] fold 2 epoch 12  train_loss=0.4499  val_auc=0.6464
22:44:56 | INFO    |   [imagenet] fold 2 epoch 13  train_loss=0.4326  val_auc=0.6261
22:44:56 | INFO    |   [imagenet] fold 2 epoch 14  train_loss=0.4126  val_auc=0.6261
22:44:56 | INFO    |   [imagenet] fold 2 early stop @ epoch 14
22:44:57 | INFO    |   [imagenet] fold 3 epoch 0  train_loss=0.5068  val_auc=0.5935
22:44:58 | INFO    |   [imagenet] fold 3 epoch 1  train_loss=0.4990  val_auc=0.5642
22:44:58 | INFO    |   [imagenet] fold 3 epoch 2  train_loss=0.4884  val_auc=0.6198
22:44:59 | INFO    |   [imagenet] fold 3 epoch 3  train_loss=0.4787  val_auc=0.6229
22:45:00 | INFO    |   [imagenet] fold 3 epoch 4  train_loss=0.4673  val_auc=0.6330
22:45:00 | INFO    |   [imagenet] fold 3 epoch 5  train_loss=0.4588  val_auc=0.6117
22:45:00 | INFO    |   [imagenet] fold 3 epoch 6  train_loss=0.4382  val_auc=0.5996
22:45:01 | INFO    |   [imagenet] fold 3 epoch 7  train_loss=0.4270  val_auc=0.6451
22:45:01 | INFO    |   [imagenet] fold 3 epoch 8  train_loss=0.4054  val_auc=0.6188
22:45:02 | INFO    |   [imagenet] fold 3 epoch 9  train_loss=0.3776  val_auc=0.5774
22:45:02 | INFO    |   [imagenet] fold 3 epoch 10  train_loss=0.3546  val_auc=0.5561
22:45:02 | INFO    |   [imagenet] fold 3 epoch 11  train_loss=0.3346  val_auc=0.5137
22:45:03 | INFO    |   [imagenet] fold 3 epoch 12  train_loss=0.3143  val_auc=0.4671
22:45:03 | INFO    |   [imagenet] fold 3 epoch 13  train_loss=0.2803  val_auc=0.6593
22:45:04 | INFO    |   [imagenet] fold 3 epoch 14  train_loss=0.2679  val_auc=0.6775
22:45:04 | INFO    |   [imagenet] fold 3 epoch 15  train_loss=0.2471  val_auc=0.6239
22:45:04 | INFO    |   [imagenet] fold 3 epoch 16  train_loss=0.2225  val_auc=0.5844
22:45:05 | INFO    |   [imagenet] fold 3 epoch 17  train_loss=0.1917  val_auc=0.5349
22:45:05 | INFO    |   [imagenet] fold 3 epoch 18  train_loss=0.1836  val_auc=0.5480
22:45:06 | INFO    |   [imagenet] fold 3 epoch 19  train_loss=0.1512  val_auc=0.5834
22:45:06 | INFO    |   [imagenet] fold 3 epoch 20  train_loss=0.1307  val_auc=0.5774
22:45:06 | INFO    |   [imagenet] fold 3 epoch 21  train_loss=0.1180  val_auc=0.6532
22:45:06 | INFO    |   [imagenet] fold 3 early stop @ epoch 21
22:45:07 | INFO    |   [imagenet] fold 4 epoch 0  train_loss=0.4476  val_auc=0.5336
22:45:08 | INFO    |   [imagenet] fold 4 epoch 1  train_loss=0.4421  val_auc=0.4763
22:45:08 | INFO    |   [imagenet] fold 4 epoch 2  train_loss=0.4400  val_auc=0.4447
22:45:09 | INFO    |   [imagenet] fold 4 epoch 3  train_loss=0.4394  val_auc=0.4101
22:45:09 | INFO    |   [imagenet] fold 4 epoch 4  train_loss=0.4332  val_auc=0.5188
22:45:09 | INFO    |   [imagenet] fold 4 epoch 5  train_loss=0.4323  val_auc=0.4931
22:45:10 | INFO    |   [imagenet] fold 4 epoch 6  train_loss=0.4334  val_auc=0.5435
22:45:10 | INFO    |   [imagenet] fold 4 epoch 7  train_loss=0.4329  val_auc=0.6008
22:45:11 | INFO    |   [imagenet] fold 4 epoch 8  train_loss=0.4236  val_auc=0.5978
22:45:11 | INFO    |   [imagenet] fold 4 epoch 9  train_loss=0.4244  val_auc=0.5435
22:45:11 | INFO    |   [imagenet] fold 4 epoch 10  train_loss=0.4149  val_auc=0.4664
22:45:12 | INFO    |   [imagenet] fold 4 epoch 11  train_loss=0.4131  val_auc=0.5079
22:45:12 | INFO    |   [imagenet] fold 4 epoch 12  train_loss=0.4102  val_auc=0.4121
22:45:12 | INFO    |   [imagenet] fold 4 epoch 13  train_loss=0.4064  val_auc=0.3913
22:45:13 | INFO    |   [imagenet] fold 4 epoch 14  train_loss=0.4046  val_auc=0.4506
22:45:13 | INFO    |   [imagenet] fold 4 early stop @ epoch 14
22:45:13 | INFO    | [seed 2024][frac 0.25][imagenet] n_train_pac=31  OOF AUROC=0.5703
22:45:13 | INFO    |   [random] fold 0 epoch 0  train_loss=0.4357  val_auc=0.4681
22:45:14 | INFO    |   [random] fold 0 epoch 1  train_loss=0.4006  val_auc=0.4661
22:45:14 | INFO    |   [random] fold 0 epoch 2  train_loss=0.3793  val_auc=0.4833
22:45:15 | INFO    |   [random] fold 0 epoch 3  train_loss=0.3493  val_auc=0.4803
22:45:15 | INFO    |   [random] fold 0 epoch 4  train_loss=0.3157  val_auc=0.4762
22:45:15 | INFO    |   [random] fold 0 epoch 5  train_loss=0.2944  val_auc=0.4702
22:45:16 | INFO    |   [random] fold 0 epoch 6  train_loss=0.2778  val_auc=0.4560
22:45:16 | INFO    |   [random] fold 0 epoch 7  train_loss=0.2405  val_auc=0.4419
22:45:17 | INFO    |   [random] fold 0 epoch 8  train_loss=0.2241  val_auc=0.4297
22:45:17 | INFO    |   [random] fold 0 epoch 9  train_loss=0.1891  val_auc=0.4216
22:45:17 | INFO    |   [random] fold 0 early stop @ epoch 9
22:45:18 | INFO    |   [random] fold 1 epoch 0  train_loss=0.4455  val_auc=0.6146
22:45:18 | INFO    |   [random] fold 1 epoch 1  train_loss=0.4376  val_auc=0.5998
22:45:18 | INFO    |   [random] fold 1 epoch 2  train_loss=0.3877  val_auc=0.6166
22:45:19 | INFO    |   [random] fold 1 epoch 3  train_loss=0.3787  val_auc=0.6176
22:45:19 | INFO    |   [random] fold 1 epoch 4  train_loss=0.3792  val_auc=0.6344
22:45:20 | INFO    |   [random] fold 1 epoch 5  train_loss=0.3556  val_auc=0.6206
22:45:20 | INFO    |   [random] fold 1 epoch 6  train_loss=0.3138  val_auc=0.6166
22:45:21 | INFO    |   [random] fold 1 epoch 7  train_loss=0.2931  val_auc=0.5870
22:45:21 | INFO    |   [random] fold 1 epoch 8  train_loss=0.2672  val_auc=0.5751
22:45:22 | INFO    |   [random] fold 1 epoch 9  train_loss=0.2331  val_auc=0.5810
22:45:22 | INFO    |   [random] fold 1 epoch 10  train_loss=0.1933  val_auc=0.5968
22:45:22 | INFO    |   [random] fold 1 epoch 11  train_loss=0.1806  val_auc=0.5721
22:45:22 | INFO    |   [random] fold 1 early stop @ epoch 11
22:45:23 | INFO    |   [random] fold 2 epoch 0  train_loss=0.5654  val_auc=0.6580
22:45:23 | INFO    |   [random] fold 2 epoch 1  train_loss=0.5134  val_auc=0.6918
22:45:24 | INFO    |   [random] fold 2 epoch 2  train_loss=0.4926  val_auc=0.6821
22:45:24 | INFO    |   [random] fold 2 epoch 3  train_loss=0.4854  val_auc=0.6860
22:45:25 | INFO    |   [random] fold 2 epoch 4  train_loss=0.4541  val_auc=0.6879
22:45:25 | INFO    |   [random] fold 2 epoch 5  train_loss=0.4466  val_auc=0.6860
22:45:25 | INFO    |   [random] fold 2 epoch 6  train_loss=0.4294  val_auc=0.6879
22:45:26 | INFO    |   [random] fold 2 epoch 7  train_loss=0.4024  val_auc=0.7043
22:45:26 | INFO    |   [random] fold 2 epoch 8  train_loss=0.3941  val_auc=0.7072
22:45:26 | INFO    |   [random] fold 2 epoch 9  train_loss=0.3836  val_auc=0.7053
22:45:27 | INFO    |   [random] fold 2 epoch 10  train_loss=0.3842  val_auc=0.7034
22:45:27 | INFO    |   [random] fold 2 epoch 11  train_loss=0.3583  val_auc=0.7053
22:45:28 | INFO    |   [random] fold 2 epoch 12  train_loss=0.3134  val_auc=0.7198
22:45:28 | INFO    |   [random] fold 2 epoch 13  train_loss=0.3053  val_auc=0.7343
22:45:28 | INFO    |   [random] fold 2 epoch 14  train_loss=0.3047  val_auc=0.7314
22:45:29 | INFO    |   [random] fold 2 epoch 15  train_loss=0.3038  val_auc=0.7275
22:45:29 | INFO    |   [random] fold 2 epoch 16  train_loss=0.2793  val_auc=0.7304
22:45:29 | INFO    |   [random] fold 2 epoch 17  train_loss=0.2486  val_auc=0.6193
22:45:30 | INFO    |   [random] fold 2 epoch 18  train_loss=0.2798  val_auc=0.6116
22:45:30 | INFO    |   [random] fold 2 epoch 19  train_loss=0.2359  val_auc=0.6589
22:45:31 | INFO    |   [random] fold 2 epoch 20  train_loss=0.1878  val_auc=0.6879
22:45:31 | INFO    |   [random] fold 2 early stop @ epoch 20
22:45:31 | INFO    |   [random] fold 3 epoch 0  train_loss=0.5129  val_auc=0.6845
22:45:32 | INFO    |   [random] fold 3 epoch 1  train_loss=0.4550  val_auc=0.7088
22:45:32 | INFO    |   [random] fold 3 epoch 2  train_loss=0.4429  val_auc=0.7078
22:45:33 | INFO    |   [random] fold 3 epoch 3  train_loss=0.4030  val_auc=0.7128
22:45:33 | INFO    |   [random] fold 3 epoch 4  train_loss=0.3814  val_auc=0.7331
22:45:33 | INFO    |   [random] fold 3 epoch 5  train_loss=0.3893  val_auc=0.7634
22:45:34 | INFO    |   [random] fold 3 epoch 6  train_loss=0.3640  val_auc=0.7654
22:45:34 | INFO    |   [random] fold 3 epoch 7  train_loss=0.3109  val_auc=0.7614
22:45:35 | INFO    |   [random] fold 3 epoch 8  train_loss=0.2908  val_auc=0.7321
22:45:35 | INFO    |   [random] fold 3 epoch 9  train_loss=0.2763  val_auc=0.7371
22:45:35 | INFO    |   [random] fold 3 epoch 10  train_loss=0.2478  val_auc=0.7179
22:45:36 | INFO    |   [random] fold 3 epoch 11  train_loss=0.2224  val_auc=0.6936
22:45:36 | INFO    |   [random] fold 3 epoch 12  train_loss=0.2070  val_auc=0.7088
22:45:37 | INFO    |   [random] fold 3 epoch 13  train_loss=0.1612  val_auc=0.7735
22:45:37 | INFO    |   [random] fold 3 epoch 14  train_loss=0.1502  val_auc=0.6744
22:45:37 | INFO    |   [random] fold 3 epoch 15  train_loss=0.1399  val_auc=0.6835
22:45:38 | INFO    |   [random] fold 3 epoch 16  train_loss=0.1171  val_auc=0.7189
22:45:38 | INFO    |   [random] fold 3 epoch 17  train_loss=0.0757  val_auc=0.7492
22:45:38 | INFO    |   [random] fold 3 epoch 18  train_loss=0.0638  val_auc=0.7341
22:45:39 | INFO    |   [random] fold 3 epoch 19  train_loss=0.0617  val_auc=0.6825
22:45:39 | INFO    |   [random] fold 3 epoch 20  train_loss=0.0665  val_auc=0.5945
22:45:39 | INFO    |   [random] fold 3 early stop @ epoch 20
22:45:40 | INFO    |   [random] fold 4 epoch 0  train_loss=0.4531  val_auc=0.3607
22:45:40 | INFO    |   [random] fold 4 epoch 1  train_loss=0.4256  val_auc=0.2984
22:45:41 | INFO    |   [random] fold 4 epoch 2  train_loss=0.4049  val_auc=0.3389
22:45:41 | INFO    |   [random] fold 4 epoch 3  train_loss=0.3898  val_auc=0.3429
22:45:42 | INFO    |   [random] fold 4 epoch 4  train_loss=0.3749  val_auc=0.3429
22:45:42 | INFO    |   [random] fold 4 epoch 5  train_loss=0.3657  val_auc=0.3271
22:45:43 | INFO    |   [random] fold 4 epoch 6  train_loss=0.3580  val_auc=0.3172
22:45:43 | INFO    |   [random] fold 4 epoch 7  train_loss=0.3483  val_auc=0.3053
22:45:43 | INFO    |   [random] fold 4 early stop @ epoch 7
22:45:43 | INFO    | [seed 2024][frac 0.25][random] n_train_pac=31  OOF AUROC=0.5790
22:45:44 | INFO    |   [radimagenet] fold 0 epoch 0  train_loss=0.4720  val_auc=0.5440
22:45:45 | INFO    |   [radimagenet] fold 0 epoch 1  train_loss=0.4592  val_auc=0.4853
22:45:45 | INFO    |   [radimagenet] fold 0 epoch 2  train_loss=0.4482  val_auc=0.4813
22:45:46 | INFO    |   [radimagenet] fold 0 epoch 3  train_loss=0.4346  val_auc=0.5207
22:45:47 | INFO    |   [radimagenet] fold 0 epoch 4  train_loss=0.4219  val_auc=0.5753
22:45:47 | INFO    |   [radimagenet] fold 0 epoch 5  train_loss=0.4018  val_auc=0.5410
22:45:48 | INFO    |   [radimagenet] fold 0 epoch 6  train_loss=0.3868  val_auc=0.5521
22:45:48 | INFO    |   [radimagenet] fold 0 epoch 7  train_loss=0.3519  val_auc=0.5612
22:45:49 | INFO    |   [radimagenet] fold 0 epoch 8  train_loss=0.3303  val_auc=0.5592
22:45:50 | INFO    |   [radimagenet] fold 0 epoch 9  train_loss=0.3089  val_auc=0.6279
22:45:50 | INFO    |   [radimagenet] fold 0 epoch 10  train_loss=0.2763  val_auc=0.6400
22:45:51 | INFO    |   [radimagenet] fold 0 epoch 11  train_loss=0.2331  val_auc=0.6249
22:45:52 | INFO    |   [radimagenet] fold 0 epoch 12  train_loss=0.2209  val_auc=0.5895
22:45:52 | INFO    |   [radimagenet] fold 0 epoch 13  train_loss=0.2009  val_auc=0.6117
22:45:53 | INFO    |   [radimagenet] fold 0 epoch 14  train_loss=0.1438  val_auc=0.6360
22:45:54 | INFO    |   [radimagenet] fold 0 epoch 15  train_loss=0.1375  val_auc=0.6441
22:45:54 | INFO    |   [radimagenet] fold 0 epoch 16  train_loss=0.1223  val_auc=0.5652
22:45:55 | INFO    |   [radimagenet] fold 0 epoch 17  train_loss=0.0987  val_auc=0.5804
22:45:55 | INFO    |   [radimagenet] fold 0 epoch 18  train_loss=0.0866  val_auc=0.5935
22:45:56 | INFO    |   [radimagenet] fold 0 epoch 19  train_loss=0.0820  val_auc=0.5895
22:45:57 | INFO    |   [radimagenet] fold 0 epoch 20  train_loss=0.0619  val_auc=0.6107
22:45:57 | INFO    |   [radimagenet] fold 0 epoch 21  train_loss=0.0708  val_auc=0.6026
22:45:58 | INFO    |   [radimagenet] fold 0 epoch 22  train_loss=0.0586  val_auc=0.5895
22:45:58 | INFO    |   [radimagenet] fold 0 early stop @ epoch 22
22:45:59 | INFO    |   [radimagenet] fold 1 epoch 0  train_loss=0.4520  val_auc=0.6601
22:46:00 | INFO    |   [radimagenet] fold 1 epoch 1  train_loss=0.4506  val_auc=0.5879
22:46:00 | INFO    |   [radimagenet] fold 1 epoch 2  train_loss=0.4303  val_auc=0.5148
22:46:01 | INFO    |   [radimagenet] fold 1 epoch 3  train_loss=0.4365  val_auc=0.5287
22:46:01 | INFO    |   [radimagenet] fold 1 epoch 4  train_loss=0.4209  val_auc=0.5395
22:46:02 | INFO    |   [radimagenet] fold 1 epoch 5  train_loss=0.4216  val_auc=0.5435
22:46:03 | INFO    |   [radimagenet] fold 1 epoch 6  train_loss=0.4117  val_auc=0.5524
22:46:04 | INFO    |   [radimagenet] fold 1 epoch 7  train_loss=0.3929  val_auc=0.5642
22:46:04 | INFO    |   [radimagenet] fold 1 early stop @ epoch 7
22:46:05 | INFO    |   [radimagenet] fold 2 epoch 0  train_loss=0.5441  val_auc=0.4995
22:46:05 | INFO    |   [radimagenet] fold 2 epoch 1  train_loss=0.5172  val_auc=0.4232
22:46:06 | INFO    |   [radimagenet] fold 2 epoch 2  train_loss=0.5055  val_auc=0.4696
22:46:07 | INFO    |   [radimagenet] fold 2 epoch 3  train_loss=0.5003  val_auc=0.6792
22:46:07 | INFO    |   [radimagenet] fold 2 epoch 4  train_loss=0.4911  val_auc=0.6947
22:46:08 | INFO    |   [radimagenet] fold 2 epoch 5  train_loss=0.4717  val_auc=0.6493
22:46:08 | INFO    |   [radimagenet] fold 2 epoch 6  train_loss=0.4600  val_auc=0.6686
22:46:09 | INFO    |   [radimagenet] fold 2 epoch 7  train_loss=0.4352  val_auc=0.7594
22:46:10 | INFO    |   [radimagenet] fold 2 epoch 8  train_loss=0.4125  val_auc=0.6879
22:46:10 | INFO    |   [radimagenet] fold 2 epoch 9  train_loss=0.3853  val_auc=0.6976
22:46:11 | INFO    |   [radimagenet] fold 2 epoch 10  train_loss=0.3536  val_auc=0.6647
22:46:12 | INFO    |   [radimagenet] fold 2 epoch 11  train_loss=0.3086  val_auc=0.6841
22:46:12 | INFO    |   [radimagenet] fold 2 epoch 12  train_loss=0.2807  val_auc=0.6821
22:46:13 | INFO    |   [radimagenet] fold 2 epoch 13  train_loss=0.2284  val_auc=0.6783
22:46:14 | INFO    |   [radimagenet] fold 2 epoch 14  train_loss=0.1932  val_auc=0.6725
22:46:14 | INFO    |   [radimagenet] fold 2 early stop @ epoch 14
22:46:15 | INFO    |   [radimagenet] fold 3 epoch 0  train_loss=0.5234  val_auc=0.6663
22:46:15 | INFO    |   [radimagenet] fold 3 epoch 1  train_loss=0.5058  val_auc=0.6795
22:46:16 | INFO    |   [radimagenet] fold 3 epoch 2  train_loss=0.4921  val_auc=0.6148
22:46:17 | INFO    |   [radimagenet] fold 3 epoch 3  train_loss=0.4892  val_auc=0.6835
22:46:17 | INFO    |   [radimagenet] fold 3 epoch 4  train_loss=0.4579  val_auc=0.7027
22:46:18 | INFO    |   [radimagenet] fold 3 epoch 5  train_loss=0.4477  val_auc=0.7027
22:46:18 | INFO    |   [radimagenet] fold 3 epoch 6  train_loss=0.4371  val_auc=0.7503
22:46:19 | INFO    |   [radimagenet] fold 3 epoch 7  train_loss=0.3947  val_auc=0.7037
22:46:20 | INFO    |   [radimagenet] fold 3 epoch 8  train_loss=0.3597  val_auc=0.7290
22:46:20 | INFO    |   [radimagenet] fold 3 epoch 9  train_loss=0.3241  val_auc=0.7240
22:46:21 | INFO    |   [radimagenet] fold 3 epoch 10  train_loss=0.3028  val_auc=0.7017
22:46:22 | INFO    |   [radimagenet] fold 3 epoch 11  train_loss=0.2521  val_auc=0.7007
22:46:22 | INFO    |   [radimagenet] fold 3 epoch 12  train_loss=0.2214  val_auc=0.7058
22:46:23 | INFO    |   [radimagenet] fold 3 epoch 13  train_loss=0.1803  val_auc=0.7128
22:46:23 | INFO    |   [radimagenet] fold 3 early stop @ epoch 13
22:46:24 | INFO    |   [radimagenet] fold 4 epoch 0  train_loss=0.4510  val_auc=0.3547
22:46:25 | INFO    |   [radimagenet] fold 4 epoch 1  train_loss=0.4376  val_auc=0.4773
22:46:26 | INFO    |   [radimagenet] fold 4 epoch 2  train_loss=0.4273  val_auc=0.4970
22:46:26 | INFO    |   [radimagenet] fold 4 epoch 3  train_loss=0.4212  val_auc=0.6047
22:46:27 | INFO    |   [radimagenet] fold 4 epoch 4  train_loss=0.4063  val_auc=0.6057
22:46:28 | INFO    |   [radimagenet] fold 4 epoch 5  train_loss=0.3941  val_auc=0.6255
22:46:28 | INFO    |   [radimagenet] fold 4 epoch 6  train_loss=0.3720  val_auc=0.6561
22:46:29 | INFO    |   [radimagenet] fold 4 epoch 7  train_loss=0.3469  val_auc=0.6532
22:46:30 | INFO    |   [radimagenet] fold 4 epoch 8  train_loss=0.3181  val_auc=0.6739
22:46:30 | INFO    |   [radimagenet] fold 4 epoch 9  train_loss=0.2913  val_auc=0.6976
22:46:31 | INFO    |   [radimagenet] fold 4 epoch 10  train_loss=0.2522  val_auc=0.6818
22:46:32 | INFO    |   [radimagenet] fold 4 epoch 11  train_loss=0.2237  val_auc=0.6522
22:46:32 | INFO    |   [radimagenet] fold 4 epoch 12  train_loss=0.1878  val_auc=0.6729
22:46:33 | INFO    |   [radimagenet] fold 4 epoch 13  train_loss=0.1491  val_auc=0.6897
22:46:33 | INFO    |   [radimagenet] fold 4 epoch 14  train_loss=0.1309  val_auc=0.7253
22:46:34 | INFO    |   [radimagenet] fold 4 epoch 15  train_loss=0.1078  val_auc=0.7115
22:46:35 | INFO    |   [radimagenet] fold 4 epoch 16  train_loss=0.0868  val_auc=0.7006
22:46:35 | INFO    |   [radimagenet] fold 4 epoch 17  train_loss=0.0701  val_auc=0.6769
22:46:36 | INFO    |   [radimagenet] fold 4 epoch 18  train_loss=0.0593  val_auc=0.6769
22:46:37 | INFO    |   [radimagenet] fold 4 epoch 19  train_loss=0.0451  val_auc=0.6877
22:46:37 | INFO    |   [radimagenet] fold 4 epoch 20  train_loss=0.0402  val_auc=0.6868
22:46:38 | INFO    |   [radimagenet] fold 4 epoch 21  train_loss=0.0385  val_auc=0.6877
22:46:38 | INFO    |   [radimagenet] fold 4 early stop @ epoch 21
22:46:38 | INFO    | [seed 2024][frac 0.50][radimagenet] n_train_pac=60  OOF AUROC=0.6404
22:46:39 | INFO    |   [imagenet] fold 0 epoch 0  train_loss=0.4663  val_auc=0.4661
22:46:40 | INFO    |   [imagenet] fold 0 epoch 1  train_loss=0.4608  val_auc=0.5278
22:46:40 | INFO    |   [imagenet] fold 0 epoch 2  train_loss=0.4512  val_auc=0.6057
22:46:41 | INFO    |   [imagenet] fold 0 epoch 3  train_loss=0.4420  val_auc=0.6309
22:46:42 | INFO    |   [imagenet] fold 0 epoch 4  train_loss=0.4311  val_auc=0.6542
22:46:42 | INFO    |   [imagenet] fold 0 epoch 5  train_loss=0.4191  val_auc=0.6461
22:46:43 | INFO    |   [imagenet] fold 0 epoch 6  train_loss=0.4079  val_auc=0.6390
22:46:44 | INFO    |   [imagenet] fold 0 epoch 7  train_loss=0.3901  val_auc=0.6775
22:46:44 | INFO    |   [imagenet] fold 0 epoch 8  train_loss=0.3722  val_auc=0.7027
22:46:45 | INFO    |   [imagenet] fold 0 epoch 9  train_loss=0.3363  val_auc=0.7017
22:46:46 | INFO    |   [imagenet] fold 0 epoch 10  train_loss=0.3044  val_auc=0.7199
22:46:46 | INFO    |   [imagenet] fold 0 epoch 11  train_loss=0.2683  val_auc=0.6704
22:46:47 | INFO    |   [imagenet] fold 0 epoch 12  train_loss=0.2304  val_auc=0.5885
22:46:48 | INFO    |   [imagenet] fold 0 epoch 13  train_loss=0.1913  val_auc=0.5521
22:46:48 | INFO    |   [imagenet] fold 0 epoch 14  train_loss=0.1637  val_auc=0.5501
22:46:49 | INFO    |   [imagenet] fold 0 epoch 15  train_loss=0.1303  val_auc=0.5339
22:46:49 | INFO    |   [imagenet] fold 0 epoch 16  train_loss=0.1142  val_auc=0.5126
22:46:50 | INFO    |   [imagenet] fold 0 epoch 17  train_loss=0.0944  val_auc=0.5521
22:46:50 | INFO    |   [imagenet] fold 0 early stop @ epoch 17
22:46:51 | INFO    |   [imagenet] fold 1 epoch 0  train_loss=0.4453  val_auc=0.4249
22:46:52 | INFO    |   [imagenet] fold 1 epoch 1  train_loss=0.4351  val_auc=0.5464
22:46:53 | INFO    |   [imagenet] fold 1 epoch 2  train_loss=0.4261  val_auc=0.5711
22:46:53 | INFO    |   [imagenet] fold 1 epoch 3  train_loss=0.4165  val_auc=0.5158
22:46:54 | INFO    |   [imagenet] fold 1 epoch 4  train_loss=0.4016  val_auc=0.4970
22:46:55 | INFO    |   [imagenet] fold 1 epoch 5  train_loss=0.3748  val_auc=0.4773
22:46:55 | INFO    |   [imagenet] fold 1 epoch 6  train_loss=0.3616  val_auc=0.5375
22:46:56 | INFO    |   [imagenet] fold 1 epoch 7  train_loss=0.3437  val_auc=0.5998
22:46:56 | INFO    |   [imagenet] fold 1 epoch 8  train_loss=0.3112  val_auc=0.6245
22:46:57 | INFO    |   [imagenet] fold 1 epoch 9  train_loss=0.2739  val_auc=0.6354
22:46:58 | INFO    |   [imagenet] fold 1 epoch 10  train_loss=0.2442  val_auc=0.5682
22:46:58 | INFO    |   [imagenet] fold 1 epoch 11  train_loss=0.2107  val_auc=0.5721
22:46:59 | INFO    |   [imagenet] fold 1 epoch 12  train_loss=0.1879  val_auc=0.6126
22:47:00 | INFO    |   [imagenet] fold 1 epoch 13  train_loss=0.1644  val_auc=0.6354
22:47:00 | INFO    |   [imagenet] fold 1 epoch 14  train_loss=0.1406  val_auc=0.6433
22:47:01 | INFO    |   [imagenet] fold 1 epoch 15  train_loss=0.1120  val_auc=0.6166
22:47:01 | INFO    |   [imagenet] fold 1 epoch 16  train_loss=0.0925  val_auc=0.6275
22:47:02 | INFO    |   [imagenet] fold 1 epoch 17  train_loss=0.0956  val_auc=0.5909
22:47:03 | INFO    |   [imagenet] fold 1 epoch 18  train_loss=0.0637  val_auc=0.5583
22:47:03 | INFO    |   [imagenet] fold 1 epoch 19  train_loss=0.0498  val_auc=0.5632
22:47:04 | INFO    |   [imagenet] fold 1 epoch 20  train_loss=0.0414  val_auc=0.6393
22:47:05 | INFO    |   [imagenet] fold 1 epoch 21  train_loss=0.0489  val_auc=0.5682
22:47:05 | INFO    |   [imagenet] fold 1 early stop @ epoch 21
22:47:06 | INFO    |   [imagenet] fold 2 epoch 0  train_loss=0.5260  val_auc=0.4937
22:47:07 | INFO    |   [imagenet] fold 2 epoch 1  train_loss=0.5160  val_auc=0.5430
22:47:08 | INFO    |   [imagenet] fold 2 epoch 2  train_loss=0.5133  val_auc=0.5729
22:47:08 | INFO    |   [imagenet] fold 2 epoch 3  train_loss=0.5019  val_auc=0.6512
22:47:09 | INFO    |   [imagenet] fold 2 epoch 4  train_loss=0.4953  val_auc=0.7082
22:47:10 | INFO    |   [imagenet] fold 2 epoch 5  train_loss=0.4830  val_auc=0.6831
22:47:10 | INFO    |   [imagenet] fold 2 epoch 6  train_loss=0.4695  val_auc=0.5932
22:47:11 | INFO    |   [imagenet] fold 2 epoch 7  train_loss=0.4543  val_auc=0.6213
22:47:11 | INFO    |   [imagenet] fold 2 epoch 8  train_loss=0.4248  val_auc=0.6435
22:47:12 | INFO    |   [imagenet] fold 2 epoch 9  train_loss=0.3901  val_auc=0.6589
22:47:13 | INFO    |   [imagenet] fold 2 epoch 10  train_loss=0.3526  val_auc=0.7266
22:47:13 | INFO    |   [imagenet] fold 2 epoch 11  train_loss=0.2990  val_auc=0.7237
22:47:14 | INFO    |   [imagenet] fold 2 epoch 12  train_loss=0.2590  val_auc=0.7401
22:47:15 | INFO    |   [imagenet] fold 2 epoch 13  train_loss=0.1935  val_auc=0.7623
22:47:15 | INFO    |   [imagenet] fold 2 epoch 14  train_loss=0.1778  val_auc=0.7382
22:47:16 | INFO    |   [imagenet] fold 2 epoch 15  train_loss=0.1307  val_auc=0.7874
22:47:17 | INFO    |   [imagenet] fold 2 epoch 16  train_loss=0.1092  val_auc=0.7198
22:47:17 | INFO    |   [imagenet] fold 2 epoch 17  train_loss=0.0777  val_auc=0.6589
22:47:18 | INFO    |   [imagenet] fold 2 epoch 18  train_loss=0.0614  val_auc=0.6792
22:47:18 | INFO    |   [imagenet] fold 2 epoch 19  train_loss=0.0442  val_auc=0.7150
22:47:19 | INFO    |   [imagenet] fold 2 epoch 20  train_loss=0.0505  val_auc=0.7130
22:47:20 | INFO    |   [imagenet] fold 2 epoch 21  train_loss=0.0357  val_auc=0.7478
22:47:20 | INFO    |   [imagenet] fold 2 epoch 22  train_loss=0.0534  val_auc=0.7585
22:47:20 | INFO    |   [imagenet] fold 2 early stop @ epoch 22
22:47:22 | INFO    |   [imagenet] fold 3 epoch 0  train_loss=0.5193  val_auc=0.5076
22:47:22 | INFO    |   [imagenet] fold 3 epoch 1  train_loss=0.5121  val_auc=0.4803
22:47:23 | INFO    |   [imagenet] fold 3 epoch 2  train_loss=0.5078  val_auc=0.6380
22:47:23 | INFO    |   [imagenet] fold 3 epoch 3  train_loss=0.5018  val_auc=0.6229
22:47:24 | INFO    |   [imagenet] fold 3 epoch 4  train_loss=0.4898  val_auc=0.6390
22:47:25 | INFO    |   [imagenet] fold 3 epoch 5  train_loss=0.4801  val_auc=0.6805
22:47:25 | INFO    |   [imagenet] fold 3 epoch 6  train_loss=0.4587  val_auc=0.6744
22:47:26 | INFO    |   [imagenet] fold 3 epoch 7  train_loss=0.4429  val_auc=0.7159
22:47:27 | INFO    |   [imagenet] fold 3 epoch 8  train_loss=0.4125  val_auc=0.6026
22:47:28 | INFO    |   [imagenet] fold 3 epoch 9  train_loss=0.3792  val_auc=0.6158
22:47:28 | INFO    |   [imagenet] fold 3 epoch 10  train_loss=0.3508  val_auc=0.6906
22:47:29 | INFO    |   [imagenet] fold 3 epoch 11  train_loss=0.3111  val_auc=0.5925
22:47:30 | INFO    |   [imagenet] fold 3 epoch 12  train_loss=0.2799  val_auc=0.5177
22:47:30 | INFO    |   [imagenet] fold 3 epoch 13  train_loss=0.2284  val_auc=0.5430
22:47:31 | INFO    |   [imagenet] fold 3 epoch 14  train_loss=0.1827  val_auc=0.5521
22:47:31 | INFO    |   [imagenet] fold 3 early stop @ epoch 14
22:47:32 | INFO    |   [imagenet] fold 4 epoch 0  train_loss=0.4469  val_auc=0.4763
22:47:33 | INFO    |   [imagenet] fold 4 epoch 1  train_loss=0.4452  val_auc=0.4654
22:47:33 | INFO    |   [imagenet] fold 4 epoch 2  train_loss=0.4392  val_auc=0.4980
22:47:34 | INFO    |   [imagenet] fold 4 epoch 3  train_loss=0.4332  val_auc=0.4555
22:47:35 | INFO    |   [imagenet] fold 4 epoch 4  train_loss=0.4208  val_auc=0.4753
22:47:35 | INFO    |   [imagenet] fold 4 epoch 5  train_loss=0.4120  val_auc=0.5563
22:47:36 | INFO    |   [imagenet] fold 4 epoch 6  train_loss=0.4033  val_auc=0.5415
22:47:37 | INFO    |   [imagenet] fold 4 epoch 7  train_loss=0.3832  val_auc=0.5988
22:47:37 | INFO    |   [imagenet] fold 4 epoch 8  train_loss=0.3645  val_auc=0.5988
22:47:38 | INFO    |   [imagenet] fold 4 epoch 9  train_loss=0.3405  val_auc=0.6344
22:47:39 | INFO    |   [imagenet] fold 4 epoch 10  train_loss=0.3083  val_auc=0.5899
22:47:39 | INFO    |   [imagenet] fold 4 epoch 11  train_loss=0.2738  val_auc=0.6087
22:47:40 | INFO    |   [imagenet] fold 4 epoch 12  train_loss=0.2514  val_auc=0.6719
22:47:40 | INFO    |   [imagenet] fold 4 epoch 13  train_loss=0.2041  val_auc=0.6779
22:47:41 | INFO    |   [imagenet] fold 4 epoch 14  train_loss=0.1674  val_auc=0.7085
22:47:42 | INFO    |   [imagenet] fold 4 epoch 15  train_loss=0.1391  val_auc=0.7036
22:47:42 | INFO    |   [imagenet] fold 4 epoch 16  train_loss=0.1140  val_auc=0.7095
22:47:43 | INFO    |   [imagenet] fold 4 epoch 17  train_loss=0.0854  val_auc=0.7619
22:47:44 | INFO    |   [imagenet] fold 4 epoch 18  train_loss=0.0686  val_auc=0.6996
22:47:44 | INFO    |   [imagenet] fold 4 epoch 19  train_loss=0.0627  val_auc=0.6897
22:47:45 | INFO    |   [imagenet] fold 4 epoch 20  train_loss=0.0601  val_auc=0.7026
22:47:45 | INFO    |   [imagenet] fold 4 epoch 21  train_loss=0.0456  val_auc=0.7026
22:47:46 | INFO    |   [imagenet] fold 4 epoch 22  train_loss=0.0417  val_auc=0.6512
22:47:47 | INFO    |   [imagenet] fold 4 epoch 23  train_loss=0.0409  val_auc=0.6245
22:47:48 | INFO    |   [imagenet] fold 4 epoch 24  train_loss=0.0352  val_auc=0.6670
22:47:48 | INFO    |   [imagenet] fold 4 early stop @ epoch 24
22:47:48 | INFO    | [seed 2024][frac 0.50][imagenet] n_train_pac=60  OOF AUROC=0.6358
22:47:49 | INFO    |   [random] fold 0 epoch 0  train_loss=0.4806  val_auc=0.5945
22:47:49 | INFO    |   [random] fold 0 epoch 1  train_loss=0.4636  val_auc=0.6623
22:47:50 | INFO    |   [random] fold 0 epoch 2  train_loss=0.4321  val_auc=0.6421
22:47:51 | INFO    |   [random] fold 0 epoch 3  train_loss=0.4195  val_auc=0.6663
22:47:51 | INFO    |   [random] fold 0 epoch 4  train_loss=0.4023  val_auc=0.6532
22:47:52 | INFO    |   [random] fold 0 epoch 5  train_loss=0.3819  val_auc=0.6158
22:47:53 | INFO    |   [random] fold 0 epoch 6  train_loss=0.3705  val_auc=0.5238
22:47:53 | INFO    |   [random] fold 0 epoch 7  train_loss=0.3318  val_auc=0.5197
22:47:54 | INFO    |   [random] fold 0 epoch 8  train_loss=0.3349  val_auc=0.5814
22:47:54 | INFO    |   [random] fold 0 epoch 9  train_loss=0.3035  val_auc=0.6350
22:47:55 | INFO    |   [random] fold 0 epoch 10  train_loss=0.2514  val_auc=0.6309
22:47:55 | INFO    |   [random] fold 0 early stop @ epoch 10
22:47:56 | INFO    |   [random] fold 1 epoch 0  train_loss=0.4490  val_auc=0.6166
22:47:57 | INFO    |   [random] fold 1 epoch 1  train_loss=0.4299  val_auc=0.6818
22:47:57 | INFO    |   [random] fold 1 epoch 2  train_loss=0.4006  val_auc=0.7204
22:47:58 | INFO    |   [random] fold 1 epoch 3  train_loss=0.3878  val_auc=0.7253
22:47:59 | INFO    |   [random] fold 1 epoch 4  train_loss=0.3823  val_auc=0.6858
22:47:59 | INFO    |   [random] fold 1 epoch 5  train_loss=0.3464  val_auc=0.6433
22:48:00 | INFO    |   [random] fold 1 epoch 6  train_loss=0.3257  val_auc=0.6136
22:48:00 | INFO    |   [random] fold 1 epoch 7  train_loss=0.3091  val_auc=0.5958
22:48:01 | INFO    |   [random] fold 1 epoch 8  train_loss=0.2792  val_auc=0.5919
22:48:02 | INFO    |   [random] fold 1 epoch 9  train_loss=0.2350  val_auc=0.5810
22:48:02 | INFO    |   [random] fold 1 epoch 10  train_loss=0.2192  val_auc=0.5968
22:48:02 | INFO    |   [random] fold 1 early stop @ epoch 10
22:48:03 | INFO    |   [random] fold 2 epoch 0  train_loss=0.5371  val_auc=0.6357
22:48:04 | INFO    |   [random] fold 2 epoch 1  train_loss=0.4892  val_auc=0.6560
22:48:05 | INFO    |   [random] fold 2 epoch 2  train_loss=0.4572  val_auc=0.6763
22:48:05 | INFO    |   [random] fold 2 epoch 3  train_loss=0.4398  val_auc=0.7005
22:48:06 | INFO    |   [random] fold 2 epoch 4  train_loss=0.4198  val_auc=0.7285
22:48:07 | INFO    |   [random] fold 2 epoch 5  train_loss=0.3717  val_auc=0.7208
22:48:07 | INFO    |   [random] fold 2 epoch 6  train_loss=0.3587  val_auc=0.7014
22:48:08 | INFO    |   [random] fold 2 epoch 7  train_loss=0.3229  val_auc=0.6647
22:48:09 | INFO    |   [random] fold 2 epoch 8  train_loss=0.2869  val_auc=0.6966
22:48:09 | INFO    |   [random] fold 2 epoch 9  train_loss=0.2509  val_auc=0.6435
22:48:10 | INFO    |   [random] fold 2 epoch 10  train_loss=0.2032  val_auc=0.7671
22:48:11 | INFO    |   [random] fold 2 epoch 11  train_loss=0.2567  val_auc=0.7333
22:48:11 | INFO    |   [random] fold 2 epoch 12  train_loss=0.2494  val_auc=0.6850
22:48:12 | INFO    |   [random] fold 2 epoch 13  train_loss=0.1580  val_auc=0.7314
22:48:12 | INFO    |   [random] fold 2 epoch 14  train_loss=0.1194  val_auc=0.6367
22:48:13 | INFO    |   [random] fold 2 epoch 15  train_loss=0.0863  val_auc=0.6802
22:48:14 | INFO    |   [random] fold 2 epoch 16  train_loss=0.0738  val_auc=0.6300
22:48:14 | INFO    |   [random] fold 2 epoch 17  train_loss=0.0489  val_auc=0.6783
22:48:14 | INFO    |   [random] fold 2 early stop @ epoch 17
22:48:15 | INFO    |   [random] fold 3 epoch 0  train_loss=0.5231  val_auc=0.6906
22:48:16 | INFO    |   [random] fold 3 epoch 1  train_loss=0.4933  val_auc=0.5581
22:48:17 | INFO    |   [random] fold 3 epoch 2  train_loss=0.4758  val_auc=0.5915
22:48:17 | INFO    |   [random] fold 3 epoch 3  train_loss=0.4651  val_auc=0.5349
22:48:18 | INFO    |   [random] fold 3 epoch 4  train_loss=0.4254  val_auc=0.5662
22:48:19 | INFO    |   [random] fold 3 epoch 5  train_loss=0.3907  val_auc=0.5895
22:48:19 | INFO    |   [random] fold 3 epoch 6  train_loss=0.3638  val_auc=0.5672
22:48:20 | INFO    |   [random] fold 3 epoch 7  train_loss=0.3331  val_auc=0.6168
22:48:20 | INFO    |   [random] fold 3 early stop @ epoch 7
22:48:21 | INFO    |   [random] fold 4 epoch 0  train_loss=0.4618  val_auc=0.5781
22:48:22 | INFO    |   [random] fold 4 epoch 1  train_loss=0.4224  val_auc=0.5504
22:48:22 | INFO    |   [random] fold 4 epoch 2  train_loss=0.4096  val_auc=0.4437
22:48:23 | INFO    |   [random] fold 4 epoch 3  train_loss=0.3920  val_auc=0.5326
22:48:23 | INFO    |   [random] fold 4 epoch 4  train_loss=0.3802  val_auc=0.4605
22:48:24 | INFO    |   [random] fold 4 epoch 5  train_loss=0.3526  val_auc=0.4239
22:48:25 | INFO    |   [random] fold 4 epoch 6  train_loss=0.3340  val_auc=0.4595
22:48:25 | INFO    |   [random] fold 4 epoch 7  train_loss=0.3039  val_auc=0.6245
22:48:26 | INFO    |   [random] fold 4 epoch 8  train_loss=0.2734  val_auc=0.5346
22:48:27 | INFO    |   [random] fold 4 epoch 9  train_loss=0.2444  val_auc=0.5514
22:48:27 | INFO    |   [random] fold 4 epoch 10  train_loss=0.2116  val_auc=0.4506
22:48:28 | INFO    |   [random] fold 4 epoch 11  train_loss=0.1762  val_auc=0.4763
22:48:28 | INFO    |   [random] fold 4 epoch 12  train_loss=0.1475  val_auc=0.5474
22:48:29 | INFO    |   [random] fold 4 epoch 13  train_loss=0.1045  val_auc=0.4872
22:48:30 | INFO    |   [random] fold 4 epoch 14  train_loss=0.0881  val_auc=0.5316
22:48:30 | INFO    |   [random] fold 4 early stop @ epoch 14
22:48:30 | INFO    | [seed 2024][frac 0.50][random] n_train_pac=60  OOF AUROC=0.5403
22:48:32 | INFO    |   [radimagenet] fold 0 epoch 0  train_loss=0.4990  val_auc=0.5157
22:48:33 | INFO    |   [radimagenet] fold 0 epoch 1  train_loss=0.4882  val_auc=0.5137
22:48:34 | INFO    |   [radimagenet] fold 0 epoch 2  train_loss=0.4598  val_auc=0.5410
22:48:35 | INFO    |   [radimagenet] fold 0 epoch 3  train_loss=0.4568  val_auc=0.5420
22:48:36 | INFO    |   [radimagenet] fold 0 epoch 4  train_loss=0.4410  val_auc=0.5349
22:48:37 | INFO    |   [radimagenet] fold 0 epoch 5  train_loss=0.4236  val_auc=0.6047
22:48:38 | INFO    |   [radimagenet] fold 0 epoch 6  train_loss=0.3841  val_auc=0.5976
22:48:40 | INFO    |   [radimagenet] fold 0 epoch 7  train_loss=0.3515  val_auc=0.6279
22:48:41 | INFO    |   [radimagenet] fold 0 epoch 8  train_loss=0.2882  val_auc=0.6340
22:48:42 | INFO    |   [radimagenet] fold 0 epoch 9  train_loss=0.2406  val_auc=0.6512
22:48:43 | INFO    |   [radimagenet] fold 0 epoch 10  train_loss=0.1739  val_auc=0.6451
22:48:44 | INFO    |   [radimagenet] fold 0 epoch 11  train_loss=0.1338  val_auc=0.6512
22:48:45 | INFO    |   [radimagenet] fold 0 epoch 12  train_loss=0.0922  val_auc=0.6502
22:48:46 | INFO    |   [radimagenet] fold 0 epoch 13  train_loss=0.0683  val_auc=0.6350
22:48:48 | INFO    |   [radimagenet] fold 0 epoch 14  train_loss=0.0599  val_auc=0.6431
22:48:49 | INFO    |   [radimagenet] fold 0 epoch 15  train_loss=0.0428  val_auc=0.6320
22:48:50 | INFO    |   [radimagenet] fold 0 epoch 16  train_loss=0.0405  val_auc=0.6239
22:48:50 | INFO    |   [radimagenet] fold 0 early stop @ epoch 16
22:48:52 | INFO    |   [radimagenet] fold 1 epoch 0  train_loss=0.4768  val_auc=0.5721
22:48:53 | INFO    |   [radimagenet] fold 1 epoch 1  train_loss=0.4662  val_auc=0.5395
22:48:54 | INFO    |   [radimagenet] fold 1 epoch 2  train_loss=0.4513  val_auc=0.5820
22:48:55 | INFO    |   [radimagenet] fold 1 epoch 3  train_loss=0.4329  val_auc=0.5978
22:48:57 | INFO    |   [radimagenet] fold 1 epoch 4  train_loss=0.4007  val_auc=0.5860
22:48:58 | INFO    |   [radimagenet] fold 1 epoch 5  train_loss=0.3619  val_auc=0.6709
22:48:59 | INFO    |   [radimagenet] fold 1 epoch 6  train_loss=0.3044  val_auc=0.6660
22:49:00 | INFO    |   [radimagenet] fold 1 epoch 7  train_loss=0.2403  val_auc=0.6304
22:49:01 | INFO    |   [radimagenet] fold 1 epoch 8  train_loss=0.1677  val_auc=0.7194
22:49:02 | INFO    |   [radimagenet] fold 1 epoch 9  train_loss=0.1312  val_auc=0.6947
22:49:03 | INFO    |   [radimagenet] fold 1 epoch 10  train_loss=0.0840  val_auc=0.6986
22:49:04 | INFO    |   [radimagenet] fold 1 epoch 11  train_loss=0.0572  val_auc=0.7154
22:49:06 | INFO    |   [radimagenet] fold 1 epoch 12  train_loss=0.0487  val_auc=0.5929
22:49:07 | INFO    |   [radimagenet] fold 1 epoch 13  train_loss=0.0376  val_auc=0.6383
22:49:08 | INFO    |   [radimagenet] fold 1 epoch 14  train_loss=0.0310  val_auc=0.6947
22:49:09 | INFO    |   [radimagenet] fold 1 epoch 15  train_loss=0.0235  val_auc=0.7421
22:49:10 | INFO    |   [radimagenet] fold 1 epoch 16  train_loss=0.0246  val_auc=0.7144
22:49:11 | INFO    |   [radimagenet] fold 1 epoch 17  train_loss=0.0195  val_auc=0.7302
22:49:13 | INFO    |   [radimagenet] fold 1 epoch 18  train_loss=0.0166  val_auc=0.7263
22:49:14 | INFO    |   [radimagenet] fold 1 epoch 19  train_loss=0.0147  val_auc=0.7441
22:49:15 | INFO    |   [radimagenet] fold 1 epoch 20  train_loss=0.0169  val_auc=0.7520
22:49:16 | INFO    |   [radimagenet] fold 1 epoch 21  train_loss=0.0128  val_auc=0.7381
22:49:17 | INFO    |   [radimagenet] fold 1 epoch 22  train_loss=0.0164  val_auc=0.7421
22:49:18 | INFO    |   [radimagenet] fold 1 epoch 23  train_loss=0.0166  val_auc=0.7411
22:49:19 | INFO    |   [radimagenet] fold 1 epoch 24  train_loss=0.0139  val_auc=0.7441
22:49:20 | INFO    |   [radimagenet] fold 1 epoch 25  train_loss=0.0113  val_auc=0.7391
22:49:22 | INFO    |   [radimagenet] fold 1 epoch 26  train_loss=0.0144  val_auc=0.7451
22:49:23 | INFO    |   [radimagenet] fold 1 epoch 27  train_loss=0.0135  val_auc=0.7480
22:49:23 | INFO    |   [radimagenet] fold 1 early stop @ epoch 27
22:49:24 | INFO    |   [radimagenet] fold 2 epoch 0  train_loss=0.4864  val_auc=0.4377
22:49:25 | INFO    |   [radimagenet] fold 2 epoch 1  train_loss=0.4697  val_auc=0.6493
22:49:27 | INFO    |   [radimagenet] fold 2 epoch 2  train_loss=0.4609  val_auc=0.7333
22:49:28 | INFO    |   [radimagenet] fold 2 epoch 3  train_loss=0.4431  val_auc=0.7575
22:49:29 | INFO    |   [radimagenet] fold 2 epoch 4  train_loss=0.4286  val_auc=0.7874
22:49:30 | INFO    |   [radimagenet] fold 2 epoch 5  train_loss=0.3991  val_auc=0.7884
22:49:31 | INFO    |   [radimagenet] fold 2 epoch 6  train_loss=0.3542  val_auc=0.7324
22:49:33 | INFO    |   [radimagenet] fold 2 epoch 7  train_loss=0.3030  val_auc=0.7072
22:49:34 | INFO    |   [radimagenet] fold 2 epoch 8  train_loss=0.2423  val_auc=0.7324
22:49:36 | INFO    |   [radimagenet] fold 2 epoch 9  train_loss=0.1857  val_auc=0.7275
22:49:37 | INFO    |   [radimagenet] fold 2 epoch 10  train_loss=0.1294  val_auc=0.7246
22:49:38 | INFO    |   [radimagenet] fold 2 epoch 11  train_loss=0.1206  val_auc=0.7208
22:49:39 | INFO    |   [radimagenet] fold 2 epoch 12  train_loss=0.0695  val_auc=0.7111
22:49:39 | INFO    |   [radimagenet] fold 2 early stop @ epoch 12
22:49:41 | INFO    |   [radimagenet] fold 3 epoch 0  train_loss=0.4957  val_auc=0.7048
22:49:42 | INFO    |   [radimagenet] fold 3 epoch 1  train_loss=0.4756  val_auc=0.5794
22:49:43 | INFO    |   [radimagenet] fold 3 epoch 2  train_loss=0.4661  val_auc=0.5844
22:49:44 | INFO    |   [radimagenet] fold 3 epoch 3  train_loss=0.4630  val_auc=0.6663
22:49:45 | INFO    |   [radimagenet] fold 3 epoch 4  train_loss=0.4547  val_auc=0.6694
22:49:46 | INFO    |   [radimagenet] fold 3 epoch 5  train_loss=0.4398  val_auc=0.6876
22:49:47 | INFO    |   [radimagenet] fold 3 epoch 6  train_loss=0.4207  val_auc=0.6764
22:49:49 | INFO    |   [radimagenet] fold 3 epoch 7  train_loss=0.3702  val_auc=0.6805
22:49:49 | INFO    |   [radimagenet] fold 3 early stop @ epoch 7
22:49:50 | INFO    |   [radimagenet] fold 4 epoch 0  train_loss=0.4796  val_auc=0.4229
22:49:51 | INFO    |   [radimagenet] fold 4 epoch 1  train_loss=0.4686  val_auc=0.6038
22:49:52 | INFO    |   [radimagenet] fold 4 epoch 2  train_loss=0.4521  val_auc=0.6838
22:49:54 | INFO    |   [radimagenet] fold 4 epoch 3  train_loss=0.4393  val_auc=0.6729
22:49:55 | INFO    |   [radimagenet] fold 4 epoch 4  train_loss=0.4168  val_auc=0.7362
22:49:56 | INFO    |   [radimagenet] fold 4 epoch 5  train_loss=0.3978  val_auc=0.7796
22:49:57 | INFO    |   [radimagenet] fold 4 epoch 6  train_loss=0.3537  val_auc=0.7678
22:49:58 | INFO    |   [radimagenet] fold 4 epoch 7  train_loss=0.2975  val_auc=0.7885
22:49:59 | INFO    |   [radimagenet] fold 4 epoch 8  train_loss=0.2479  val_auc=0.7737
22:50:01 | INFO    |   [radimagenet] fold 4 epoch 9  train_loss=0.1855  val_auc=0.8053
22:50:02 | INFO    |   [radimagenet] fold 4 epoch 10  train_loss=0.1342  val_auc=0.8142
22:50:03 | INFO    |   [radimagenet] fold 4 epoch 11  train_loss=0.0981  val_auc=0.7609
22:50:04 | INFO    |   [radimagenet] fold 4 epoch 12  train_loss=0.0661  val_auc=0.7915
22:50:05 | INFO    |   [radimagenet] fold 4 epoch 13  train_loss=0.0473  val_auc=0.7796
22:50:07 | INFO    |   [radimagenet] fold 4 epoch 14  train_loss=0.0377  val_auc=0.7915
22:50:08 | INFO    |   [radimagenet] fold 4 epoch 15  train_loss=0.0376  val_auc=0.7777
22:50:09 | INFO    |   [radimagenet] fold 4 epoch 16  train_loss=0.0408  val_auc=0.7816
22:50:10 | INFO    |   [radimagenet] fold 4 epoch 17  train_loss=0.0306  val_auc=0.7955
22:50:10 | INFO    |   [radimagenet] fold 4 early stop @ epoch 17
22:50:10 | INFO    | [seed 2024][frac 1.00][radimagenet] n_train_pac=119  OOF AUROC=0.6869
22:50:12 | INFO    |   [imagenet] fold 0 epoch 0  train_loss=0.4785  val_auc=0.5875
22:50:13 | INFO    |   [imagenet] fold 0 epoch 1  train_loss=0.4688  val_auc=0.6633
22:50:14 | INFO    |   [imagenet] fold 0 epoch 2  train_loss=0.4582  val_auc=0.6997
22:50:15 | INFO    |   [imagenet] fold 0 epoch 3  train_loss=0.4465  val_auc=0.7674
22:50:17 | INFO    |   [imagenet] fold 0 epoch 4  train_loss=0.4284  val_auc=0.7503
22:50:18 | INFO    |   [imagenet] fold 0 epoch 5  train_loss=0.3958  val_auc=0.7634
22:50:19 | INFO    |   [imagenet] fold 0 epoch 6  train_loss=0.3595  val_auc=0.6815
22:50:20 | INFO    |   [imagenet] fold 0 epoch 7  train_loss=0.2813  val_auc=0.6734
22:50:21 | INFO    |   [imagenet] fold 0 epoch 8  train_loss=0.2059  val_auc=0.6603
22:50:22 | INFO    |   [imagenet] fold 0 epoch 9  train_loss=0.1292  val_auc=0.6512
22:50:23 | INFO    |   [imagenet] fold 0 epoch 10  train_loss=0.0782  val_auc=0.5632
22:50:23 | INFO    |   [imagenet] fold 0 early stop @ epoch 10
22:50:25 | INFO    |   [imagenet] fold 1 epoch 0  train_loss=0.4743  val_auc=0.4743
22:50:27 | INFO    |   [imagenet] fold 1 epoch 1  train_loss=0.4663  val_auc=0.4951
22:50:28 | INFO    |   [imagenet] fold 1 epoch 2  train_loss=0.4569  val_auc=0.5998
22:50:29 | INFO    |   [imagenet] fold 1 epoch 3  train_loss=0.4375  val_auc=0.5711
22:50:30 | INFO    |   [imagenet] fold 1 epoch 4  train_loss=0.4075  val_auc=0.5771
22:50:31 | INFO    |   [imagenet] fold 1 epoch 5  train_loss=0.3639  val_auc=0.6561
22:50:32 | INFO    |   [imagenet] fold 1 epoch 6  train_loss=0.3041  val_auc=0.7134
22:50:33 | INFO    |   [imagenet] fold 1 epoch 7  train_loss=0.2220  val_auc=0.6354
22:50:34 | INFO    |   [imagenet] fold 1 epoch 8  train_loss=0.1505  val_auc=0.6759
22:50:36 | INFO    |   [imagenet] fold 1 epoch 9  train_loss=0.1035  val_auc=0.6680
22:50:37 | INFO    |   [imagenet] fold 1 epoch 10  train_loss=0.0668  val_auc=0.5899
22:50:38 | INFO    |   [imagenet] fold 1 epoch 11  train_loss=0.0518  val_auc=0.6808
22:50:39 | INFO    |   [imagenet] fold 1 epoch 12  train_loss=0.0332  val_auc=0.6166
22:50:40 | INFO    |   [imagenet] fold 1 epoch 13  train_loss=0.0228  val_auc=0.6749
22:50:40 | INFO    |   [imagenet] fold 1 early stop @ epoch 13
22:50:42 | INFO    |   [imagenet] fold 2 epoch 0  train_loss=0.4779  val_auc=0.4947
22:50:43 | INFO    |   [imagenet] fold 2 epoch 1  train_loss=0.4713  val_auc=0.5787
22:50:44 | INFO    |   [imagenet] fold 2 epoch 2  train_loss=0.4619  val_auc=0.5836
22:50:46 | INFO    |   [imagenet] fold 2 epoch 3  train_loss=0.4515  val_auc=0.6657
22:50:47 | INFO    |   [imagenet] fold 2 epoch 4  train_loss=0.4312  val_auc=0.6667
22:50:48 | INFO    |   [imagenet] fold 2 epoch 5  train_loss=0.3988  val_auc=0.7266
22:50:49 | INFO    |   [imagenet] fold 2 epoch 6  train_loss=0.3514  val_auc=0.8126
22:50:50 | INFO    |   [imagenet] fold 2 epoch 7  train_loss=0.2843  val_auc=0.8348
22:50:51 | INFO    |   [imagenet] fold 2 epoch 8  train_loss=0.1892  val_auc=0.7498
22:50:52 | INFO    |   [imagenet] fold 2 epoch 9  train_loss=0.1340  val_auc=0.8126
22:50:54 | INFO    |   [imagenet] fold 2 epoch 10  train_loss=0.0965  val_auc=0.7304
22:50:55 | INFO    |   [imagenet] fold 2 epoch 11  train_loss=0.0544  val_auc=0.7401
22:50:56 | INFO    |   [imagenet] fold 2 epoch 12  train_loss=0.0417  val_auc=0.7932
22:50:57 | INFO    |   [imagenet] fold 2 epoch 13  train_loss=0.0499  val_auc=0.7816
22:50:58 | INFO    |   [imagenet] fold 2 epoch 14  train_loss=0.0506  val_auc=0.7256
22:50:58 | INFO    |   [imagenet] fold 2 early stop @ epoch 14
22:51:00 | INFO    |   [imagenet] fold 3 epoch 0  train_loss=0.4789  val_auc=0.6036
22:51:01 | INFO    |   [imagenet] fold 3 epoch 1  train_loss=0.4680  val_auc=0.6067
22:51:03 | INFO    |   [imagenet] fold 3 epoch 2  train_loss=0.4660  val_auc=0.5925
22:51:04 | INFO    |   [imagenet] fold 3 epoch 3  train_loss=0.4513  val_auc=0.6835
22:51:05 | INFO    |   [imagenet] fold 3 epoch 4  train_loss=0.4339  val_auc=0.5774
22:51:06 | INFO    |   [imagenet] fold 3 epoch 5  train_loss=0.4076  val_auc=0.6552
22:51:07 | INFO    |   [imagenet] fold 3 epoch 6  train_loss=0.3708  val_auc=0.6876
22:51:08 | INFO    |   [imagenet] fold 3 epoch 7  train_loss=0.3069  val_auc=0.6744
22:51:10 | INFO    |   [imagenet] fold 3 epoch 8  train_loss=0.2310  val_auc=0.6390
22:51:11 | INFO    |   [imagenet] fold 3 epoch 9  train_loss=0.1555  val_auc=0.6279
22:51:12 | INFO    |   [imagenet] fold 3 epoch 10  train_loss=0.1140  val_auc=0.6876
22:51:13 | INFO    |   [imagenet] fold 3 epoch 11  train_loss=0.0753  val_auc=0.6481
22:51:14 | INFO    |   [imagenet] fold 3 epoch 12  train_loss=0.0618  val_auc=0.6188
22:51:15 | INFO    |   [imagenet] fold 3 epoch 13  train_loss=0.0402  val_auc=0.6643
22:51:15 | INFO    |   [imagenet] fold 3 early stop @ epoch 13
22:51:17 | INFO    |   [imagenet] fold 4 epoch 0  train_loss=0.4758  val_auc=0.3972
22:51:19 | INFO    |   [imagenet] fold 4 epoch 1  train_loss=0.4686  val_auc=0.5672
22:51:20 | INFO    |   [imagenet] fold 4 epoch 2  train_loss=0.4589  val_auc=0.5296
22:51:21 | INFO    |   [imagenet] fold 4 epoch 3  train_loss=0.4448  val_auc=0.5484
22:51:22 | INFO    |   [imagenet] fold 4 epoch 4  train_loss=0.4296  val_auc=0.5988
22:51:23 | INFO    |   [imagenet] fold 4 epoch 5  train_loss=0.4073  val_auc=0.7441
22:51:24 | INFO    |   [imagenet] fold 4 epoch 6  train_loss=0.3643  val_auc=0.8004
22:51:25 | INFO    |   [imagenet] fold 4 epoch 7  train_loss=0.2960  val_auc=0.8231
22:51:26 | INFO    |   [imagenet] fold 4 epoch 8  train_loss=0.2415  val_auc=0.7105
22:51:28 | INFO    |   [imagenet] fold 4 epoch 9  train_loss=0.1550  val_auc=0.7974
22:51:29 | INFO    |   [imagenet] fold 4 epoch 10  train_loss=0.1006  val_auc=0.8103
22:51:30 | INFO    |   [imagenet] fold 4 epoch 11  train_loss=0.0647  val_auc=0.7381
22:51:31 | INFO    |   [imagenet] fold 4 epoch 12  train_loss=0.0446  val_auc=0.7085
22:51:32 | INFO    |   [imagenet] fold 4 epoch 13  train_loss=0.0339  val_auc=0.7708
22:51:33 | INFO    |   [imagenet] fold 4 epoch 14  train_loss=0.0398  val_auc=0.7352
22:51:33 | INFO    |   [imagenet] fold 4 early stop @ epoch 14
22:51:33 | INFO    | [seed 2024][frac 1.00][imagenet] n_train_pac=119  OOF AUROC=0.6813
22:51:35 | INFO    |   [random] fold 0 epoch 0  train_loss=0.4888  val_auc=0.6229
22:51:36 | INFO    |   [random] fold 0 epoch 1  train_loss=0.4517  val_auc=0.5167
22:51:37 | INFO    |   [random] fold 0 epoch 2  train_loss=0.4294  val_auc=0.5672
22:51:38 | INFO    |   [random] fold 0 epoch 3  train_loss=0.4261  val_auc=0.5086
22:51:40 | INFO    |   [random] fold 0 epoch 4  train_loss=0.3936  val_auc=0.6451
22:51:41 | INFO    |   [random] fold 0 epoch 5  train_loss=0.3525  val_auc=0.6512
22:51:42 | INFO    |   [random] fold 0 epoch 6  train_loss=0.3377  val_auc=0.6107
22:51:43 | INFO    |   [random] fold 0 epoch 7  train_loss=0.3046  val_auc=0.6218
22:51:44 | INFO    |   [random] fold 0 epoch 8  train_loss=0.2884  val_auc=0.7108
22:51:45 | INFO    |   [random] fold 0 epoch 9  train_loss=0.2243  val_auc=0.6208
22:51:46 | INFO    |   [random] fold 0 epoch 10  train_loss=0.2068  val_auc=0.6775
22:51:48 | INFO    |   [random] fold 0 epoch 11  train_loss=0.1555  val_auc=0.6603
22:51:49 | INFO    |   [random] fold 0 epoch 12  train_loss=0.0877  val_auc=0.6673
22:51:50 | INFO    |   [random] fold 0 epoch 13  train_loss=0.0694  val_auc=0.6451
22:51:51 | INFO    |   [random] fold 0 epoch 14  train_loss=0.0773  val_auc=0.6502
22:51:52 | INFO    |   [random] fold 0 epoch 15  train_loss=0.0810  val_auc=0.5672
22:51:52 | INFO    |   [random] fold 0 early stop @ epoch 15
22:51:54 | INFO    |   [random] fold 1 epoch 0  train_loss=0.4781  val_auc=0.6423
22:51:55 | INFO    |   [random] fold 1 epoch 1  train_loss=0.4423  val_auc=0.7105
22:51:56 | INFO    |   [random] fold 1 epoch 2  train_loss=0.4054  val_auc=0.6640
22:51:57 | INFO    |   [random] fold 1 epoch 3  train_loss=0.3862  val_auc=0.5336
22:51:58 | INFO    |   [random] fold 1 epoch 4  train_loss=0.3757  val_auc=0.6344
22:52:00 | INFO    |   [random] fold 1 epoch 5  train_loss=0.3376  val_auc=0.5227
22:52:01 | INFO    |   [random] fold 1 epoch 6  train_loss=0.3105  val_auc=0.6364
22:52:02 | INFO    |   [random] fold 1 epoch 7  train_loss=0.2632  val_auc=0.6225
22:52:03 | INFO    |   [random] fold 1 epoch 8  train_loss=0.2007  val_auc=0.5534
22:52:03 | INFO    |   [random] fold 1 early stop @ epoch 8
22:52:05 | INFO    |   [random] fold 2 epoch 0  train_loss=0.4840  val_auc=0.4290
22:52:06 | INFO    |   [random] fold 2 epoch 1  train_loss=0.4436  val_auc=0.7082
22:52:07 | INFO    |   [random] fold 2 epoch 2  train_loss=0.4256  val_auc=0.7391
22:52:08 | INFO    |   [random] fold 2 epoch 3  train_loss=0.4001  val_auc=0.7188
22:52:09 | INFO    |   [random] fold 2 epoch 4  train_loss=0.3764  val_auc=0.6435
22:52:10 | INFO    |   [random] fold 2 epoch 5  train_loss=0.3528  val_auc=0.7304
22:52:11 | INFO    |   [random] fold 2 epoch 6  train_loss=0.3309  val_auc=0.7343
22:52:13 | INFO    |   [random] fold 2 epoch 7  train_loss=0.2926  val_auc=0.7575
22:52:14 | INFO    |   [random] fold 2 epoch 8  train_loss=0.2422  val_auc=0.6763
22:52:15 | INFO    |   [random] fold 2 epoch 9  train_loss=0.2004  val_auc=0.7043
22:52:16 | INFO    |   [random] fold 2 epoch 10  train_loss=0.1803  val_auc=0.5382
22:52:17 | INFO    |   [random] fold 2 epoch 11  train_loss=0.2431  val_auc=0.7324
22:52:18 | INFO    |   [random] fold 2 epoch 12  train_loss=0.1633  val_auc=0.5961
22:52:19 | INFO    |   [random] fold 2 epoch 13  train_loss=0.1024  val_auc=0.7324
22:52:21 | INFO    |   [random] fold 2 epoch 14  train_loss=0.1118  val_auc=0.7082
22:52:21 | INFO    |   [random] fold 2 early stop @ epoch 14
22:52:22 | INFO    |   [random] fold 3 epoch 0  train_loss=0.5014  val_auc=0.4206
22:52:24 | INFO    |   [random] fold 3 epoch 1  train_loss=0.4746  val_auc=0.4626
22:52:25 | INFO    |   [random] fold 3 epoch 2  train_loss=0.4525  val_auc=0.6775
22:52:26 | INFO    |   [random] fold 3 epoch 3  train_loss=0.4375  val_auc=0.7118
22:52:27 | INFO    |   [random] fold 3 epoch 4  train_loss=0.4216  val_auc=0.7796
22:52:28 | INFO    |   [random] fold 3 epoch 5  train_loss=0.4089  val_auc=0.6117
22:52:29 | INFO    |   [random] fold 3 epoch 6  train_loss=0.3802  val_auc=0.7533
22:52:31 | INFO    |   [random] fold 3 epoch 7  train_loss=0.3671  val_auc=0.6633
22:52:32 | INFO    |   [random] fold 3 epoch 8  train_loss=0.3400  val_auc=0.6390
22:52:33 | INFO    |   [random] fold 3 epoch 9  train_loss=0.2497  val_auc=0.6593
22:52:34 | INFO    |   [random] fold 3 epoch 10  train_loss=0.1933  val_auc=0.6542
22:52:35 | INFO    |   [random] fold 3 epoch 11  train_loss=0.1417  val_auc=0.5854
22:52:35 | INFO    |   [random] fold 3 early stop @ epoch 11
22:52:37 | INFO    |   [random] fold 4 epoch 0  train_loss=0.4855  val_auc=0.5375
22:52:38 | INFO    |   [random] fold 4 epoch 1  train_loss=0.4619  val_auc=0.6887
22:52:39 | INFO    |   [random] fold 4 epoch 2  train_loss=0.4476  val_auc=0.7372
22:52:40 | INFO    |   [random] fold 4 epoch 3  train_loss=0.4246  val_auc=0.7619
22:52:41 | INFO    |   [random] fold 4 epoch 4  train_loss=0.4033  val_auc=0.7668
22:52:43 | INFO    |   [random] fold 4 epoch 5  train_loss=0.3974  val_auc=0.7619
22:52:44 | INFO    |   [random] fold 4 epoch 6  train_loss=0.3540  val_auc=0.7648
22:52:45 | INFO    |   [random] fold 4 epoch 7  train_loss=0.3034  val_auc=0.7144
22:52:46 | INFO    |   [random] fold 4 epoch 8  train_loss=0.2451  val_auc=0.7747
22:52:47 | INFO    |   [random] fold 4 epoch 9  train_loss=0.1749  val_auc=0.6729
22:52:48 | INFO    |   [random] fold 4 epoch 10  train_loss=0.1063  val_auc=0.7213
22:52:50 | INFO    |   [random] fold 4 epoch 11  train_loss=0.1103  val_auc=0.6354
22:52:51 | INFO    |   [random] fold 4 epoch 12  train_loss=0.0903  val_auc=0.5978
22:52:52 | INFO    |   [random] fold 4 epoch 13  train_loss=0.0490  val_auc=0.6166
22:52:53 | INFO    |   [random] fold 4 epoch 14  train_loss=0.0543  val_auc=0.5998
22:52:54 | INFO    |   [random] fold 4 epoch 15  train_loss=0.0463  val_auc=0.6038
22:52:54 | INFO    |   [random] fold 4 early stop @ epoch 15
22:52:54 | INFO    | [seed 2024][frac 1.00][random] n_train_pac=119  OOF AUROC=0.5318
22:52:54 | INFO    | ########## SEMILLA 7 ##########
22:52:55 | INFO    |   [radimagenet] fold 0 epoch 0  train_loss=0.5610  val_auc=0.5066
22:52:55 | INFO    |   [radimagenet] fold 0 epoch 1  train_loss=0.5329  val_auc=0.4510
22:52:55 | INFO    |   [radimagenet] fold 0 epoch 2  train_loss=0.5082  val_auc=0.4429
22:52:56 | INFO    |   [radimagenet] fold 0 epoch 3  train_loss=0.4843  val_auc=0.5561
22:52:56 | INFO    |   [radimagenet] fold 0 epoch 4  train_loss=0.4598  val_auc=0.5956
22:52:56 | INFO    |   [radimagenet] fold 0 epoch 5  train_loss=0.4365  val_auc=0.5763
22:52:56 | INFO    |   [radimagenet] fold 0 epoch 6  train_loss=0.4136  val_auc=0.5986
22:52:56 | INFO    |   [radimagenet] fold 0 epoch 7  train_loss=0.3911  val_auc=0.6127
22:52:57 | INFO    |   [radimagenet] fold 0 epoch 8  train_loss=0.3684  val_auc=0.6087
22:52:57 | INFO    |   [radimagenet] fold 0 epoch 9  train_loss=0.3456  val_auc=0.5945
22:52:57 | INFO    |   [radimagenet] fold 0 epoch 10  train_loss=0.3228  val_auc=0.5885
22:52:57 | INFO    |   [radimagenet] fold 0 epoch 11  train_loss=0.3005  val_auc=0.6077
22:52:58 | INFO    |   [radimagenet] fold 0 epoch 12  train_loss=0.2786  val_auc=0.6047
22:52:58 | INFO    |   [radimagenet] fold 0 epoch 13  train_loss=0.2574  val_auc=0.5854
22:52:58 | INFO    |   [radimagenet] fold 0 epoch 14  train_loss=0.2368  val_auc=0.5834
22:52:58 | INFO    |   [radimagenet] fold 0 early stop @ epoch 14
22:52:59 | INFO    |   [radimagenet] fold 1 epoch 0  train_loss=0.5125  val_auc=0.5764
22:52:59 | INFO    |   [radimagenet] fold 1 epoch 1  train_loss=0.4829  val_auc=0.5403
22:52:59 | INFO    |   [radimagenet] fold 1 epoch 2  train_loss=0.4613  val_auc=0.5269
22:52:59 | INFO    |   [radimagenet] fold 1 epoch 3  train_loss=0.4398  val_auc=0.5847
22:53:00 | INFO    |   [radimagenet] fold 1 epoch 4  train_loss=0.4187  val_auc=0.5857
22:53:00 | INFO    |   [radimagenet] fold 1 epoch 5  train_loss=0.3986  val_auc=0.6198
22:53:00 | INFO    |   [radimagenet] fold 1 epoch 6  train_loss=0.3793  val_auc=0.6178
22:53:00 | INFO    |   [radimagenet] fold 1 epoch 7  train_loss=0.3603  val_auc=0.6498
22:53:00 | INFO    |   [radimagenet] fold 1 epoch 8  train_loss=0.3414  val_auc=0.6643
22:53:01 | INFO    |   [radimagenet] fold 1 epoch 9  train_loss=0.3224  val_auc=0.6901
22:53:01 | INFO    |   [radimagenet] fold 1 epoch 10  train_loss=0.3032  val_auc=0.7045
22:53:01 | INFO    |   [radimagenet] fold 1 epoch 11  train_loss=0.2842  val_auc=0.7004
22:53:01 | INFO    |   [radimagenet] fold 1 epoch 12  train_loss=0.2654  val_auc=0.6829
22:53:02 | INFO    |   [radimagenet] fold 1 epoch 13  train_loss=0.2468  val_auc=0.6849
22:53:03 | INFO    |   [radimagenet] fold 1 epoch 14  train_loss=0.2287  val_auc=0.6829
22:53:03 | INFO    |   [radimagenet] fold 1 epoch 15  train_loss=0.2110  val_auc=0.6787
22:53:03 | INFO    |   [radimagenet] fold 1 epoch 16  train_loss=0.1938  val_auc=0.6746
22:53:03 | INFO    |   [radimagenet] fold 1 epoch 17  train_loss=0.1773  val_auc=0.6777
22:53:03 | INFO    |   [radimagenet] fold 1 early stop @ epoch 17
22:53:04 | INFO    |   [radimagenet] fold 2 epoch 0  train_loss=0.4672  val_auc=0.5192
22:53:04 | INFO    |   [radimagenet] fold 2 epoch 1  train_loss=0.4291  val_auc=0.5323
22:53:04 | INFO    |   [radimagenet] fold 2 epoch 2  train_loss=0.3960  val_auc=0.6657
22:53:04 | INFO    |   [radimagenet] fold 2 epoch 3  train_loss=0.3665  val_auc=0.7657
22:53:05 | INFO    |   [radimagenet] fold 2 epoch 4  train_loss=0.3396  val_auc=0.7838
22:53:05 | INFO    |   [radimagenet] fold 2 epoch 5  train_loss=0.3144  val_auc=0.7818
22:53:05 | INFO    |   [radimagenet] fold 2 epoch 6  train_loss=0.2903  val_auc=0.7758
22:53:05 | INFO    |   [radimagenet] fold 2 epoch 7  train_loss=0.2674  val_auc=0.7515
22:53:05 | INFO    |   [radimagenet] fold 2 epoch 8  train_loss=0.2456  val_auc=0.7394
22:53:05 | INFO    |   [radimagenet] fold 2 epoch 9  train_loss=0.2251  val_auc=0.7141
22:53:06 | INFO    |   [radimagenet] fold 2 epoch 10  train_loss=0.2056  val_auc=0.7162
22:53:06 | INFO    |   [radimagenet] fold 2 epoch 11  train_loss=0.1872  val_auc=0.7202
22:53:06 | INFO    |   [radimagenet] fold 2 early stop @ epoch 11
22:53:06 | INFO    |   [radimagenet] fold 3 epoch 0  train_loss=0.4316  val_auc=0.6380
22:53:07 | INFO    |   [radimagenet] fold 3 epoch 1  train_loss=0.4190  val_auc=0.6633
22:53:07 | INFO    |   [radimagenet] fold 3 epoch 2  train_loss=0.4078  val_auc=0.6380
22:53:07 | INFO    |   [radimagenet] fold 3 epoch 3  train_loss=0.3926  val_auc=0.6562
22:53:07 | INFO    |   [radimagenet] fold 3 epoch 4  train_loss=0.3792  val_auc=0.6390
22:53:08 | INFO    |   [radimagenet] fold 3 epoch 5  train_loss=0.3647  val_auc=0.6097
22:53:08 | INFO    |   [radimagenet] fold 3 epoch 6  train_loss=0.3504  val_auc=0.6208
22:53:08 | INFO    |   [radimagenet] fold 3 epoch 7  train_loss=0.3364  val_auc=0.6633
22:53:08 | INFO    |   [radimagenet] fold 3 epoch 8  train_loss=0.3222  val_auc=0.6512
22:53:08 | INFO    |   [radimagenet] fold 3 early stop @ epoch 8
22:53:09 | INFO    |   [radimagenet] fold 4 epoch 0  train_loss=0.5283  val_auc=0.4387
22:53:09 | INFO    |   [radimagenet] fold 4 epoch 1  train_loss=0.5060  val_auc=0.4387
22:53:09 | INFO    |   [radimagenet] fold 4 epoch 2  train_loss=0.4828  val_auc=0.6057
22:53:10 | INFO    |   [radimagenet] fold 4 epoch 3  train_loss=0.4595  val_auc=0.6304
22:53:10 | INFO    |   [radimagenet] fold 4 epoch 4  train_loss=0.4361  val_auc=0.5968
22:53:10 | INFO    |   [radimagenet] fold 4 epoch 5  train_loss=0.4127  val_auc=0.5494
22:53:10 | INFO    |   [radimagenet] fold 4 epoch 6  train_loss=0.3896  val_auc=0.5296
22:53:10 | INFO    |   [radimagenet] fold 4 epoch 7  train_loss=0.3664  val_auc=0.5168
22:53:11 | INFO    |   [radimagenet] fold 4 epoch 8  train_loss=0.3440  val_auc=0.5188
22:53:11 | INFO    |   [radimagenet] fold 4 epoch 9  train_loss=0.3217  val_auc=0.5435
22:53:11 | INFO    |   [radimagenet] fold 4 epoch 10  train_loss=0.2991  val_auc=0.5593
22:53:11 | INFO    |   [radimagenet] fold 4 early stop @ epoch 10
22:53:11 | INFO    | [seed 7][frac 0.10][radimagenet] n_train_pac=13  OOF AUROC=0.5115
22:53:12 | INFO    |   [imagenet] fold 0 epoch 0  train_loss=0.5546  val_auc=0.5410
22:53:12 | INFO    |   [imagenet] fold 0 epoch 1  train_loss=0.5371  val_auc=0.5804
22:53:12 | INFO    |   [imagenet] fold 0 epoch 2  train_loss=0.5224  val_auc=0.5895
22:53:13 | INFO    |   [imagenet] fold 0 epoch 3  train_loss=0.5066  val_auc=0.5794
22:53:13 | INFO    |   [imagenet] fold 0 epoch 4  train_loss=0.4885  val_auc=0.5804
22:53:13 | INFO    |   [imagenet] fold 0 epoch 5  train_loss=0.4672  val_auc=0.5956
22:53:13 | INFO    |   [imagenet] fold 0 epoch 6  train_loss=0.4440  val_auc=0.5308
22:53:14 | INFO    |   [imagenet] fold 0 epoch 7  train_loss=0.4248  val_auc=0.4823
22:53:14 | INFO    |   [imagenet] fold 0 epoch 8  train_loss=0.4058  val_auc=0.5157
22:53:14 | INFO    |   [imagenet] fold 0 epoch 9  train_loss=0.3953  val_auc=0.5571
22:53:14 | INFO    |   [imagenet] fold 0 epoch 10  train_loss=0.3721  val_auc=0.5834
22:53:14 | INFO    |   [imagenet] fold 0 epoch 11  train_loss=0.3498  val_auc=0.5935
22:53:15 | INFO    |   [imagenet] fold 0 epoch 12  train_loss=0.3337  val_auc=0.5986
22:53:15 | INFO    |   [imagenet] fold 0 epoch 13  train_loss=0.3113  val_auc=0.6097
22:53:15 | INFO    |   [imagenet] fold 0 epoch 14  train_loss=0.2948  val_auc=0.5804
22:53:15 | INFO    |   [imagenet] fold 0 epoch 15  train_loss=0.2753  val_auc=0.5480
22:53:16 | INFO    |   [imagenet] fold 0 epoch 16  train_loss=0.2578  val_auc=0.5581
22:53:16 | INFO    |   [imagenet] fold 0 epoch 17  train_loss=0.2414  val_auc=0.5986
22:53:16 | INFO    |   [imagenet] fold 0 epoch 18  train_loss=0.2247  val_auc=0.5632
22:53:16 | INFO    |   [imagenet] fold 0 epoch 19  train_loss=0.2092  val_auc=0.5359
22:53:16 | INFO    |   [imagenet] fold 0 epoch 20  train_loss=0.1946  val_auc=0.5157
22:53:16 | INFO    |   [imagenet] fold 0 early stop @ epoch 20
22:53:17 | INFO    |   [imagenet] fold 1 epoch 0  train_loss=0.4956  val_auc=0.6116
22:53:18 | INFO    |   [imagenet] fold 1 epoch 1  train_loss=0.4783  val_auc=0.6198
22:53:18 | INFO    |   [imagenet] fold 1 epoch 2  train_loss=0.4588  val_auc=0.6663
22:53:18 | INFO    |   [imagenet] fold 1 epoch 3  train_loss=0.4469  val_auc=0.6508
22:53:18 | INFO    |   [imagenet] fold 1 epoch 4  train_loss=0.4279  val_auc=0.6519
22:53:18 | INFO    |   [imagenet] fold 1 epoch 5  train_loss=0.4119  val_auc=0.6849
22:53:19 | INFO    |   [imagenet] fold 1 epoch 6  train_loss=0.3894  val_auc=0.6705
22:53:19 | INFO    |   [imagenet] fold 1 epoch 7  train_loss=0.3660  val_auc=0.6818
22:53:19 | INFO    |   [imagenet] fold 1 epoch 8  train_loss=0.3428  val_auc=0.7221
22:53:19 | INFO    |   [imagenet] fold 1 epoch 9  train_loss=0.3228  val_auc=0.7386
22:53:19 | INFO    |   [imagenet] fold 1 epoch 10  train_loss=0.3075  val_auc=0.7273
22:53:20 | INFO    |   [imagenet] fold 1 epoch 11  train_loss=0.3006  val_auc=0.7035
22:53:20 | INFO    |   [imagenet] fold 1 epoch 12  train_loss=0.2762  val_auc=0.6994
22:53:20 | INFO    |   [imagenet] fold 1 epoch 13  train_loss=0.2638  val_auc=0.6911
22:53:20 | INFO    |   [imagenet] fold 1 epoch 14  train_loss=0.2445  val_auc=0.6963
22:53:21 | INFO    |   [imagenet] fold 1 epoch 15  train_loss=0.2360  val_auc=0.6983
22:53:21 | INFO    |   [imagenet] fold 1 epoch 16  train_loss=0.2205  val_auc=0.6932
22:53:21 | INFO    |   [imagenet] fold 1 early stop @ epoch 16
22:53:22 | INFO    |   [imagenet] fold 2 epoch 0  train_loss=0.4620  val_auc=0.5222
22:53:22 | INFO    |   [imagenet] fold 2 epoch 1  train_loss=0.4537  val_auc=0.5283
22:53:22 | INFO    |   [imagenet] fold 2 epoch 2  train_loss=0.4338  val_auc=0.5828
22:53:22 | INFO    |   [imagenet] fold 2 epoch 3  train_loss=0.4252  val_auc=0.6596
22:53:22 | INFO    |   [imagenet] fold 2 epoch 4  train_loss=0.4076  val_auc=0.5758
22:53:23 | INFO    |   [imagenet] fold 2 epoch 5  train_loss=0.3901  val_auc=0.4838
22:53:23 | INFO    |   [imagenet] fold 2 epoch 6  train_loss=0.3700  val_auc=0.5242
22:53:23 | INFO    |   [imagenet] fold 2 epoch 7  train_loss=0.3479  val_auc=0.6152
22:53:23 | INFO    |   [imagenet] fold 2 epoch 8  train_loss=0.3252  val_auc=0.6808
22:53:23 | INFO    |   [imagenet] fold 2 epoch 9  train_loss=0.3047  val_auc=0.7121
22:53:24 | INFO    |   [imagenet] fold 2 epoch 10  train_loss=0.2834  val_auc=0.7010
22:53:24 | INFO    |   [imagenet] fold 2 epoch 11  train_loss=0.2657  val_auc=0.6848
22:53:24 | INFO    |   [imagenet] fold 2 epoch 12  train_loss=0.2496  val_auc=0.6980
22:53:24 | INFO    |   [imagenet] fold 2 epoch 13  train_loss=0.2340  val_auc=0.7131
22:53:24 | INFO    |   [imagenet] fold 2 epoch 14  train_loss=0.2184  val_auc=0.7455
22:53:25 | INFO    |   [imagenet] fold 2 epoch 15  train_loss=0.2054  val_auc=0.7465
22:53:25 | INFO    |   [imagenet] fold 2 epoch 16  train_loss=0.1933  val_auc=0.7586
22:53:25 | INFO    |   [imagenet] fold 2 epoch 17  train_loss=0.1821  val_auc=0.7576
22:53:25 | INFO    |   [imagenet] fold 2 epoch 18  train_loss=0.1706  val_auc=0.7586
22:53:25 | INFO    |   [imagenet] fold 2 epoch 19  train_loss=0.1612  val_auc=0.7828
22:53:26 | INFO    |   [imagenet] fold 2 epoch 20  train_loss=0.1515  val_auc=0.7879
22:53:26 | INFO    |   [imagenet] fold 2 epoch 21  train_loss=0.1423  val_auc=0.7960
22:53:26 | INFO    |   [imagenet] fold 2 epoch 22  train_loss=0.1346  val_auc=0.7919
22:53:26 | INFO    |   [imagenet] fold 2 epoch 23  train_loss=0.1270  val_auc=0.8152
22:53:26 | INFO    |   [imagenet] fold 2 epoch 24  train_loss=0.1186  val_auc=0.8323
22:53:27 | INFO    |   [imagenet] fold 2 epoch 25  train_loss=0.1112  val_auc=0.8121
22:53:27 | INFO    |   [imagenet] fold 2 epoch 26  train_loss=0.1046  val_auc=0.8020
22:53:27 | INFO    |   [imagenet] fold 2 epoch 27  train_loss=0.0982  val_auc=0.8081
22:53:27 | INFO    |   [imagenet] fold 2 epoch 28  train_loss=0.0922  val_auc=0.8182
22:53:27 | INFO    |   [imagenet] fold 2 epoch 29  train_loss=0.0864  val_auc=0.8091
22:53:28 | INFO    |   [imagenet] fold 3 epoch 0  train_loss=0.4282  val_auc=0.5116
22:53:28 | INFO    |   [imagenet] fold 3 epoch 1  train_loss=0.4185  val_auc=0.5683
22:53:29 | INFO    |   [imagenet] fold 3 epoch 2  train_loss=0.4064  val_auc=0.6198
22:53:29 | INFO    |   [imagenet] fold 3 epoch 3  train_loss=0.3953  val_auc=0.5672
22:53:29 | INFO    |   [imagenet] fold 3 epoch 4  train_loss=0.3808  val_auc=0.5652
22:53:29 | INFO    |   [imagenet] fold 3 epoch 5  train_loss=0.3694  val_auc=0.5642
22:53:29 | INFO    |   [imagenet] fold 3 epoch 6  train_loss=0.3599  val_auc=0.5743
22:53:30 | INFO    |   [imagenet] fold 3 epoch 7  train_loss=0.3495  val_auc=0.6006
22:53:30 | INFO    |   [imagenet] fold 3 epoch 8  train_loss=0.3294  val_auc=0.5996
22:53:30 | INFO    |   [imagenet] fold 3 epoch 9  train_loss=0.3153  val_auc=0.6208
22:53:30 | INFO    |   [imagenet] fold 3 epoch 10  train_loss=0.3024  val_auc=0.6684
22:53:30 | INFO    |   [imagenet] fold 3 epoch 11  train_loss=0.2894  val_auc=0.7108
22:53:31 | INFO    |   [imagenet] fold 3 epoch 12  train_loss=0.2739  val_auc=0.7098
22:53:31 | INFO    |   [imagenet] fold 3 epoch 13  train_loss=0.2601  val_auc=0.7068
22:53:31 | INFO    |   [imagenet] fold 3 epoch 14  train_loss=0.2512  val_auc=0.7068
22:53:31 | INFO    |   [imagenet] fold 3 epoch 15  train_loss=0.2401  val_auc=0.7037
22:53:31 | INFO    |   [imagenet] fold 3 epoch 16  train_loss=0.2304  val_auc=0.6764
22:53:32 | INFO    |   [imagenet] fold 3 epoch 17  train_loss=0.2125  val_auc=0.6643
22:53:32 | INFO    |   [imagenet] fold 3 epoch 18  train_loss=0.2015  val_auc=0.6997
22:53:32 | INFO    |   [imagenet] fold 3 early stop @ epoch 18
22:53:33 | INFO    |   [imagenet] fold 4 epoch 0  train_loss=0.5306  val_auc=0.3152
22:53:33 | INFO    |   [imagenet] fold 4 epoch 1  train_loss=0.5168  val_auc=0.2391
22:53:33 | INFO    |   [imagenet] fold 4 epoch 2  train_loss=0.4959  val_auc=0.2777
22:53:33 | INFO    |   [imagenet] fold 4 epoch 3  train_loss=0.4837  val_auc=0.2609
22:53:34 | INFO    |   [imagenet] fold 4 epoch 4  train_loss=0.4662  val_auc=0.3320
22:53:34 | INFO    |   [imagenet] fold 4 epoch 5  train_loss=0.4472  val_auc=0.3804
22:53:34 | INFO    |   [imagenet] fold 4 epoch 6  train_loss=0.4323  val_auc=0.4061
22:53:34 | INFO    |   [imagenet] fold 4 epoch 7  train_loss=0.4081  val_auc=0.4289
22:53:35 | INFO    |   [imagenet] fold 4 epoch 8  train_loss=0.3875  val_auc=0.4526
22:53:35 | INFO    |   [imagenet] fold 4 epoch 9  train_loss=0.3673  val_auc=0.4881
22:53:35 | INFO    |   [imagenet] fold 4 epoch 10  train_loss=0.3545  val_auc=0.5128
22:53:35 | INFO    |   [imagenet] fold 4 epoch 11  train_loss=0.3292  val_auc=0.5287
22:53:35 | INFO    |   [imagenet] fold 4 epoch 12  train_loss=0.3159  val_auc=0.5534
22:53:36 | INFO    |   [imagenet] fold 4 epoch 13  train_loss=0.2959  val_auc=0.5623
22:53:36 | INFO    |   [imagenet] fold 4 epoch 14  train_loss=0.2794  val_auc=0.5534
22:53:36 | INFO    |   [imagenet] fold 4 epoch 15  train_loss=0.2596  val_auc=0.5504
22:53:36 | INFO    |   [imagenet] fold 4 epoch 16  train_loss=0.2445  val_auc=0.5642
22:53:36 | INFO    |   [imagenet] fold 4 epoch 17  train_loss=0.2260  val_auc=0.5810
22:53:37 | INFO    |   [imagenet] fold 4 epoch 18  train_loss=0.2112  val_auc=0.5810
22:53:37 | INFO    |   [imagenet] fold 4 epoch 19  train_loss=0.1974  val_auc=0.5692
22:53:37 | INFO    |   [imagenet] fold 4 epoch 20  train_loss=0.1823  val_auc=0.5781
22:53:37 | INFO    |   [imagenet] fold 4 epoch 21  train_loss=0.1678  val_auc=0.5899
22:53:37 | INFO    |   [imagenet] fold 4 epoch 22  train_loss=0.1545  val_auc=0.5958
22:53:38 | INFO    |   [imagenet] fold 4 epoch 23  train_loss=0.1436  val_auc=0.6126
22:53:38 | INFO    |   [imagenet] fold 4 epoch 24  train_loss=0.1315  val_auc=0.6285
22:53:38 | INFO    |   [imagenet] fold 4 epoch 25  train_loss=0.1207  val_auc=0.6364
22:53:38 | INFO    |   [imagenet] fold 4 epoch 26  train_loss=0.1110  val_auc=0.6542
22:53:39 | INFO    |   [imagenet] fold 4 epoch 27  train_loss=0.1018  val_auc=0.6611
22:53:39 | INFO    |   [imagenet] fold 4 epoch 28  train_loss=0.0933  val_auc=0.6719
22:53:39 | INFO    |   [imagenet] fold 4 epoch 29  train_loss=0.0859  val_auc=0.6670
22:53:39 | INFO    | [seed 7][frac 0.10][imagenet] n_train_pac=13  OOF AUROC=0.5887
22:53:40 | INFO    |   [random] fold 0 epoch 0  train_loss=0.5614  val_auc=0.4975
22:53:40 | INFO    |   [random] fold 0 epoch 1  train_loss=0.4932  val_auc=0.5066
22:53:40 | INFO    |   [random] fold 0 epoch 2  train_loss=0.4429  val_auc=0.5015
22:53:40 | INFO    |   [random] fold 0 epoch 3  train_loss=0.4018  val_auc=0.5066
22:53:40 | INFO    |   [random] fold 0 epoch 4  train_loss=0.3671  val_auc=0.4995
22:53:41 | INFO    |   [random] fold 0 epoch 5  train_loss=0.3340  val_auc=0.4863
22:53:41 | INFO    |   [random] fold 0 epoch 6  train_loss=0.3007  val_auc=0.4833
22:53:41 | INFO    |   [random] fold 0 epoch 7  train_loss=0.2682  val_auc=0.4681
22:53:41 | INFO    |   [random] fold 0 epoch 8  train_loss=0.2351  val_auc=0.4651
22:53:41 | INFO    |   [random] fold 0 early stop @ epoch 8
22:53:42 | INFO    |   [random] fold 1 epoch 0  train_loss=0.4988  val_auc=0.5176
22:53:42 | INFO    |   [random] fold 1 epoch 1  train_loss=0.4215  val_auc=0.5806
22:53:42 | INFO    |   [random] fold 1 epoch 2  train_loss=0.3722  val_auc=0.5888
22:53:43 | INFO    |   [random] fold 1 epoch 3  train_loss=0.3377  val_auc=0.5940
22:53:43 | INFO    |   [random] fold 1 epoch 4  train_loss=0.3093  val_auc=0.5992
22:53:43 | INFO    |   [random] fold 1 epoch 5  train_loss=0.2835  val_auc=0.5950
22:53:43 | INFO    |   [random] fold 1 epoch 6  train_loss=0.2577  val_auc=0.5930
22:53:44 | INFO    |   [random] fold 1 epoch 7  train_loss=0.2315  val_auc=0.5888
22:53:44 | INFO    |   [random] fold 1 epoch 8  train_loss=0.2064  val_auc=0.5847
22:53:44 | INFO    |   [random] fold 1 epoch 9  train_loss=0.1821  val_auc=0.5816
22:53:44 | INFO    |   [random] fold 1 epoch 10  train_loss=0.1586  val_auc=0.5785
22:53:45 | INFO    |   [random] fold 1 epoch 11  train_loss=0.1362  val_auc=0.5806
22:53:45 | INFO    |   [random] fold 1 early stop @ epoch 11
22:53:45 | INFO    |   [random] fold 2 epoch 0  train_loss=0.4620  val_auc=0.4051
22:53:46 | INFO    |   [random] fold 2 epoch 1  train_loss=0.4185  val_auc=0.5101
22:53:46 | INFO    |   [random] fold 2 epoch 2  train_loss=0.3722  val_auc=0.7273
22:53:46 | INFO    |   [random] fold 2 epoch 3  train_loss=0.3321  val_auc=0.6707
22:53:46 | INFO    |   [random] fold 2 epoch 4  train_loss=0.2944  val_auc=0.6515
22:53:46 | INFO    |   [random] fold 2 epoch 5  train_loss=0.2601  val_auc=0.6364
22:53:46 | INFO    |   [random] fold 2 epoch 6  train_loss=0.2233  val_auc=0.6343
22:53:47 | INFO    |   [random] fold 2 epoch 7  train_loss=0.1893  val_auc=0.6283
22:53:47 | INFO    |   [random] fold 2 epoch 8  train_loss=0.1567  val_auc=0.6253
22:53:47 | INFO    |   [random] fold 2 epoch 9  train_loss=0.1287  val_auc=0.6212
22:53:47 | INFO    |   [random] fold 2 early stop @ epoch 9
22:53:48 | INFO    |   [random] fold 3 epoch 0  train_loss=0.4315  val_auc=0.5005
22:53:48 | INFO    |   [random] fold 3 epoch 1  train_loss=0.3739  val_auc=0.4651
22:53:48 | INFO    |   [random] fold 3 epoch 2  train_loss=0.3279  val_auc=0.4894
22:53:48 | INFO    |   [random] fold 3 epoch 3  train_loss=0.2925  val_auc=0.5157
22:53:48 | INFO    |   [random] fold 3 epoch 4  train_loss=0.2582  val_auc=0.5420
22:53:49 | INFO    |   [random] fold 3 epoch 5  train_loss=0.2278  val_auc=0.5662
22:53:49 | INFO    |   [random] fold 3 epoch 6  train_loss=0.1999  val_auc=0.5925
22:53:49 | INFO    |   [random] fold 3 epoch 7  train_loss=0.1746  val_auc=0.6168
22:53:49 | INFO    |   [random] fold 3 epoch 8  train_loss=0.1524  val_auc=0.6330
22:53:49 | INFO    |   [random] fold 3 epoch 9  train_loss=0.1314  val_auc=0.6461
22:53:50 | INFO    |   [random] fold 3 epoch 10  train_loss=0.1134  val_auc=0.6491
22:53:50 | INFO    |   [random] fold 3 epoch 11  train_loss=0.0984  val_auc=0.6481
22:53:50 | INFO    |   [random] fold 3 epoch 12  train_loss=0.0855  val_auc=0.6502
22:53:50 | INFO    |   [random] fold 3 epoch 13  train_loss=0.0750  val_auc=0.6481
22:53:51 | INFO    |   [random] fold 3 epoch 14  train_loss=0.0666  val_auc=0.6431
22:53:51 | INFO    |   [random] fold 3 epoch 15  train_loss=0.0602  val_auc=0.6400
22:53:51 | INFO    |   [random] fold 3 epoch 16  train_loss=0.0550  val_auc=0.6471
22:53:51 | INFO    |   [random] fold 3 epoch 17  train_loss=0.0508  val_auc=0.6512
22:53:51 | INFO    |   [random] fold 3 epoch 18  train_loss=0.0476  val_auc=0.6481
22:53:52 | INFO    |   [random] fold 3 epoch 19  train_loss=0.0450  val_auc=0.6461
22:53:52 | INFO    |   [random] fold 3 epoch 20  train_loss=0.0430  val_auc=0.6461
22:53:52 | INFO    |   [random] fold 3 epoch 21  train_loss=0.0415  val_auc=0.6431
22:53:52 | INFO    |   [random] fold 3 epoch 22  train_loss=0.0403  val_auc=0.6400
22:53:52 | INFO    |   [random] fold 3 epoch 23  train_loss=0.0393  val_auc=0.6390
22:53:53 | INFO    |   [random] fold 3 epoch 24  train_loss=0.0386  val_auc=0.6360
22:53:53 | INFO    |   [random] fold 3 early stop @ epoch 24
22:53:53 | INFO    |   [random] fold 4 epoch 0  train_loss=0.5432  val_auc=0.6294
22:53:53 | INFO    |   [random] fold 4 epoch 1  train_loss=0.4790  val_auc=0.5968
22:53:54 | INFO    |   [random] fold 4 epoch 2  train_loss=0.4237  val_auc=0.5781
22:53:54 | INFO    |   [random] fold 4 epoch 3  train_loss=0.3845  val_auc=0.5899
22:53:54 | INFO    |   [random] fold 4 epoch 4  train_loss=0.3437  val_auc=0.5998
22:53:54 | INFO    |   [random] fold 4 epoch 5  train_loss=0.3055  val_auc=0.6067
22:53:54 | INFO    |   [random] fold 4 epoch 6  train_loss=0.2682  val_auc=0.6117
22:53:55 | INFO    |   [random] fold 4 epoch 7  train_loss=0.2320  val_auc=0.6235
22:53:55 | INFO    |   [random] fold 4 early stop @ epoch 7
22:53:55 | INFO    | [seed 7][frac 0.10][random] n_train_pac=13  OOF AUROC=0.4839
22:53:56 | INFO    |   [radimagenet] fold 0 epoch 0  train_loss=0.5348  val_auc=0.4580
22:53:56 | INFO    |   [radimagenet] fold 0 epoch 1  train_loss=0.5178  val_auc=0.5784
22:53:56 | INFO    |   [radimagenet] fold 0 epoch 2  train_loss=0.5086  val_auc=0.5693
22:53:57 | INFO    |   [radimagenet] fold 0 epoch 3  train_loss=0.4935  val_auc=0.5834
22:53:57 | INFO    |   [radimagenet] fold 0 epoch 4  train_loss=0.4832  val_auc=0.5966
22:53:58 | INFO    |   [radimagenet] fold 0 epoch 5  train_loss=0.4571  val_auc=0.6077
22:53:58 | INFO    |   [radimagenet] fold 0 epoch 6  train_loss=0.4336  val_auc=0.5248
22:53:58 | INFO    |   [radimagenet] fold 0 epoch 7  train_loss=0.4138  val_auc=0.5753
22:53:59 | INFO    |   [radimagenet] fold 0 epoch 8  train_loss=0.3979  val_auc=0.5440
22:53:59 | INFO    |   [radimagenet] fold 0 epoch 9  train_loss=0.3749  val_auc=0.5753
22:53:59 | INFO    |   [radimagenet] fold 0 epoch 10  train_loss=0.3489  val_auc=0.6077
22:54:00 | INFO    |   [radimagenet] fold 0 epoch 11  train_loss=0.3174  val_auc=0.5986
22:54:00 | INFO    |   [radimagenet] fold 0 epoch 12  train_loss=0.3049  val_auc=0.5592
22:54:01 | INFO    |   [radimagenet] fold 0 epoch 13  train_loss=0.2655  val_auc=0.5531
22:54:01 | INFO    |   [radimagenet] fold 0 epoch 14  train_loss=0.2400  val_auc=0.5683
22:54:01 | INFO    |   [radimagenet] fold 0 epoch 15  train_loss=0.2273  val_auc=0.5905
22:54:02 | INFO    |   [radimagenet] fold 0 epoch 16  train_loss=0.1915  val_auc=0.5784
22:54:02 | INFO    |   [radimagenet] fold 0 epoch 17  train_loss=0.1757  val_auc=0.5511
22:54:02 | INFO    |   [radimagenet] fold 0 early stop @ epoch 17
22:54:03 | INFO    |   [radimagenet] fold 1 epoch 0  train_loss=0.4808  val_auc=0.5320
22:54:03 | INFO    |   [radimagenet] fold 1 epoch 1  train_loss=0.4557  val_auc=0.6457
22:54:04 | INFO    |   [radimagenet] fold 1 epoch 2  train_loss=0.4425  val_auc=0.6963
22:54:04 | INFO    |   [radimagenet] fold 1 epoch 3  train_loss=0.4197  val_auc=0.6952
22:54:05 | INFO    |   [radimagenet] fold 1 epoch 4  train_loss=0.3979  val_auc=0.6488
22:54:06 | INFO    |   [radimagenet] fold 1 epoch 5  train_loss=0.3837  val_auc=0.6508
22:54:06 | INFO    |   [radimagenet] fold 1 epoch 6  train_loss=0.3528  val_auc=0.6653
22:54:07 | INFO    |   [radimagenet] fold 1 epoch 7  train_loss=0.3532  val_auc=0.6384
22:54:07 | INFO    |   [radimagenet] fold 1 epoch 8  train_loss=0.3079  val_auc=0.6343
22:54:07 | INFO    |   [radimagenet] fold 1 epoch 9  train_loss=0.2880  val_auc=0.6312
22:54:07 | INFO    |   [radimagenet] fold 1 early stop @ epoch 9
22:54:08 | INFO    |   [radimagenet] fold 2 epoch 0  train_loss=0.4684  val_auc=0.5586
22:54:09 | INFO    |   [radimagenet] fold 2 epoch 1  train_loss=0.4488  val_auc=0.7515
22:54:09 | INFO    |   [radimagenet] fold 2 epoch 2  train_loss=0.4298  val_auc=0.7040
22:54:09 | INFO    |   [radimagenet] fold 2 epoch 3  train_loss=0.4163  val_auc=0.7182
22:54:10 | INFO    |   [radimagenet] fold 2 epoch 4  train_loss=0.3998  val_auc=0.6980
22:54:10 | INFO    |   [radimagenet] fold 2 epoch 5  train_loss=0.3843  val_auc=0.6939
22:54:10 | INFO    |   [radimagenet] fold 2 epoch 6  train_loss=0.3752  val_auc=0.7141
22:54:11 | INFO    |   [radimagenet] fold 2 epoch 7  train_loss=0.3567  val_auc=0.7212
22:54:11 | INFO    |   [radimagenet] fold 2 epoch 8  train_loss=0.3345  val_auc=0.7384
22:54:11 | INFO    |   [radimagenet] fold 2 early stop @ epoch 8
22:54:12 | INFO    |   [radimagenet] fold 3 epoch 0  train_loss=0.4580  val_auc=0.5662
22:54:12 | INFO    |   [radimagenet] fold 3 epoch 1  train_loss=0.4502  val_auc=0.5834
22:54:13 | INFO    |   [radimagenet] fold 3 epoch 2  train_loss=0.4395  val_auc=0.6158
22:54:13 | INFO    |   [radimagenet] fold 3 epoch 3  train_loss=0.4300  val_auc=0.5531
22:54:13 | INFO    |   [radimagenet] fold 3 epoch 4  train_loss=0.4238  val_auc=0.5945
22:54:14 | INFO    |   [radimagenet] fold 3 epoch 5  train_loss=0.4142  val_auc=0.6643
22:54:14 | INFO    |   [radimagenet] fold 3 epoch 6  train_loss=0.4009  val_auc=0.7159
22:54:15 | INFO    |   [radimagenet] fold 3 epoch 7  train_loss=0.3928  val_auc=0.7381
22:54:15 | INFO    |   [radimagenet] fold 3 epoch 8  train_loss=0.3786  val_auc=0.7270
22:54:15 | INFO    |   [radimagenet] fold 3 epoch 9  train_loss=0.3630  val_auc=0.6987
22:54:16 | INFO    |   [radimagenet] fold 3 epoch 10  train_loss=0.3496  val_auc=0.7199
22:54:16 | INFO    |   [radimagenet] fold 3 epoch 11  train_loss=0.3426  val_auc=0.7098
22:54:16 | INFO    |   [radimagenet] fold 3 epoch 12  train_loss=0.3331  val_auc=0.7230
22:54:17 | INFO    |   [radimagenet] fold 3 epoch 13  train_loss=0.3069  val_auc=0.7139
22:54:17 | INFO    |   [radimagenet] fold 3 epoch 14  train_loss=0.2962  val_auc=0.7118
22:54:17 | INFO    |   [radimagenet] fold 3 early stop @ epoch 14
22:54:18 | INFO    |   [radimagenet] fold 4 epoch 0  train_loss=0.5738  val_auc=0.5603
22:54:18 | INFO    |   [radimagenet] fold 4 epoch 1  train_loss=0.5517  val_auc=0.4684
22:54:19 | INFO    |   [radimagenet] fold 4 epoch 2  train_loss=0.5445  val_auc=0.4437
22:54:19 | INFO    |   [radimagenet] fold 4 epoch 3  train_loss=0.5587  val_auc=0.4625
22:54:19 | INFO    |   [radimagenet] fold 4 epoch 4  train_loss=0.5383  val_auc=0.4684
22:54:20 | INFO    |   [radimagenet] fold 4 epoch 5  train_loss=0.5394  val_auc=0.4486
22:54:20 | INFO    |   [radimagenet] fold 4 epoch 6  train_loss=0.5583  val_auc=0.4318
22:54:21 | INFO    |   [radimagenet] fold 4 epoch 7  train_loss=0.6037  val_auc=0.4585
22:54:21 | INFO    |   [radimagenet] fold 4 early stop @ epoch 7
22:54:21 | INFO    | [seed 7][frac 0.25][radimagenet] n_train_pac=31  OOF AUROC=0.5344
22:54:22 | INFO    |   [imagenet] fold 0 epoch 0  train_loss=0.5303  val_auc=0.6239
22:54:22 | INFO    |   [imagenet] fold 0 epoch 1  train_loss=0.5246  val_auc=0.6330
22:54:22 | INFO    |   [imagenet] fold 0 epoch 2  train_loss=0.5150  val_auc=0.5207
22:54:23 | INFO    |   [imagenet] fold 0 epoch 3  train_loss=0.5094  val_auc=0.5308
22:54:23 | INFO    |   [imagenet] fold 0 epoch 4  train_loss=0.4986  val_auc=0.5612
22:54:24 | INFO    |   [imagenet] fold 0 epoch 5  train_loss=0.4852  val_auc=0.6239
22:54:24 | INFO    |   [imagenet] fold 0 epoch 6  train_loss=0.4729  val_auc=0.5774
22:54:24 | INFO    |   [imagenet] fold 0 epoch 7  train_loss=0.4529  val_auc=0.5784
22:54:25 | INFO    |   [imagenet] fold 0 epoch 8  train_loss=0.4421  val_auc=0.6077
22:54:25 | INFO    |   [imagenet] fold 0 early stop @ epoch 8
22:54:26 | INFO    |   [imagenet] fold 1 epoch 0  train_loss=0.4746  val_auc=0.5351
22:54:27 | INFO    |   [imagenet] fold 1 epoch 1  train_loss=0.4653  val_auc=0.6260
22:54:27 | INFO    |   [imagenet] fold 1 epoch 2  train_loss=0.4570  val_auc=0.6291
22:54:28 | INFO    |   [imagenet] fold 1 epoch 3  train_loss=0.4459  val_auc=0.5413
22:54:28 | INFO    |   [imagenet] fold 1 epoch 4  train_loss=0.4323  val_auc=0.5981
22:54:28 | INFO    |   [imagenet] fold 1 epoch 5  train_loss=0.4193  val_auc=0.7438
22:54:29 | INFO    |   [imagenet] fold 1 epoch 6  train_loss=0.4100  val_auc=0.7851
22:54:29 | INFO    |   [imagenet] fold 1 epoch 7  train_loss=0.3852  val_auc=0.7428
22:54:29 | INFO    |   [imagenet] fold 1 epoch 8  train_loss=0.3662  val_auc=0.7376
22:54:30 | INFO    |   [imagenet] fold 1 epoch 9  train_loss=0.3347  val_auc=0.7448
22:54:30 | INFO    |   [imagenet] fold 1 epoch 10  train_loss=0.3145  val_auc=0.7025
22:54:31 | INFO    |   [imagenet] fold 1 epoch 11  train_loss=0.2848  val_auc=0.7138
22:54:31 | INFO    |   [imagenet] fold 1 epoch 12  train_loss=0.2666  val_auc=0.7376
22:54:31 | INFO    |   [imagenet] fold 1 epoch 13  train_loss=0.2550  val_auc=0.6994
22:54:31 | INFO    |   [imagenet] fold 1 early stop @ epoch 13
22:54:32 | INFO    |   [imagenet] fold 2 epoch 0  train_loss=0.4695  val_auc=0.5253
22:54:33 | INFO    |   [imagenet] fold 2 epoch 1  train_loss=0.4628  val_auc=0.5717
22:54:33 | INFO    |   [imagenet] fold 2 epoch 2  train_loss=0.4561  val_auc=0.6111
22:54:34 | INFO    |   [imagenet] fold 2 epoch 3  train_loss=0.4479  val_auc=0.6838
22:54:34 | INFO    |   [imagenet] fold 2 epoch 4  train_loss=0.4367  val_auc=0.7232
22:54:34 | INFO    |   [imagenet] fold 2 epoch 5  train_loss=0.4250  val_auc=0.6606
22:54:35 | INFO    |   [imagenet] fold 2 epoch 6  train_loss=0.4125  val_auc=0.6253
22:54:35 | INFO    |   [imagenet] fold 2 epoch 7  train_loss=0.3949  val_auc=0.6343
22:54:35 | INFO    |   [imagenet] fold 2 epoch 8  train_loss=0.3831  val_auc=0.6859
22:54:36 | INFO    |   [imagenet] fold 2 epoch 9  train_loss=0.3572  val_auc=0.7162
22:54:36 | INFO    |   [imagenet] fold 2 epoch 10  train_loss=0.3493  val_auc=0.7061
22:54:36 | INFO    |   [imagenet] fold 2 epoch 11  train_loss=0.3305  val_auc=0.7495
22:54:37 | INFO    |   [imagenet] fold 2 epoch 12  train_loss=0.3108  val_auc=0.7535
22:54:37 | INFO    |   [imagenet] fold 2 epoch 13  train_loss=0.2838  val_auc=0.7303
22:54:37 | INFO    |   [imagenet] fold 2 epoch 14  train_loss=0.2600  val_auc=0.7586
22:54:38 | INFO    |   [imagenet] fold 2 epoch 15  train_loss=0.2392  val_auc=0.7636
22:54:38 | INFO    |   [imagenet] fold 2 epoch 16  train_loss=0.2313  val_auc=0.7636
22:54:38 | INFO    |   [imagenet] fold 2 epoch 17  train_loss=0.2000  val_auc=0.7364
22:54:39 | INFO    |   [imagenet] fold 2 epoch 18  train_loss=0.1861  val_auc=0.7535
22:54:39 | INFO    |   [imagenet] fold 2 epoch 19  train_loss=0.1727  val_auc=0.7879
22:54:39 | INFO    |   [imagenet] fold 2 epoch 20  train_loss=0.1631  val_auc=0.8152
22:54:40 | INFO    |   [imagenet] fold 2 epoch 21  train_loss=0.1484  val_auc=0.8131
22:54:40 | INFO    |   [imagenet] fold 2 epoch 22  train_loss=0.1381  val_auc=0.7879
22:54:40 | INFO    |   [imagenet] fold 2 epoch 23  train_loss=0.1138  val_auc=0.8071
22:54:41 | INFO    |   [imagenet] fold 2 epoch 24  train_loss=0.1069  val_auc=0.8071
22:54:41 | INFO    |   [imagenet] fold 2 epoch 25  train_loss=0.0948  val_auc=0.7747
22:54:41 | INFO    |   [imagenet] fold 2 epoch 26  train_loss=0.0888  val_auc=0.7960
22:54:42 | INFO    |   [imagenet] fold 2 epoch 27  train_loss=0.0809  val_auc=0.8273
22:54:42 | INFO    |   [imagenet] fold 2 epoch 28  train_loss=0.0764  val_auc=0.8444
22:54:43 | INFO    |   [imagenet] fold 2 epoch 29  train_loss=0.0570  val_auc=0.8081
22:54:44 | INFO    |   [imagenet] fold 3 epoch 0  train_loss=0.4491  val_auc=0.5794
22:54:44 | INFO    |   [imagenet] fold 3 epoch 1  train_loss=0.4428  val_auc=0.5612
22:54:44 | INFO    |   [imagenet] fold 3 epoch 2  train_loss=0.4371  val_auc=0.5217
22:54:45 | INFO    |   [imagenet] fold 3 epoch 3  train_loss=0.4294  val_auc=0.5693
22:54:45 | INFO    |   [imagenet] fold 3 epoch 4  train_loss=0.4300  val_auc=0.5693
22:54:45 | INFO    |   [imagenet] fold 3 epoch 5  train_loss=0.4173  val_auc=0.6158
22:54:46 | INFO    |   [imagenet] fold 3 epoch 6  train_loss=0.4132  val_auc=0.6330
22:54:46 | INFO    |   [imagenet] fold 3 epoch 7  train_loss=0.4065  val_auc=0.6653
22:54:48 | INFO    |   [imagenet] fold 3 epoch 8  train_loss=0.3968  val_auc=0.5501
22:54:48 | INFO    |   [imagenet] fold 3 epoch 9  train_loss=0.3862  val_auc=0.5470
22:54:48 | INFO    |   [imagenet] fold 3 epoch 10  train_loss=0.3770  val_auc=0.6623
22:54:49 | INFO    |   [imagenet] fold 3 epoch 11  train_loss=0.3693  val_auc=0.6967
22:54:49 | INFO    |   [imagenet] fold 3 epoch 12  train_loss=0.3535  val_auc=0.6754
22:54:50 | INFO    |   [imagenet] fold 3 epoch 13  train_loss=0.3413  val_auc=0.6785
22:54:50 | INFO    |   [imagenet] fold 3 epoch 14  train_loss=0.3307  val_auc=0.7664
22:54:50 | INFO    |   [imagenet] fold 3 epoch 15  train_loss=0.3090  val_auc=0.7422
22:54:51 | INFO    |   [imagenet] fold 3 epoch 16  train_loss=0.2987  val_auc=0.7432
22:54:51 | INFO    |   [imagenet] fold 3 epoch 17  train_loss=0.2839  val_auc=0.6845
22:54:51 | INFO    |   [imagenet] fold 3 epoch 18  train_loss=0.2650  val_auc=0.6502
22:54:52 | INFO    |   [imagenet] fold 3 epoch 19  train_loss=0.2429  val_auc=0.6946
22:54:52 | INFO    |   [imagenet] fold 3 epoch 20  train_loss=0.2332  val_auc=0.7240
22:54:53 | INFO    |   [imagenet] fold 3 epoch 21  train_loss=0.2150  val_auc=0.7735
22:54:53 | INFO    |   [imagenet] fold 3 epoch 22  train_loss=0.1924  val_auc=0.7563
22:54:53 | INFO    |   [imagenet] fold 3 epoch 23  train_loss=0.1745  val_auc=0.6643
22:54:54 | INFO    |   [imagenet] fold 3 epoch 24  train_loss=0.1685  val_auc=0.6562
22:54:54 | INFO    |   [imagenet] fold 3 epoch 25  train_loss=0.1408  val_auc=0.5986
22:54:54 | INFO    |   [imagenet] fold 3 epoch 26  train_loss=0.1377  val_auc=0.6946
22:54:55 | INFO    |   [imagenet] fold 3 epoch 27  train_loss=0.1181  val_auc=0.6704
22:54:55 | INFO    |   [imagenet] fold 3 epoch 28  train_loss=0.1427  val_auc=0.6936
22:54:55 | INFO    |   [imagenet] fold 3 early stop @ epoch 28
22:54:56 | INFO    |   [imagenet] fold 4 epoch 0  train_loss=0.5598  val_auc=0.3350
22:54:57 | INFO    |   [imagenet] fold 4 epoch 1  train_loss=0.5475  val_auc=0.3221
22:54:57 | INFO    |   [imagenet] fold 4 epoch 2  train_loss=0.5406  val_auc=0.3666
22:54:57 | INFO    |   [imagenet] fold 4 epoch 3  train_loss=0.5386  val_auc=0.4644
22:54:58 | INFO    |   [imagenet] fold 4 epoch 4  train_loss=0.5313  val_auc=0.5405
22:54:58 | INFO    |   [imagenet] fold 4 epoch 5  train_loss=0.5261  val_auc=0.6146
22:54:59 | INFO    |   [imagenet] fold 4 epoch 6  train_loss=0.5154  val_auc=0.6838
22:54:59 | INFO    |   [imagenet] fold 4 epoch 7  train_loss=0.5050  val_auc=0.7312
22:54:59 | INFO    |   [imagenet] fold 4 epoch 8  train_loss=0.4897  val_auc=0.7184
22:55:00 | INFO    |   [imagenet] fold 4 epoch 9  train_loss=0.4811  val_auc=0.7095
22:55:00 | INFO    |   [imagenet] fold 4 epoch 10  train_loss=0.4647  val_auc=0.6611
22:55:00 | INFO    |   [imagenet] fold 4 epoch 11  train_loss=0.4469  val_auc=0.6275
22:55:01 | INFO    |   [imagenet] fold 4 epoch 12  train_loss=0.4341  val_auc=0.5978
22:55:01 | INFO    |   [imagenet] fold 4 epoch 13  train_loss=0.4154  val_auc=0.6008
22:55:01 | INFO    |   [imagenet] fold 4 epoch 14  train_loss=0.3893  val_auc=0.6196
22:55:01 | INFO    |   [imagenet] fold 4 early stop @ epoch 14
22:55:02 | INFO    | [seed 7][frac 0.25][imagenet] n_train_pac=31  OOF AUROC=0.5568
22:55:02 | INFO    |   [random] fold 0 epoch 0  train_loss=0.5238  val_auc=0.5126
22:55:03 | INFO    |   [random] fold 0 epoch 1  train_loss=0.4469  val_auc=0.4995
22:55:03 | INFO    |   [random] fold 0 epoch 2  train_loss=0.4286  val_auc=0.5076
22:55:03 | INFO    |   [random] fold 0 epoch 3  train_loss=0.3958  val_auc=0.5440
22:55:04 | INFO    |   [random] fold 0 epoch 4  train_loss=0.3740  val_auc=0.5804
22:55:04 | INFO    |   [random] fold 0 epoch 5  train_loss=0.3407  val_auc=0.6006
22:55:05 | INFO    |   [random] fold 0 epoch 6  train_loss=0.3230  val_auc=0.6067
22:55:05 | INFO    |   [random] fold 0 epoch 7  train_loss=0.3069  val_auc=0.6127
22:55:05 | INFO    |   [random] fold 0 epoch 8  train_loss=0.2784  val_auc=0.6057
22:55:06 | INFO    |   [random] fold 0 epoch 9  train_loss=0.2680  val_auc=0.5945
22:55:06 | INFO    |   [random] fold 0 epoch 10  train_loss=0.2395  val_auc=0.5986
22:55:07 | INFO    |   [random] fold 0 epoch 11  train_loss=0.2161  val_auc=0.5956
22:55:07 | INFO    |   [random] fold 0 epoch 12  train_loss=0.2009  val_auc=0.5642
22:55:07 | INFO    |   [random] fold 0 epoch 13  train_loss=0.1630  val_auc=0.5359
22:55:08 | INFO    |   [random] fold 0 epoch 14  train_loss=0.1351  val_auc=0.5480
22:55:08 | INFO    |   [random] fold 0 early stop @ epoch 14
22:55:09 | INFO    |   [random] fold 1 epoch 0  train_loss=0.4679  val_auc=0.6033
22:55:10 | INFO    |   [random] fold 1 epoch 1  train_loss=0.4126  val_auc=0.6023
22:55:10 | INFO    |   [random] fold 1 epoch 2  train_loss=0.3834  val_auc=0.6095
22:55:10 | INFO    |   [random] fold 1 epoch 3  train_loss=0.3703  val_auc=0.6126
22:55:11 | INFO    |   [random] fold 1 epoch 4  train_loss=0.3163  val_auc=0.6023
22:55:11 | INFO    |   [random] fold 1 epoch 5  train_loss=0.3159  val_auc=0.5919
22:55:12 | INFO    |   [random] fold 1 epoch 6  train_loss=0.2604  val_auc=0.5878
22:55:12 | INFO    |   [random] fold 1 epoch 7  train_loss=0.2968  val_auc=0.5764
22:55:12 | INFO    |   [random] fold 1 epoch 8  train_loss=0.2093  val_auc=0.5671
22:55:13 | INFO    |   [random] fold 1 epoch 9  train_loss=0.2072  val_auc=0.5496
22:55:13 | INFO    |   [random] fold 1 epoch 10  train_loss=0.1762  val_auc=0.5610
22:55:13 | INFO    |   [random] fold 1 early stop @ epoch 10
22:55:14 | INFO    |   [random] fold 2 epoch 0  train_loss=0.4846  val_auc=0.2960
22:55:14 | INFO    |   [random] fold 2 epoch 1  train_loss=0.4464  val_auc=0.4455
22:55:15 | INFO    |   [random] fold 2 epoch 2  train_loss=0.4035  val_auc=0.5980
22:55:15 | INFO    |   [random] fold 2 epoch 3  train_loss=0.3854  val_auc=0.6848
22:55:15 | INFO    |   [random] fold 2 epoch 4  train_loss=0.3451  val_auc=0.6758
22:55:16 | INFO    |   [random] fold 2 epoch 5  train_loss=0.3090  val_auc=0.6556
22:55:16 | INFO    |   [random] fold 2 epoch 6  train_loss=0.2873  val_auc=0.6414
22:55:16 | INFO    |   [random] fold 2 epoch 7  train_loss=0.2453  val_auc=0.6071
22:55:17 | INFO    |   [random] fold 2 epoch 8  train_loss=0.2087  val_auc=0.5788
22:55:17 | INFO    |   [random] fold 2 epoch 9  train_loss=0.1805  val_auc=0.5747
22:55:17 | INFO    |   [random] fold 2 epoch 10  train_loss=0.1527  val_auc=0.5707
22:55:17 | INFO    |   [random] fold 2 early stop @ epoch 10
22:55:18 | INFO    |   [random] fold 3 epoch 0  train_loss=0.4525  val_auc=0.5632
22:55:19 | INFO    |   [random] fold 3 epoch 1  train_loss=0.4111  val_auc=0.5642
22:55:19 | INFO    |   [random] fold 3 epoch 2  train_loss=0.3784  val_auc=0.5581
22:55:19 | INFO    |   [random] fold 3 epoch 3  train_loss=0.3580  val_auc=0.5450
22:55:20 | INFO    |   [random] fold 3 epoch 4  train_loss=0.3367  val_auc=0.5410
22:55:20 | INFO    |   [random] fold 3 epoch 5  train_loss=0.3163  val_auc=0.5511
22:55:21 | INFO    |   [random] fold 3 epoch 6  train_loss=0.3068  val_auc=0.5571
22:55:21 | INFO    |   [random] fold 3 epoch 7  train_loss=0.2959  val_auc=0.5612
22:55:21 | INFO    |   [random] fold 3 epoch 8  train_loss=0.2680  val_auc=0.5329
22:55:21 | INFO    |   [random] fold 3 early stop @ epoch 8
22:55:22 | INFO    |   [random] fold 4 epoch 0  train_loss=0.5752  val_auc=0.6393
22:55:22 | INFO    |   [random] fold 4 epoch 1  train_loss=0.4910  val_auc=0.6571
22:55:23 | INFO    |   [random] fold 4 epoch 2  train_loss=0.4547  val_auc=0.6709
22:55:23 | INFO    |   [random] fold 4 epoch 3  train_loss=0.4579  val_auc=0.6729
22:55:23 | INFO    |   [random] fold 4 epoch 4  train_loss=0.4106  val_auc=0.6729
22:55:24 | INFO    |   [random] fold 4 epoch 5  train_loss=0.3891  val_auc=0.6897
22:55:24 | INFO    |   [random] fold 4 epoch 6  train_loss=0.3807  val_auc=0.7045
22:55:25 | INFO    |   [random] fold 4 epoch 7  train_loss=0.3735  val_auc=0.6976
22:55:25 | INFO    |   [random] fold 4 epoch 8  train_loss=0.3353  val_auc=0.6917
22:55:25 | INFO    |   [random] fold 4 epoch 9  train_loss=0.3195  val_auc=0.6986
22:55:26 | INFO    |   [random] fold 4 epoch 10  train_loss=0.3008  val_auc=0.6927
22:55:26 | INFO    |   [random] fold 4 epoch 11  train_loss=0.2636  val_auc=0.6947
22:55:26 | INFO    |   [random] fold 4 epoch 12  train_loss=0.2836  val_auc=0.6848
22:55:27 | INFO    |   [random] fold 4 epoch 13  train_loss=0.2401  val_auc=0.6690
22:55:27 | INFO    |   [random] fold 4 early stop @ epoch 13
22:55:27 | INFO    | [seed 7][frac 0.25][random] n_train_pac=31  OOF AUROC=0.5132
22:55:28 | INFO    |   [radimagenet] fold 0 epoch 0  train_loss=0.5078  val_auc=0.5956
22:55:29 | INFO    |   [radimagenet] fold 0 epoch 1  train_loss=0.4988  val_auc=0.5268
22:55:29 | INFO    |   [radimagenet] fold 0 epoch 2  train_loss=0.4827  val_auc=0.5379
22:55:30 | INFO    |   [radimagenet] fold 0 epoch 3  train_loss=0.4731  val_auc=0.5197
22:55:31 | INFO    |   [radimagenet] fold 0 epoch 4  train_loss=0.4691  val_auc=0.5319
22:55:31 | INFO    |   [radimagenet] fold 0 epoch 5  train_loss=0.4466  val_auc=0.6390
22:55:32 | INFO    |   [radimagenet] fold 0 epoch 6  train_loss=0.4176  val_auc=0.6208
22:55:33 | INFO    |   [radimagenet] fold 0 epoch 7  train_loss=0.3981  val_auc=0.6168
22:55:33 | INFO    |   [radimagenet] fold 0 epoch 8  train_loss=0.3699  val_auc=0.6087
22:55:34 | INFO    |   [radimagenet] fold 0 epoch 9  train_loss=0.3449  val_auc=0.6229
22:55:35 | INFO    |   [radimagenet] fold 0 epoch 10  train_loss=0.2978  val_auc=0.6299
22:55:35 | INFO    |   [radimagenet] fold 0 epoch 11  train_loss=0.2678  val_auc=0.6188
22:55:36 | INFO    |   [radimagenet] fold 0 epoch 12  train_loss=0.2238  val_auc=0.6330
22:55:36 | INFO    |   [radimagenet] fold 0 early stop @ epoch 12
22:55:37 | INFO    |   [radimagenet] fold 1 epoch 0  train_loss=0.4892  val_auc=0.6281
22:55:38 | INFO    |   [radimagenet] fold 1 epoch 1  train_loss=0.4781  val_auc=0.7107
22:55:38 | INFO    |   [radimagenet] fold 1 epoch 2  train_loss=0.4613  val_auc=0.6870
22:55:39 | INFO    |   [radimagenet] fold 1 epoch 3  train_loss=0.4491  val_auc=0.7045
22:55:40 | INFO    |   [radimagenet] fold 1 epoch 4  train_loss=0.4291  val_auc=0.6818
22:55:40 | INFO    |   [radimagenet] fold 1 epoch 5  train_loss=0.4170  val_auc=0.7459
22:55:41 | INFO    |   [radimagenet] fold 1 epoch 6  train_loss=0.3895  val_auc=0.7624
22:55:42 | INFO    |   [radimagenet] fold 1 epoch 7  train_loss=0.3622  val_auc=0.7014
22:55:42 | INFO    |   [radimagenet] fold 1 epoch 8  train_loss=0.3295  val_auc=0.6818
22:55:43 | INFO    |   [radimagenet] fold 1 epoch 9  train_loss=0.3089  val_auc=0.6942
22:55:44 | INFO    |   [radimagenet] fold 1 epoch 10  train_loss=0.2601  val_auc=0.7035
22:55:44 | INFO    |   [radimagenet] fold 1 epoch 11  train_loss=0.2518  val_auc=0.7097
22:55:45 | INFO    |   [radimagenet] fold 1 epoch 12  train_loss=0.1999  val_auc=0.7097
22:55:45 | INFO    |   [radimagenet] fold 1 epoch 13  train_loss=0.1572  val_auc=0.7128
22:55:45 | INFO    |   [radimagenet] fold 1 early stop @ epoch 13
22:55:47 | INFO    |   [radimagenet] fold 2 epoch 0  train_loss=0.5272  val_auc=0.6646
22:55:47 | INFO    |   [radimagenet] fold 2 epoch 1  train_loss=0.5019  val_auc=0.7081
22:55:48 | INFO    |   [radimagenet] fold 2 epoch 2  train_loss=0.4853  val_auc=0.7202
22:55:49 | INFO    |   [radimagenet] fold 2 epoch 3  train_loss=0.4747  val_auc=0.7010
22:55:49 | INFO    |   [radimagenet] fold 2 epoch 4  train_loss=0.4531  val_auc=0.7000
22:55:50 | INFO    |   [radimagenet] fold 2 epoch 5  train_loss=0.4383  val_auc=0.6768
22:55:51 | INFO    |   [radimagenet] fold 2 epoch 6  train_loss=0.4303  val_auc=0.6364
22:55:51 | INFO    |   [radimagenet] fold 2 epoch 7  train_loss=0.3980  val_auc=0.6343
22:55:52 | INFO    |   [radimagenet] fold 2 epoch 8  train_loss=0.3645  val_auc=0.6556
22:55:53 | INFO    |   [radimagenet] fold 2 epoch 9  train_loss=0.3566  val_auc=0.6566
22:55:53 | INFO    |   [radimagenet] fold 2 early stop @ epoch 9
22:55:54 | INFO    |   [radimagenet] fold 3 epoch 0  train_loss=0.4693  val_auc=0.5551
22:55:54 | INFO    |   [radimagenet] fold 3 epoch 1  train_loss=0.4613  val_auc=0.7118
22:55:55 | INFO    |   [radimagenet] fold 3 epoch 2  train_loss=0.4467  val_auc=0.6138
22:55:56 | INFO    |   [radimagenet] fold 3 epoch 3  train_loss=0.4383  val_auc=0.7280
22:55:56 | INFO    |   [radimagenet] fold 3 epoch 4  train_loss=0.4176  val_auc=0.7624
22:55:57 | INFO    |   [radimagenet] fold 3 epoch 5  train_loss=0.4118  val_auc=0.7604
22:55:58 | INFO    |   [radimagenet] fold 3 epoch 6  train_loss=0.3881  val_auc=0.7523
22:55:58 | INFO    |   [radimagenet] fold 3 epoch 7  train_loss=0.3639  val_auc=0.7715
22:55:59 | INFO    |   [radimagenet] fold 3 epoch 8  train_loss=0.3468  val_auc=0.7351
22:55:59 | INFO    |   [radimagenet] fold 3 epoch 9  train_loss=0.3107  val_auc=0.7735
22:56:00 | INFO    |   [radimagenet] fold 3 epoch 10  train_loss=0.2920  val_auc=0.7856
22:56:01 | INFO    |   [radimagenet] fold 3 epoch 11  train_loss=0.2602  val_auc=0.8018
22:56:01 | INFO    |   [radimagenet] fold 3 epoch 12  train_loss=0.2319  val_auc=0.7776
22:56:02 | INFO    |   [radimagenet] fold 3 epoch 13  train_loss=0.2029  val_auc=0.7887
22:56:03 | INFO    |   [radimagenet] fold 3 epoch 14  train_loss=0.1879  val_auc=0.7897
22:56:03 | INFO    |   [radimagenet] fold 3 epoch 15  train_loss=0.1491  val_auc=0.7583
22:56:04 | INFO    |   [radimagenet] fold 3 epoch 16  train_loss=0.1385  val_auc=0.7705
22:56:05 | INFO    |   [radimagenet] fold 3 epoch 17  train_loss=0.1201  val_auc=0.7300
22:56:05 | INFO    |   [radimagenet] fold 3 epoch 18  train_loss=0.1014  val_auc=0.7563
22:56:05 | INFO    |   [radimagenet] fold 3 early stop @ epoch 18
22:56:06 | INFO    |   [radimagenet] fold 4 epoch 0  train_loss=0.5529  val_auc=0.5484
22:56:07 | INFO    |   [radimagenet] fold 4 epoch 1  train_loss=0.5333  val_auc=0.4842
22:56:07 | INFO    |   [radimagenet] fold 4 epoch 2  train_loss=0.5228  val_auc=0.5840
22:56:08 | INFO    |   [radimagenet] fold 4 epoch 3  train_loss=0.5118  val_auc=0.6522
22:56:09 | INFO    |   [radimagenet] fold 4 epoch 4  train_loss=0.4991  val_auc=0.6551
22:56:09 | INFO    |   [radimagenet] fold 4 epoch 5  train_loss=0.4713  val_auc=0.6838
22:56:10 | INFO    |   [radimagenet] fold 4 epoch 6  train_loss=0.4624  val_auc=0.6966
22:56:11 | INFO    |   [radimagenet] fold 4 epoch 7  train_loss=0.4349  val_auc=0.7115
22:56:12 | INFO    |   [radimagenet] fold 4 epoch 8  train_loss=0.4124  val_auc=0.7352
22:56:12 | INFO    |   [radimagenet] fold 4 epoch 9  train_loss=0.3688  val_auc=0.7421
22:56:13 | INFO    |   [radimagenet] fold 4 epoch 10  train_loss=0.3295  val_auc=0.7411
22:56:13 | INFO    |   [radimagenet] fold 4 epoch 11  train_loss=0.3043  val_auc=0.7411
22:56:14 | INFO    |   [radimagenet] fold 4 epoch 12  train_loss=0.2897  val_auc=0.7619
22:56:15 | INFO    |   [radimagenet] fold 4 epoch 13  train_loss=0.2339  val_auc=0.7599
22:56:15 | INFO    |   [radimagenet] fold 4 epoch 14  train_loss=0.2070  val_auc=0.7638
22:56:16 | INFO    |   [radimagenet] fold 4 epoch 15  train_loss=0.1635  val_auc=0.7312
22:56:17 | INFO    |   [radimagenet] fold 4 epoch 16  train_loss=0.1458  val_auc=0.7559
22:56:17 | INFO    |   [radimagenet] fold 4 epoch 17  train_loss=0.1254  val_auc=0.7283
22:56:18 | INFO    |   [radimagenet] fold 4 epoch 18  train_loss=0.1105  val_auc=0.7510
22:56:18 | INFO    |   [radimagenet] fold 4 epoch 19  train_loss=0.0901  val_auc=0.7381
22:56:19 | INFO    |   [radimagenet] fold 4 epoch 20  train_loss=0.0909  val_auc=0.7579
22:56:20 | INFO    |   [radimagenet] fold 4 epoch 21  train_loss=0.0707  val_auc=0.7530
22:56:20 | INFO    |   [radimagenet] fold 4 early stop @ epoch 21
22:56:20 | INFO    | [seed 7][frac 0.50][radimagenet] n_train_pac=61  OOF AUROC=0.6317
22:56:21 | INFO    |   [imagenet] fold 0 epoch 0  train_loss=0.5002  val_auc=0.6148
22:56:22 | INFO    |   [imagenet] fold 0 epoch 1  train_loss=0.4921  val_auc=0.6249
22:56:23 | INFO    |   [imagenet] fold 0 epoch 2  train_loss=0.4827  val_auc=0.5743
22:56:23 | INFO    |   [imagenet] fold 0 epoch 3  train_loss=0.4732  val_auc=0.5945
22:56:24 | INFO    |   [imagenet] fold 0 epoch 4  train_loss=0.4624  val_auc=0.5612
22:56:24 | INFO    |   [imagenet] fold 0 epoch 5  train_loss=0.4506  val_auc=0.5531
22:56:25 | INFO    |   [imagenet] fold 0 epoch 6  train_loss=0.4258  val_auc=0.5501
22:56:26 | INFO    |   [imagenet] fold 0 epoch 7  train_loss=0.4044  val_auc=0.5945
22:56:26 | INFO    |   [imagenet] fold 0 epoch 8  train_loss=0.3729  val_auc=0.6603
22:56:27 | INFO    |   [imagenet] fold 0 epoch 9  train_loss=0.3323  val_auc=0.6239
22:56:28 | INFO    |   [imagenet] fold 0 epoch 10  train_loss=0.2931  val_auc=0.5966
22:56:28 | INFO    |   [imagenet] fold 0 epoch 11  train_loss=0.2355  val_auc=0.6289
22:56:29 | INFO    |   [imagenet] fold 0 epoch 12  train_loss=0.2048  val_auc=0.6400
22:56:30 | INFO    |   [imagenet] fold 0 epoch 13  train_loss=0.1584  val_auc=0.6057
22:56:30 | INFO    |   [imagenet] fold 0 epoch 14  train_loss=0.1303  val_auc=0.6239
22:56:31 | INFO    |   [imagenet] fold 0 epoch 15  train_loss=0.1004  val_auc=0.6431
22:56:31 | INFO    |   [imagenet] fold 0 early stop @ epoch 15
22:56:33 | INFO    |   [imagenet] fold 1 epoch 0  train_loss=0.4763  val_auc=0.6715
22:56:34 | INFO    |   [imagenet] fold 1 epoch 1  train_loss=0.4658  val_auc=0.6643
22:56:34 | INFO    |   [imagenet] fold 1 epoch 2  train_loss=0.4569  val_auc=0.6901
22:56:35 | INFO    |   [imagenet] fold 1 epoch 3  train_loss=0.4447  val_auc=0.6715
22:56:36 | INFO    |   [imagenet] fold 1 epoch 4  train_loss=0.4253  val_auc=0.6952
22:56:36 | INFO    |   [imagenet] fold 1 epoch 5  train_loss=0.4041  val_auc=0.6622
22:56:37 | INFO    |   [imagenet] fold 1 epoch 6  train_loss=0.3812  val_auc=0.7004
22:56:38 | INFO    |   [imagenet] fold 1 epoch 7  train_loss=0.3458  val_auc=0.6560
22:56:38 | INFO    |   [imagenet] fold 1 epoch 8  train_loss=0.2949  val_auc=0.6498
22:56:39 | INFO    |   [imagenet] fold 1 epoch 9  train_loss=0.2551  val_auc=0.6767
22:56:39 | INFO    |   [imagenet] fold 1 epoch 10  train_loss=0.2108  val_auc=0.6529
22:56:40 | INFO    |   [imagenet] fold 1 epoch 11  train_loss=0.1894  val_auc=0.6550
22:56:41 | INFO    |   [imagenet] fold 1 epoch 12  train_loss=0.1461  val_auc=0.6952
22:56:41 | INFO    |   [imagenet] fold 1 epoch 13  train_loss=0.1464  val_auc=0.6983
22:56:41 | INFO    |   [imagenet] fold 1 early stop @ epoch 13
22:56:43 | INFO    |   [imagenet] fold 2 epoch 0  train_loss=0.5138  val_auc=0.4768
22:56:43 | INFO    |   [imagenet] fold 2 epoch 1  train_loss=0.5085  val_auc=0.6515
22:56:44 | INFO    |   [imagenet] fold 2 epoch 2  train_loss=0.5035  val_auc=0.6545
22:56:45 | INFO    |   [imagenet] fold 2 epoch 3  train_loss=0.4970  val_auc=0.7192
22:56:45 | INFO    |   [imagenet] fold 2 epoch 4  train_loss=0.4901  val_auc=0.7313
22:56:46 | INFO    |   [imagenet] fold 2 epoch 5  train_loss=0.4861  val_auc=0.7566
22:56:47 | INFO    |   [imagenet] fold 2 epoch 6  train_loss=0.4706  val_auc=0.7808
22:56:47 | INFO    |   [imagenet] fold 2 epoch 7  train_loss=0.4512  val_auc=0.7414
22:56:48 | INFO    |   [imagenet] fold 2 epoch 8  train_loss=0.4264  val_auc=0.7303
22:56:48 | INFO    |   [imagenet] fold 2 epoch 9  train_loss=0.3926  val_auc=0.7343
22:56:49 | INFO    |   [imagenet] fold 2 epoch 10  train_loss=0.3637  val_auc=0.7525
22:56:50 | INFO    |   [imagenet] fold 2 epoch 11  train_loss=0.3081  val_auc=0.7162
22:56:50 | INFO    |   [imagenet] fold 2 epoch 12  train_loss=0.2592  val_auc=0.7323
22:56:51 | INFO    |   [imagenet] fold 2 epoch 13  train_loss=0.2151  val_auc=0.6626
22:56:51 | INFO    |   [imagenet] fold 2 early stop @ epoch 13
22:56:52 | INFO    |   [imagenet] fold 3 epoch 0  train_loss=0.4672  val_auc=0.4388
22:56:53 | INFO    |   [imagenet] fold 3 epoch 1  train_loss=0.4608  val_auc=0.5005
22:56:54 | INFO    |   [imagenet] fold 3 epoch 2  train_loss=0.4563  val_auc=0.5460
22:56:54 | INFO    |   [imagenet] fold 3 epoch 3  train_loss=0.4509  val_auc=0.6117
22:56:55 | INFO    |   [imagenet] fold 3 epoch 4  train_loss=0.4429  val_auc=0.5632
22:56:56 | INFO    |   [imagenet] fold 3 epoch 5  train_loss=0.4333  val_auc=0.5935
22:56:56 | INFO    |   [imagenet] fold 3 epoch 6  train_loss=0.4189  val_auc=0.6987
22:56:57 | INFO    |   [imagenet] fold 3 epoch 7  train_loss=0.4063  val_auc=0.6987
22:56:58 | INFO    |   [imagenet] fold 3 epoch 8  train_loss=0.3932  val_auc=0.6684
22:56:58 | INFO    |   [imagenet] fold 3 epoch 9  train_loss=0.3693  val_auc=0.7260
22:56:59 | INFO    |   [imagenet] fold 3 epoch 10  train_loss=0.3463  val_auc=0.6987
22:57:00 | INFO    |   [imagenet] fold 3 epoch 11  train_loss=0.3046  val_auc=0.7401
22:57:00 | INFO    |   [imagenet] fold 3 epoch 12  train_loss=0.2670  val_auc=0.7078
22:57:01 | INFO    |   [imagenet] fold 3 epoch 13  train_loss=0.2246  val_auc=0.7432
22:57:01 | INFO    |   [imagenet] fold 3 epoch 14  train_loss=0.1869  val_auc=0.7482
22:57:02 | INFO    |   [imagenet] fold 3 epoch 15  train_loss=0.1429  val_auc=0.6987
22:57:03 | INFO    |   [imagenet] fold 3 epoch 16  train_loss=0.1178  val_auc=0.7533
22:57:03 | INFO    |   [imagenet] fold 3 epoch 17  train_loss=0.0921  val_auc=0.7189
22:57:04 | INFO    |   [imagenet] fold 3 epoch 18  train_loss=0.0900  val_auc=0.7887
22:57:05 | INFO    |   [imagenet] fold 3 epoch 19  train_loss=0.0762  val_auc=0.7755
22:57:05 | INFO    |   [imagenet] fold 3 epoch 20  train_loss=0.0616  val_auc=0.6845
22:57:06 | INFO    |   [imagenet] fold 3 epoch 21  train_loss=0.0512  val_auc=0.7614
22:57:07 | INFO    |   [imagenet] fold 3 epoch 22  train_loss=0.0449  val_auc=0.7705
22:57:07 | INFO    |   [imagenet] fold 3 epoch 23  train_loss=0.0448  val_auc=0.7260
22:57:08 | INFO    |   [imagenet] fold 3 epoch 24  train_loss=0.0431  val_auc=0.7503
22:57:08 | INFO    |   [imagenet] fold 3 epoch 25  train_loss=0.0401  val_auc=0.8028
22:57:09 | INFO    |   [imagenet] fold 3 epoch 26  train_loss=0.0378  val_auc=0.7472
22:57:10 | INFO    |   [imagenet] fold 3 epoch 27  train_loss=0.0334  val_auc=0.7887
22:57:10 | INFO    |   [imagenet] fold 3 epoch 28  train_loss=0.0359  val_auc=0.7927
22:57:11 | INFO    |   [imagenet] fold 3 epoch 29  train_loss=0.0370  val_auc=0.7755
22:57:12 | INFO    |   [imagenet] fold 4 epoch 0  train_loss=0.5449  val_auc=0.3449
22:57:13 | INFO    |   [imagenet] fold 4 epoch 1  train_loss=0.5333  val_auc=0.3913
22:57:14 | INFO    |   [imagenet] fold 4 epoch 2  train_loss=0.5275  val_auc=0.4565
22:57:14 | INFO    |   [imagenet] fold 4 epoch 3  train_loss=0.5106  val_auc=0.5741
22:57:15 | INFO    |   [imagenet] fold 4 epoch 4  train_loss=0.5011  val_auc=0.5978
22:57:16 | INFO    |   [imagenet] fold 4 epoch 5  train_loss=0.4816  val_auc=0.6621
22:57:16 | INFO    |   [imagenet] fold 4 epoch 6  train_loss=0.4592  val_auc=0.6947
22:57:17 | INFO    |   [imagenet] fold 4 epoch 7  train_loss=0.4248  val_auc=0.7095
22:57:18 | INFO    |   [imagenet] fold 4 epoch 8  train_loss=0.3994  val_auc=0.7273
22:57:18 | INFO    |   [imagenet] fold 4 epoch 9  train_loss=0.3523  val_auc=0.7381
22:57:19 | INFO    |   [imagenet] fold 4 epoch 10  train_loss=0.3001  val_auc=0.7559
22:57:20 | INFO    |   [imagenet] fold 4 epoch 11  train_loss=0.2784  val_auc=0.7184
22:57:20 | INFO    |   [imagenet] fold 4 epoch 12  train_loss=0.2256  val_auc=0.7332
22:57:21 | INFO    |   [imagenet] fold 4 epoch 13  train_loss=0.1770  val_auc=0.6561
22:57:21 | INFO    |   [imagenet] fold 4 epoch 14  train_loss=0.1495  val_auc=0.7006
22:57:22 | INFO    |   [imagenet] fold 4 epoch 15  train_loss=0.1115  val_auc=0.7915
22:57:23 | INFO    |   [imagenet] fold 4 epoch 16  train_loss=0.1044  val_auc=0.7006
22:57:23 | INFO    |   [imagenet] fold 4 epoch 17  train_loss=0.0890  val_auc=0.7075
22:57:24 | INFO    |   [imagenet] fold 4 epoch 18  train_loss=0.0708  val_auc=0.7421
22:57:25 | INFO    |   [imagenet] fold 4 epoch 19  train_loss=0.0685  val_auc=0.7283
22:57:25 | INFO    |   [imagenet] fold 4 epoch 20  train_loss=0.0595  val_auc=0.7292
22:57:26 | INFO    |   [imagenet] fold 4 epoch 21  train_loss=0.0511  val_auc=0.6996
22:57:27 | INFO    |   [imagenet] fold 4 epoch 22  train_loss=0.0734  val_auc=0.7540
22:57:27 | INFO    |   [imagenet] fold 4 early stop @ epoch 22
22:57:27 | INFO    | [seed 7][frac 0.50][imagenet] n_train_pac=61  OOF AUROC=0.6216
22:57:28 | INFO    |   [random] fold 0 epoch 0  train_loss=0.5033  val_auc=0.4975
22:57:28 | INFO    |   [random] fold 0 epoch 1  train_loss=0.4609  val_auc=0.5308
22:57:29 | INFO    |   [random] fold 0 epoch 2  train_loss=0.4323  val_auc=0.5470
22:57:29 | INFO    |   [random] fold 0 epoch 3  train_loss=0.4074  val_auc=0.5480
22:57:30 | INFO    |   [random] fold 0 epoch 4  train_loss=0.3784  val_auc=0.5480
22:57:31 | INFO    |   [random] fold 0 epoch 5  train_loss=0.3401  val_auc=0.5561
22:57:31 | INFO    |   [random] fold 0 epoch 6  train_loss=0.3144  val_auc=0.5743
22:57:32 | INFO    |   [random] fold 0 epoch 7  train_loss=0.2753  val_auc=0.5693
22:57:33 | INFO    |   [random] fold 0 epoch 8  train_loss=0.2523  val_auc=0.5733
22:57:33 | INFO    |   [random] fold 0 epoch 9  train_loss=0.2596  val_auc=0.6117
22:57:34 | INFO    |   [random] fold 0 epoch 10  train_loss=0.2060  val_auc=0.5976
22:57:35 | INFO    |   [random] fold 0 epoch 11  train_loss=0.2147  val_auc=0.5986
22:57:35 | INFO    |   [random] fold 0 epoch 12  train_loss=0.1437  val_auc=0.6067
22:57:36 | INFO    |   [random] fold 0 epoch 13  train_loss=0.1564  val_auc=0.6057
22:57:37 | INFO    |   [random] fold 0 epoch 14  train_loss=0.1088  val_auc=0.5672
22:57:37 | INFO    |   [random] fold 0 epoch 15  train_loss=0.0903  val_auc=0.6289
22:57:38 | INFO    |   [random] fold 0 epoch 16  train_loss=0.0625  val_auc=0.6320
22:57:39 | INFO    |   [random] fold 0 epoch 17  train_loss=0.0658  val_auc=0.6279
22:57:39 | INFO    |   [random] fold 0 epoch 18  train_loss=0.0614  val_auc=0.6178
22:57:40 | INFO    |   [random] fold 0 epoch 19  train_loss=0.0515  val_auc=0.5844
22:57:41 | INFO    |   [random] fold 0 epoch 20  train_loss=0.0915  val_auc=0.5541
22:57:41 | INFO    |   [random] fold 0 epoch 21  train_loss=0.0622  val_auc=0.5531
22:57:42 | INFO    |   [random] fold 0 epoch 22  train_loss=0.0661  val_auc=0.5956
22:57:43 | INFO    |   [random] fold 0 epoch 23  train_loss=0.0595  val_auc=0.5885
22:57:43 | INFO    |   [random] fold 0 early stop @ epoch 23
22:57:44 | INFO    |   [random] fold 1 epoch 0  train_loss=0.4711  val_auc=0.6136
22:57:44 | INFO    |   [random] fold 1 epoch 1  train_loss=0.4147  val_auc=0.6271
22:57:45 | INFO    |   [random] fold 1 epoch 2  train_loss=0.3767  val_auc=0.6219
22:57:46 | INFO    |   [random] fold 1 epoch 3  train_loss=0.3509  val_auc=0.6167
22:57:46 | INFO    |   [random] fold 1 epoch 4  train_loss=0.3178  val_auc=0.6219
22:57:47 | INFO    |   [random] fold 1 epoch 5  train_loss=0.2980  val_auc=0.6074
22:57:48 | INFO    |   [random] fold 1 epoch 6  train_loss=0.2596  val_auc=0.5589
22:57:48 | INFO    |   [random] fold 1 epoch 7  train_loss=0.2295  val_auc=0.5651
22:57:49 | INFO    |   [random] fold 1 epoch 8  train_loss=0.1968  val_auc=0.5506
22:57:49 | INFO    |   [random] fold 1 early stop @ epoch 8
22:57:50 | INFO    |   [random] fold 2 epoch 0  train_loss=0.5336  val_auc=0.3121
22:57:51 | INFO    |   [random] fold 2 epoch 1  train_loss=0.4931  val_auc=0.4626
22:57:51 | INFO    |   [random] fold 2 epoch 2  train_loss=0.4709  val_auc=0.3152
22:57:52 | INFO    |   [random] fold 2 epoch 3  train_loss=0.4512  val_auc=0.3444
22:57:52 | INFO    |   [random] fold 2 epoch 4  train_loss=0.4255  val_auc=0.4687
22:57:53 | INFO    |   [random] fold 2 epoch 5  train_loss=0.4112  val_auc=0.4828
22:57:54 | INFO    |   [random] fold 2 epoch 6  train_loss=0.4093  val_auc=0.3788
22:57:54 | INFO    |   [random] fold 2 epoch 7  train_loss=0.3604  val_auc=0.4263
22:57:55 | INFO    |   [random] fold 2 epoch 8  train_loss=0.3272  val_auc=0.5010
22:57:56 | INFO    |   [random] fold 2 epoch 9  train_loss=0.2960  val_auc=0.4444
22:57:57 | INFO    |   [random] fold 2 epoch 10  train_loss=0.2428  val_auc=0.4343
22:57:57 | INFO    |   [random] fold 2 epoch 11  train_loss=0.2017  val_auc=0.4899
22:57:58 | INFO    |   [random] fold 2 epoch 12  train_loss=0.1660  val_auc=0.5939
22:57:59 | INFO    |   [random] fold 2 epoch 13  train_loss=0.1110  val_auc=0.4838
22:57:59 | INFO    |   [random] fold 2 epoch 14  train_loss=0.0914  val_auc=0.6444
22:58:00 | INFO    |   [random] fold 2 epoch 15  train_loss=0.0627  val_auc=0.4374
22:58:01 | INFO    |   [random] fold 2 epoch 16  train_loss=0.0559  val_auc=0.5687
22:58:01 | INFO    |   [random] fold 2 epoch 17  train_loss=0.0468  val_auc=0.4646
22:58:02 | INFO    |   [random] fold 2 epoch 18  train_loss=0.0609  val_auc=0.4727
22:58:02 | INFO    |   [random] fold 2 epoch 19  train_loss=0.0732  val_auc=0.5818
22:58:03 | INFO    |   [random] fold 2 epoch 20  train_loss=0.0633  val_auc=0.5444
22:58:04 | INFO    |   [random] fold 2 epoch 21  train_loss=0.0619  val_auc=0.4111
22:58:04 | INFO    |   [random] fold 2 early stop @ epoch 21
22:58:05 | INFO    |   [random] fold 3 epoch 0  train_loss=0.4580  val_auc=0.6188
22:58:05 | INFO    |   [random] fold 3 epoch 1  train_loss=0.4198  val_auc=0.6320
22:58:06 | INFO    |   [random] fold 3 epoch 2  train_loss=0.4069  val_auc=0.6239
22:58:07 | INFO    |   [random] fold 3 epoch 3  train_loss=0.3772  val_auc=0.6269
22:58:07 | INFO    |   [random] fold 3 epoch 4  train_loss=0.3516  val_auc=0.6603
22:58:08 | INFO    |   [random] fold 3 epoch 5  train_loss=0.3439  val_auc=0.6987
22:58:09 | INFO    |   [random] fold 3 epoch 6  train_loss=0.2945  val_auc=0.6835
22:58:09 | INFO    |   [random] fold 3 epoch 7  train_loss=0.2594  val_auc=0.6855
22:58:10 | INFO    |   [random] fold 3 epoch 8  train_loss=0.2278  val_auc=0.6471
22:58:11 | INFO    |   [random] fold 3 epoch 9  train_loss=0.1875  val_auc=0.6502
22:58:11 | INFO    |   [random] fold 3 epoch 10  train_loss=0.1856  val_auc=0.6441
22:58:12 | INFO    |   [random] fold 3 epoch 11  train_loss=0.1799  val_auc=0.6400
22:58:12 | INFO    |   [random] fold 3 epoch 12  train_loss=0.1623  val_auc=0.6593
22:58:12 | INFO    |   [random] fold 3 early stop @ epoch 12
22:58:13 | INFO    |   [random] fold 4 epoch 0  train_loss=0.5499  val_auc=0.6492
22:58:14 | INFO    |   [random] fold 4 epoch 1  train_loss=0.4904  val_auc=0.6630
22:58:15 | INFO    |   [random] fold 4 epoch 2  train_loss=0.4564  val_auc=0.6789
22:58:15 | INFO    |   [random] fold 4 epoch 3  train_loss=0.4374  val_auc=0.6986
22:58:16 | INFO    |   [random] fold 4 epoch 4  train_loss=0.4269  val_auc=0.6976
22:58:17 | INFO    |   [random] fold 4 epoch 5  train_loss=0.4058  val_auc=0.6838
22:58:17 | INFO    |   [random] fold 4 epoch 6  train_loss=0.3706  val_auc=0.7026
22:58:18 | INFO    |   [random] fold 4 epoch 7  train_loss=0.3691  val_auc=0.6858
22:58:19 | INFO    |   [random] fold 4 epoch 8  train_loss=0.3430  val_auc=0.6779
22:58:19 | INFO    |   [random] fold 4 epoch 9  train_loss=0.3061  val_auc=0.6650
22:58:20 | INFO    |   [random] fold 4 epoch 10  train_loss=0.2688  val_auc=0.6512
22:58:21 | INFO    |   [random] fold 4 epoch 11  train_loss=0.2187  val_auc=0.6621
22:58:21 | INFO    |   [random] fold 4 epoch 12  train_loss=0.2307  val_auc=0.6038
22:58:22 | INFO    |   [random] fold 4 epoch 13  train_loss=0.1777  val_auc=0.6848
22:58:22 | INFO    |   [random] fold 4 early stop @ epoch 13
22:58:22 | INFO    | [seed 7][frac 0.50][random] n_train_pac=61  OOF AUROC=0.5810
22:58:23 | INFO    |   [radimagenet] fold 0 epoch 0  train_loss=0.4811  val_auc=0.5733
22:58:25 | INFO    |   [radimagenet] fold 0 epoch 1  train_loss=0.4693  val_auc=0.6330
22:58:26 | INFO    |   [radimagenet] fold 0 epoch 2  train_loss=0.4570  val_auc=0.5561
22:58:27 | INFO    |   [radimagenet] fold 0 epoch 3  train_loss=0.4421  val_auc=0.6613
22:58:28 | INFO    |   [radimagenet] fold 0 epoch 4  train_loss=0.4168  val_auc=0.6471
22:58:29 | INFO    |   [radimagenet] fold 0 epoch 5  train_loss=0.3833  val_auc=0.6845
22:58:30 | INFO    |   [radimagenet] fold 0 epoch 6  train_loss=0.3527  val_auc=0.6886
22:58:32 | INFO    |   [radimagenet] fold 0 epoch 7  train_loss=0.2913  val_auc=0.6855
22:58:33 | INFO    |   [radimagenet] fold 0 epoch 8  train_loss=0.2428  val_auc=0.7017
22:58:34 | INFO    |   [radimagenet] fold 0 epoch 9  train_loss=0.1901  val_auc=0.7149
22:58:35 | INFO    |   [radimagenet] fold 0 epoch 10  train_loss=0.1572  val_auc=0.7169
22:58:36 | INFO    |   [radimagenet] fold 0 epoch 11  train_loss=0.1135  val_auc=0.7260
22:58:37 | INFO    |   [radimagenet] fold 0 epoch 12  train_loss=0.0821  val_auc=0.7068
22:58:39 | INFO    |   [radimagenet] fold 0 epoch 13  train_loss=0.0713  val_auc=0.7412
22:58:40 | INFO    |   [radimagenet] fold 0 epoch 14  train_loss=0.0565  val_auc=0.7331
22:58:41 | INFO    |   [radimagenet] fold 0 epoch 15  train_loss=0.0441  val_auc=0.7098
22:58:42 | INFO    |   [radimagenet] fold 0 epoch 16  train_loss=0.0455  val_auc=0.7128
22:58:44 | INFO    |   [radimagenet] fold 0 epoch 17  train_loss=0.0459  val_auc=0.7048
22:58:45 | INFO    |   [radimagenet] fold 0 epoch 18  train_loss=0.0454  val_auc=0.6997
22:58:46 | INFO    |   [radimagenet] fold 0 epoch 19  train_loss=0.0414  val_auc=0.7108
22:58:47 | INFO    |   [radimagenet] fold 0 epoch 20  train_loss=0.0325  val_auc=0.6936
22:58:47 | INFO    |   [radimagenet] fold 0 early stop @ epoch 20
22:58:49 | INFO    |   [radimagenet] fold 1 epoch 0  train_loss=0.4880  val_auc=0.6736
22:58:50 | INFO    |   [radimagenet] fold 1 epoch 1  train_loss=0.4702  val_auc=0.7376
22:58:51 | INFO    |   [radimagenet] fold 1 epoch 2  train_loss=0.4685  val_auc=0.7252
22:58:52 | INFO    |   [radimagenet] fold 1 epoch 3  train_loss=0.4565  val_auc=0.7252
22:58:53 | INFO    |   [radimagenet] fold 1 epoch 4  train_loss=0.4419  val_auc=0.7541
22:58:54 | INFO    |   [radimagenet] fold 1 epoch 5  train_loss=0.4266  val_auc=0.7665
22:58:56 | INFO    |   [radimagenet] fold 1 epoch 6  train_loss=0.4019  val_auc=0.7800
22:58:57 | INFO    |   [radimagenet] fold 1 epoch 7  train_loss=0.3509  val_auc=0.7490
22:58:58 | INFO    |   [radimagenet] fold 1 epoch 8  train_loss=0.2946  val_auc=0.7500
22:58:59 | INFO    |   [radimagenet] fold 1 epoch 9  train_loss=0.2347  val_auc=0.7738
22:59:00 | INFO    |   [radimagenet] fold 1 epoch 10  train_loss=0.1753  val_auc=0.7655
22:59:01 | INFO    |   [radimagenet] fold 1 epoch 11  train_loss=0.1224  val_auc=0.7758
22:59:03 | INFO    |   [radimagenet] fold 1 epoch 12  train_loss=0.0901  val_auc=0.7831
22:59:04 | INFO    |   [radimagenet] fold 1 epoch 13  train_loss=0.0658  val_auc=0.7758
22:59:05 | INFO    |   [radimagenet] fold 1 epoch 14  train_loss=0.0493  val_auc=0.7924
22:59:06 | INFO    |   [radimagenet] fold 1 epoch 15  train_loss=0.0371  val_auc=0.8171
22:59:07 | INFO    |   [radimagenet] fold 1 epoch 16  train_loss=0.0504  val_auc=0.8058
22:59:08 | INFO    |   [radimagenet] fold 1 epoch 17  train_loss=0.0343  val_auc=0.7593
22:59:09 | INFO    |   [radimagenet] fold 1 epoch 18  train_loss=0.0398  val_auc=0.7789
22:59:11 | INFO    |   [radimagenet] fold 1 epoch 19  train_loss=0.0248  val_auc=0.7986
22:59:12 | INFO    |   [radimagenet] fold 1 epoch 20  train_loss=0.0240  val_auc=0.7903
22:59:13 | INFO    |   [radimagenet] fold 1 epoch 21  train_loss=0.0196  val_auc=0.7903
22:59:14 | INFO    |   [radimagenet] fold 1 epoch 22  train_loss=0.0214  val_auc=0.7882
22:59:14 | INFO    |   [radimagenet] fold 1 early stop @ epoch 22
22:59:15 | INFO    |   [radimagenet] fold 2 epoch 0  train_loss=0.4866  val_auc=0.7040
22:59:17 | INFO    |   [radimagenet] fold 2 epoch 1  train_loss=0.4657  val_auc=0.7131
22:59:18 | INFO    |   [radimagenet] fold 2 epoch 2  train_loss=0.4561  val_auc=0.6485
22:59:19 | INFO    |   [radimagenet] fold 2 epoch 3  train_loss=0.4303  val_auc=0.6465
22:59:20 | INFO    |   [radimagenet] fold 2 epoch 4  train_loss=0.4033  val_auc=0.6869
22:59:21 | INFO    |   [radimagenet] fold 2 epoch 5  train_loss=0.3631  val_auc=0.6919
22:59:23 | INFO    |   [radimagenet] fold 2 epoch 6  train_loss=0.3231  val_auc=0.6303
22:59:24 | INFO    |   [radimagenet] fold 2 epoch 7  train_loss=0.2689  val_auc=0.7515
22:59:25 | INFO    |   [radimagenet] fold 2 epoch 8  train_loss=0.1954  val_auc=0.8172
22:59:26 | INFO    |   [radimagenet] fold 2 epoch 9  train_loss=0.1517  val_auc=0.7879
22:59:27 | INFO    |   [radimagenet] fold 2 epoch 10  train_loss=0.0996  val_auc=0.7960
22:59:28 | INFO    |   [radimagenet] fold 2 epoch 11  train_loss=0.0741  val_auc=0.7444
22:59:29 | INFO    |   [radimagenet] fold 2 epoch 12  train_loss=0.0533  val_auc=0.7960
22:59:31 | INFO    |   [radimagenet] fold 2 epoch 13  train_loss=0.0465  val_auc=0.7960
22:59:32 | INFO    |   [radimagenet] fold 2 epoch 14  train_loss=0.0369  val_auc=0.8152
22:59:33 | INFO    |   [radimagenet] fold 2 epoch 15  train_loss=0.0330  val_auc=0.7475
22:59:33 | INFO    |   [radimagenet] fold 2 early stop @ epoch 15
22:59:34 | INFO    |   [radimagenet] fold 3 epoch 0  train_loss=0.4817  val_auc=0.6522
22:59:36 | INFO    |   [radimagenet] fold 3 epoch 1  train_loss=0.4661  val_auc=0.7088
22:59:37 | INFO    |   [radimagenet] fold 3 epoch 2  train_loss=0.4507  val_auc=0.7583
22:59:38 | INFO    |   [radimagenet] fold 3 epoch 3  train_loss=0.4363  val_auc=0.8008
22:59:39 | INFO    |   [radimagenet] fold 3 epoch 4  train_loss=0.4124  val_auc=0.8028
22:59:40 | INFO    |   [radimagenet] fold 3 epoch 5  train_loss=0.3743  val_auc=0.8170
22:59:41 | INFO    |   [radimagenet] fold 3 epoch 6  train_loss=0.3258  val_auc=0.8190
22:59:43 | INFO    |   [radimagenet] fold 3 epoch 7  train_loss=0.2712  val_auc=0.8200
22:59:44 | INFO    |   [radimagenet] fold 3 epoch 8  train_loss=0.2051  val_auc=0.8170
22:59:45 | INFO    |   [radimagenet] fold 3 epoch 9  train_loss=0.1535  val_auc=0.8170
22:59:46 | INFO    |   [radimagenet] fold 3 epoch 10  train_loss=0.1042  val_auc=0.8140
22:59:47 | INFO    |   [radimagenet] fold 3 epoch 11  train_loss=0.0777  val_auc=0.8190
22:59:48 | INFO    |   [radimagenet] fold 3 epoch 12  train_loss=0.0636  val_auc=0.8220
22:59:50 | INFO    |   [radimagenet] fold 3 epoch 13  train_loss=0.0520  val_auc=0.8140
22:59:51 | INFO    |   [radimagenet] fold 3 epoch 14  train_loss=0.0424  val_auc=0.8200
22:59:52 | INFO    |   [radimagenet] fold 3 epoch 15  train_loss=0.0440  val_auc=0.8129
22:59:53 | INFO    |   [radimagenet] fold 3 epoch 16  train_loss=0.0355  val_auc=0.8150
22:59:54 | INFO    |   [radimagenet] fold 3 epoch 17  train_loss=0.0364  val_auc=0.8251
22:59:55 | INFO    |   [radimagenet] fold 3 epoch 18  train_loss=0.0423  val_auc=0.8210
22:59:56 | INFO    |   [radimagenet] fold 3 epoch 19  train_loss=0.0284  val_auc=0.8352
22:59:57 | INFO    |   [radimagenet] fold 3 epoch 20  train_loss=0.0283  val_auc=0.8231
22:59:59 | INFO    |   [radimagenet] fold 3 epoch 21  train_loss=0.0264  val_auc=0.8140
23:00:00 | INFO    |   [radimagenet] fold 3 epoch 22  train_loss=0.0267  val_auc=0.8129
23:00:01 | INFO    |   [radimagenet] fold 3 epoch 23  train_loss=0.0249  val_auc=0.8180
23:00:03 | INFO    |   [radimagenet] fold 3 epoch 24  train_loss=0.0405  val_auc=0.8251
23:00:04 | INFO    |   [radimagenet] fold 3 epoch 25  train_loss=0.0315  val_auc=0.8231
23:00:05 | INFO    |   [radimagenet] fold 3 epoch 26  train_loss=0.0339  val_auc=0.8038
23:00:05 | INFO    |   [radimagenet] fold 3 early stop @ epoch 26
23:00:07 | INFO    |   [radimagenet] fold 4 epoch 0  train_loss=0.4793  val_auc=0.4575
23:00:08 | INFO    |   [radimagenet] fold 4 epoch 1  train_loss=0.4688  val_auc=0.5010
23:00:09 | INFO    |   [radimagenet] fold 4 epoch 2  train_loss=0.4541  val_auc=0.5761
23:00:10 | INFO    |   [radimagenet] fold 4 epoch 3  train_loss=0.4417  val_auc=0.6008
23:00:11 | INFO    |   [radimagenet] fold 4 epoch 4  train_loss=0.4206  val_auc=0.6077
23:00:13 | INFO    |   [radimagenet] fold 4 epoch 5  train_loss=0.3976  val_auc=0.6285
23:00:14 | INFO    |   [radimagenet] fold 4 epoch 6  train_loss=0.3632  val_auc=0.6690
23:00:15 | INFO    |   [radimagenet] fold 4 epoch 7  train_loss=0.3151  val_auc=0.6225
23:00:16 | INFO    |   [radimagenet] fold 4 epoch 8  train_loss=0.2609  val_auc=0.6462
23:00:17 | INFO    |   [radimagenet] fold 4 epoch 9  train_loss=0.1991  val_auc=0.6522
23:00:18 | INFO    |   [radimagenet] fold 4 epoch 10  train_loss=0.1443  val_auc=0.6690
23:00:19 | INFO    |   [radimagenet] fold 4 epoch 11  train_loss=0.1172  val_auc=0.6453
23:00:21 | INFO    |   [radimagenet] fold 4 epoch 12  train_loss=0.0920  val_auc=0.6522
23:00:22 | INFO    |   [radimagenet] fold 4 epoch 13  train_loss=0.0615  val_auc=0.6245
23:00:22 | INFO    |   [radimagenet] fold 4 early stop @ epoch 13
23:00:22 | INFO    | [seed 7][frac 1.00][radimagenet] n_train_pac=120  OOF AUROC=0.6948
23:00:24 | INFO    |   [imagenet] fold 0 epoch 0  train_loss=0.4766  val_auc=0.5925
23:00:25 | INFO    |   [imagenet] fold 0 epoch 1  train_loss=0.4683  val_auc=0.6087
23:00:26 | INFO    |   [imagenet] fold 0 epoch 2  train_loss=0.4582  val_auc=0.5895
23:00:27 | INFO    |   [imagenet] fold 0 epoch 3  train_loss=0.4434  val_auc=0.6057
23:00:28 | INFO    |   [imagenet] fold 0 epoch 4  train_loss=0.4259  val_auc=0.5693
23:00:30 | INFO    |   [imagenet] fold 0 epoch 5  train_loss=0.4000  val_auc=0.5996
23:00:31 | INFO    |   [imagenet] fold 0 epoch 6  train_loss=0.3622  val_auc=0.6057
23:00:32 | INFO    |   [imagenet] fold 0 epoch 7  train_loss=0.2923  val_auc=0.5986
23:00:33 | INFO    |   [imagenet] fold 0 epoch 8  train_loss=0.2237  val_auc=0.5814
23:00:33 | INFO    |   [imagenet] fold 0 early stop @ epoch 8
23:00:35 | INFO    |   [imagenet] fold 1 epoch 0  train_loss=0.4757  val_auc=0.6705
23:00:36 | INFO    |   [imagenet] fold 1 epoch 1  train_loss=0.4690  val_auc=0.6911
23:00:37 | INFO    |   [imagenet] fold 1 epoch 2  train_loss=0.4569  val_auc=0.7118
23:00:38 | INFO    |   [imagenet] fold 1 epoch 3  train_loss=0.4376  val_auc=0.6777
23:00:39 | INFO    |   [imagenet] fold 1 epoch 4  train_loss=0.4112  val_auc=0.7541
23:00:41 | INFO    |   [imagenet] fold 1 epoch 5  train_loss=0.3684  val_auc=0.7169
23:00:42 | INFO    |   [imagenet] fold 1 epoch 6  train_loss=0.2978  val_auc=0.7593
23:00:43 | INFO    |   [imagenet] fold 1 epoch 7  train_loss=0.2127  val_auc=0.7159
23:00:44 | INFO    |   [imagenet] fold 1 epoch 8  train_loss=0.1309  val_auc=0.7438
23:00:46 | INFO    |   [imagenet] fold 1 epoch 9  train_loss=0.0857  val_auc=0.6880
23:00:47 | INFO    |   [imagenet] fold 1 epoch 10  train_loss=0.0507  val_auc=0.6736
23:00:48 | INFO    |   [imagenet] fold 1 epoch 11  train_loss=0.0581  val_auc=0.7448
23:00:49 | INFO    |   [imagenet] fold 1 epoch 12  train_loss=0.0636  val_auc=0.7056
23:00:50 | INFO    |   [imagenet] fold 1 epoch 13  train_loss=0.0411  val_auc=0.6612
23:00:50 | INFO    |   [imagenet] fold 1 early stop @ epoch 13
23:00:52 | INFO    |   [imagenet] fold 2 epoch 0  train_loss=0.4821  val_auc=0.7333
23:00:53 | INFO    |   [imagenet] fold 2 epoch 1  train_loss=0.4743  val_auc=0.7636
23:00:54 | INFO    |   [imagenet] fold 2 epoch 2  train_loss=0.4656  val_auc=0.7687
23:00:55 | INFO    |   [imagenet] fold 2 epoch 3  train_loss=0.4499  val_auc=0.7010
23:00:57 | INFO    |   [imagenet] fold 2 epoch 4  train_loss=0.4338  val_auc=0.6970
23:00:58 | INFO    |   [imagenet] fold 2 epoch 5  train_loss=0.4061  val_auc=0.7364
23:00:59 | INFO    |   [imagenet] fold 2 epoch 6  train_loss=0.3579  val_auc=0.7879
23:01:00 | INFO    |   [imagenet] fold 2 epoch 7  train_loss=0.2915  val_auc=0.7242
23:01:01 | INFO    |   [imagenet] fold 2 epoch 8  train_loss=0.2189  val_auc=0.7394
23:01:02 | INFO    |   [imagenet] fold 2 epoch 9  train_loss=0.1335  val_auc=0.7263
23:01:03 | INFO    |   [imagenet] fold 2 epoch 10  train_loss=0.0790  val_auc=0.7465
23:01:05 | INFO    |   [imagenet] fold 2 epoch 11  train_loss=0.0498  val_auc=0.6374
23:01:06 | INFO    |   [imagenet] fold 2 epoch 12  train_loss=0.0447  val_auc=0.6747
23:01:07 | INFO    |   [imagenet] fold 2 epoch 13  train_loss=0.0315  val_auc=0.7172
23:01:07 | INFO    |   [imagenet] fold 2 early stop @ epoch 13
23:01:09 | INFO    |   [imagenet] fold 3 epoch 0  train_loss=0.4780  val_auc=0.5551
23:01:10 | INFO    |   [imagenet] fold 3 epoch 1  train_loss=0.4692  val_auc=0.7361
23:01:11 | INFO    |   [imagenet] fold 3 epoch 2  train_loss=0.4602  val_auc=0.7280
23:01:12 | INFO    |   [imagenet] fold 3 epoch 3  train_loss=0.4493  val_auc=0.6754
23:01:13 | INFO    |   [imagenet] fold 3 epoch 4  train_loss=0.4348  val_auc=0.7179
23:01:15 | INFO    |   [imagenet] fold 3 epoch 5  train_loss=0.4047  val_auc=0.7664
23:01:16 | INFO    |   [imagenet] fold 3 epoch 6  train_loss=0.3552  val_auc=0.7513
23:01:17 | INFO    |   [imagenet] fold 3 epoch 7  train_loss=0.2797  val_auc=0.7624
23:01:18 | INFO    |   [imagenet] fold 3 epoch 8  train_loss=0.2010  val_auc=0.7594
23:01:19 | INFO    |   [imagenet] fold 3 epoch 9  train_loss=0.1357  val_auc=0.7139
23:01:20 | INFO    |   [imagenet] fold 3 epoch 10  train_loss=0.0855  val_auc=0.7442
23:01:21 | INFO    |   [imagenet] fold 3 epoch 11  train_loss=0.0716  val_auc=0.6957
23:01:23 | INFO    |   [imagenet] fold 3 epoch 12  train_loss=0.0474  val_auc=0.6876
23:01:23 | INFO    |   [imagenet] fold 3 early stop @ epoch 12
23:01:24 | INFO    |   [imagenet] fold 4 epoch 0  train_loss=0.4756  val_auc=0.4921
23:01:26 | INFO    |   [imagenet] fold 4 epoch 1  train_loss=0.4671  val_auc=0.5464
23:01:27 | INFO    |   [imagenet] fold 4 epoch 2  train_loss=0.4553  val_auc=0.5613
23:01:28 | INFO    |   [imagenet] fold 4 epoch 3  train_loss=0.4402  val_auc=0.6453
23:01:29 | INFO    |   [imagenet] fold 4 epoch 4  train_loss=0.4154  val_auc=0.6314
23:01:30 | INFO    |   [imagenet] fold 4 epoch 5  train_loss=0.3766  val_auc=0.6670
23:01:32 | INFO    |   [imagenet] fold 4 epoch 6  train_loss=0.3169  val_auc=0.6828
23:01:33 | INFO    |   [imagenet] fold 4 epoch 7  train_loss=0.2389  val_auc=0.7401
23:01:34 | INFO    |   [imagenet] fold 4 epoch 8  train_loss=0.1578  val_auc=0.7698
23:01:35 | INFO    |   [imagenet] fold 4 epoch 9  train_loss=0.1098  val_auc=0.7727
23:01:36 | INFO    |   [imagenet] fold 4 epoch 10  train_loss=0.0678  val_auc=0.6897
23:01:38 | INFO    |   [imagenet] fold 4 epoch 11  train_loss=0.0512  val_auc=0.7055
23:01:39 | INFO    |   [imagenet] fold 4 epoch 12  train_loss=0.0403  val_auc=0.7174
23:01:40 | INFO    |   [imagenet] fold 4 epoch 13  train_loss=0.0297  val_auc=0.7026
23:01:41 | INFO    |   [imagenet] fold 4 epoch 14  train_loss=0.0288  val_auc=0.6769
23:01:42 | INFO    |   [imagenet] fold 4 epoch 15  train_loss=0.0334  val_auc=0.7125
23:01:43 | INFO    |   [imagenet] fold 4 epoch 16  train_loss=0.0267  val_auc=0.7352
23:01:43 | INFO    |   [imagenet] fold 4 early stop @ epoch 16
23:01:43 | INFO    | [seed 7][frac 1.00][imagenet] n_train_pac=120  OOF AUROC=0.6268
23:01:45 | INFO    |   [random] fold 0 epoch 0  train_loss=0.4791  val_auc=0.5046
23:01:46 | INFO    |   [random] fold 0 epoch 1  train_loss=0.4536  val_auc=0.5399
23:01:47 | INFO    |   [random] fold 0 epoch 2  train_loss=0.4308  val_auc=0.6299
23:01:48 | INFO    |   [random] fold 0 epoch 3  train_loss=0.4216  val_auc=0.6906
23:01:50 | INFO    |   [random] fold 0 epoch 4  train_loss=0.4220  val_auc=0.6451
23:01:51 | INFO    |   [random] fold 0 epoch 5  train_loss=0.3938  val_auc=0.6643
23:01:52 | INFO    |   [random] fold 0 epoch 6  train_loss=0.3786  val_auc=0.6623
23:01:53 | INFO    |   [random] fold 0 epoch 7  train_loss=0.3371  val_auc=0.6775
23:01:54 | INFO    |   [random] fold 0 epoch 8  train_loss=0.3125  val_auc=0.7068
23:01:55 | INFO    |   [random] fold 0 epoch 9  train_loss=0.2729  val_auc=0.6057
23:01:56 | INFO    |   [random] fold 0 epoch 10  train_loss=0.2544  val_auc=0.6684
23:01:58 | INFO    |   [random] fold 0 epoch 11  train_loss=0.2287  val_auc=0.5470
23:01:59 | INFO    |   [random] fold 0 epoch 12  train_loss=0.1466  val_auc=0.6977
23:02:00 | INFO    |   [random] fold 0 epoch 13  train_loss=0.1149  val_auc=0.7027
23:02:01 | INFO    |   [random] fold 0 epoch 14  train_loss=0.0920  val_auc=0.6643
23:02:02 | INFO    |   [random] fold 0 epoch 15  train_loss=0.0793  val_auc=0.6400
23:02:02 | INFO    |   [random] fold 0 early stop @ epoch 15
23:02:04 | INFO    |   [random] fold 1 epoch 0  train_loss=0.4839  val_auc=0.5010
23:02:05 | INFO    |   [random] fold 1 epoch 1  train_loss=0.4516  val_auc=0.5651
23:02:06 | INFO    |   [random] fold 1 epoch 2  train_loss=0.4260  val_auc=0.5558
23:02:07 | INFO    |   [random] fold 1 epoch 3  train_loss=0.4015  val_auc=0.5258
23:02:09 | INFO    |   [random] fold 1 epoch 4  train_loss=0.3637  val_auc=0.4762
23:02:10 | INFO    |   [random] fold 1 epoch 5  train_loss=0.3436  val_auc=0.4979
23:02:11 | INFO    |   [random] fold 1 epoch 6  train_loss=0.3122  val_auc=0.5145
23:02:12 | INFO    |   [random] fold 1 epoch 7  train_loss=0.2589  val_auc=0.4886
23:02:13 | INFO    |   [random] fold 1 epoch 8  train_loss=0.2192  val_auc=0.5610
23:02:13 | INFO    |   [random] fold 1 early stop @ epoch 8
23:02:15 | INFO    |   [random] fold 2 epoch 0  train_loss=0.4922  val_auc=0.4556
23:02:16 | INFO    |   [random] fold 2 epoch 1  train_loss=0.4542  val_auc=0.4980
23:02:17 | INFO    |   [random] fold 2 epoch 2  train_loss=0.4353  val_auc=0.6535
23:02:18 | INFO    |   [random] fold 2 epoch 3  train_loss=0.4058  val_auc=0.5727
23:02:19 | INFO    |   [random] fold 2 epoch 4  train_loss=0.3769  val_auc=0.6899
23:02:20 | INFO    |   [random] fold 2 epoch 5  train_loss=0.3399  val_auc=0.5394
23:02:22 | INFO    |   [random] fold 2 epoch 6  train_loss=0.3030  val_auc=0.6455
23:02:23 | INFO    |   [random] fold 2 epoch 7  train_loss=0.2632  val_auc=0.6394
23:02:24 | INFO    |   [random] fold 2 epoch 8  train_loss=0.1996  val_auc=0.5636
23:02:25 | INFO    |   [random] fold 2 epoch 9  train_loss=0.1696  val_auc=0.5515
23:02:26 | INFO    |   [random] fold 2 epoch 10  train_loss=0.1336  val_auc=0.6798
23:02:27 | INFO    |   [random] fold 2 epoch 11  train_loss=0.1083  val_auc=0.5909
23:02:27 | INFO    |   [random] fold 2 early stop @ epoch 11
23:02:29 | INFO    |   [random] fold 3 epoch 0  train_loss=0.4740  val_auc=0.6775
23:02:30 | INFO    |   [random] fold 3 epoch 1  train_loss=0.4313  val_auc=0.6421
23:02:31 | INFO    |   [random] fold 3 epoch 2  train_loss=0.4120  val_auc=0.6967
23:02:32 | INFO    |   [random] fold 3 epoch 3  train_loss=0.3883  val_auc=0.7088
23:02:34 | INFO    |   [random] fold 3 epoch 4  train_loss=0.3605  val_auc=0.7300
23:02:35 | INFO    |   [random] fold 3 epoch 5  train_loss=0.3205  val_auc=0.7139
23:02:36 | INFO    |   [random] fold 3 epoch 6  train_loss=0.3036  val_auc=0.7371
23:02:37 | INFO    |   [random] fold 3 epoch 7  train_loss=0.2644  val_auc=0.6441
23:02:38 | INFO    |   [random] fold 3 epoch 8  train_loss=0.2218  val_auc=0.7118
23:02:39 | INFO    |   [random] fold 3 epoch 9  train_loss=0.1694  val_auc=0.6623
23:02:41 | INFO    |   [random] fold 3 epoch 10  train_loss=0.1043  val_auc=0.6613
23:02:42 | INFO    |   [random] fold 3 epoch 11  train_loss=0.0955  val_auc=0.6289
23:02:43 | INFO    |   [random] fold 3 epoch 12  train_loss=0.0907  val_auc=0.6491
23:02:44 | INFO    |   [random] fold 3 epoch 13  train_loss=0.0612  val_auc=0.6400
23:02:44 | INFO    |   [random] fold 3 early stop @ epoch 13
23:02:45 | INFO    |   [random] fold 4 epoch 0  train_loss=0.4799  val_auc=0.6492
23:02:47 | INFO    |   [random] fold 4 epoch 1  train_loss=0.4435  val_auc=0.6591
23:02:48 | INFO    |   [random] fold 4 epoch 2  train_loss=0.4178  val_auc=0.6670
23:02:49 | INFO    |   [random] fold 4 epoch 3  train_loss=0.3974  val_auc=0.6364
23:02:50 | INFO    |   [random] fold 4 epoch 4  train_loss=0.3832  val_auc=0.4704
23:02:52 | INFO    |   [random] fold 4 epoch 5  train_loss=0.3456  val_auc=0.5296
23:02:53 | INFO    |   [random] fold 4 epoch 6  train_loss=0.3215  val_auc=0.5553
23:02:54 | INFO    |   [random] fold 4 epoch 7  train_loss=0.2751  val_auc=0.4634
23:02:55 | INFO    |   [random] fold 4 epoch 8  train_loss=0.2392  val_auc=0.5968
23:02:56 | INFO    |   [random] fold 4 epoch 9  train_loss=0.2526  val_auc=0.5583
23:02:56 | INFO    |   [random] fold 4 early stop @ epoch 9
23:02:56 | INFO    | [seed 7][frac 1.00][random] n_train_pac=120  OOF AUROC=0.5180
23:05:40 | INFO    | 
================ CURVA DE EFICIENCIA ================
23:05:40 | INFO    |   frac    radimagenet      imagenet        random
23:05:40 | INFO    |    10%  0.506±0.022  0.550±0.045  0.511±0.024
23:05:40 | INFO    |    25%  0.545±0.030  0.547±0.029  0.535±0.038
23:05:40 | INFO    |    50%  0.621±0.027  0.634±0.011  0.544±0.035
23:05:40 | INFO    |   100%  0.688±0.006  0.663±0.031  0.526±0.007
23:05:40 | INFO    | 
Interacción procedencia×fracción (ΔAUROC media±desv | IC95% | p_boot):
23:05:40 | INFO    |   --- fracción 10% ---
23:05:40 | INFO    |     radimagenet_vs_imagenet    Δ=-0.0435±0.0304  IC95%=[-0.1716,+0.0908]  p=0.5303
23:05:40 | INFO    |     radimagenet_vs_random      Δ=-0.0048±0.0372  IC95%=[-0.1307,+0.1403]  p=0.8943
23:05:40 | INFO    |     imagenet_vs_random         Δ=+0.0386±0.0660  IC95%=[-0.1540,+0.2099]  p=0.6600
23:05:40 | INFO    |   --- fracción 25% ---
23:05:40 | INFO    |     radimagenet_vs_imagenet    Δ=-0.0029±0.0584  IC95%=[-0.1493,+0.1230]  p=0.9877
23:05:40 | INFO    |     radimagenet_vs_random      Δ=+0.0091±0.0616  IC95%=[-0.1319,+0.1735]  p=0.9577
23:05:40 | INFO    |     imagenet_vs_random         Δ=+0.0120±0.0278  IC95%=[-0.1333,+0.1595]  p=0.8897
23:05:40 | INFO    |   --- fracción 50% ---
23:05:40 | INFO    |     radimagenet_vs_imagenet    Δ=-0.0127±0.0348  IC95%=[-0.1197,+0.1027]  p=0.8123
23:05:40 | INFO    |     radimagenet_vs_random      Δ=+0.0766±0.0248  IC95%=[-0.0526,+0.2085]  p=0.2307
23:05:40 | INFO    |     imagenet_vs_random         Δ=+0.0893±0.0460  IC95%=[-0.0376,+0.2461]  p=0.2003
23:05:40 | INFO    |   --- fracción 100% ---
23:05:40 | INFO    |     radimagenet_vs_imagenet    Δ=+0.0254±0.0370  IC95%=[-0.0841,+0.1483]  p=0.7007
23:05:40 | INFO    |     radimagenet_vs_random      Δ=+0.1624±0.0124  IC95%=[+0.0624,+0.2642]  p=0.0023
23:05:40 | INFO    |     imagenet_vs_random         Δ=+0.1371±0.0246  IC95%=[+0.0337,+0.2435]  p=0.0100
23:05:40 | INFO    | 
Equivalencia de datos (random@100% AUROC = 0.526):
23:05:40 | INFO    |     radimagenet: alcanza random@100% desde la fracción 25%
23:05:40 | INFO    |     imagenet: alcanza random@100% desde la fracción 10%
23:05:40 | INFO    | 
Resumen -> ./outputs/curve/curve_summary.json
23:05:40 | INFO    | DONE.
