21:16:46 | INFO    | device=cuda  run=multiseed_100  seeds=[1337, 2024, 7, 42, 2718]
21:20:47 | INFO    | Cohorte QC compartido: 190 rodillas (se reutiliza en las 5 semillas)
21:20:47 | INFO    | ########## SEMILLA 1337 ##########
21:20:47 | INFO    | [seed 1337] index: 419 vistas | 190 rodillas | 186 pacientes | mixtos=[92, 112, 133, 147]
21:20:48 | INFO    | ===== [seed 1337] Comparador: radimagenet =====
21:20:48 | INFO    | [weights:radimagenet] cargados=318  omitidos_por_shape=0  faltantes_en_fuente=2  no_usados_de_fuente=0
21:24:13 | INFO    |   [radimagenet] fold 0 epoch 0  train_loss=0.4808  val_auc=0.5059
21:24:15 | INFO    |   [radimagenet] fold 0 epoch 1  train_loss=0.4651  val_auc=0.3409
21:24:16 | INFO    |   [radimagenet] fold 0 epoch 2  train_loss=0.4503  val_auc=0.4881
21:24:17 | INFO    |   [radimagenet] fold 0 epoch 3  train_loss=0.4359  val_auc=0.4723
21:24:18 | INFO    |   [radimagenet] fold 0 epoch 4  train_loss=0.4059  val_auc=0.5474
21:24:19 | INFO    |   [radimagenet] fold 0 epoch 5  train_loss=0.3763  val_auc=0.5445
21:24:20 | INFO    |   [radimagenet] fold 0 epoch 6  train_loss=0.3280  val_auc=0.5425
21:24:21 | INFO    |   [radimagenet] fold 0 epoch 7  train_loss=0.2886  val_auc=0.5731
21:24:22 | INFO    |   [radimagenet] fold 0 epoch 8  train_loss=0.2320  val_auc=0.5810
21:24:24 | INFO    |   [radimagenet] fold 0 epoch 9  train_loss=0.1817  val_auc=0.5494
21:24:25 | INFO    |   [radimagenet] fold 0 epoch 10  train_loss=0.1424  val_auc=0.5316
21:24:26 | INFO    |   [radimagenet] fold 0 epoch 11  train_loss=0.0921  val_auc=0.5603
21:24:27 | INFO    |   [radimagenet] fold 0 epoch 12  train_loss=0.0678  val_auc=0.5652
21:24:28 | INFO    |   [radimagenet] fold 0 epoch 13  train_loss=0.0582  val_auc=0.5573
21:24:29 | INFO    |   [radimagenet] fold 0 epoch 14  train_loss=0.0515  val_auc=0.5573
21:24:30 | INFO    |   [radimagenet] fold 0 epoch 15  train_loss=0.0384  val_auc=0.5494
21:24:30 | INFO    |   [radimagenet] fold 0 early stop @ epoch 15
21:25:00 | INFO    | [weights:radimagenet] cargados=318  omitidos_por_shape=0  faltantes_en_fuente=2  no_usados_de_fuente=0
21:25:01 | INFO    |   [radimagenet] fold 1 epoch 0  train_loss=0.4720  val_auc=0.5504
21:25:02 | INFO    |   [radimagenet] fold 1 epoch 1  train_loss=0.4647  val_auc=0.6601
21:25:03 | INFO    |   [radimagenet] fold 1 epoch 2  train_loss=0.4445  val_auc=0.7154
21:25:05 | INFO    |   [radimagenet] fold 1 epoch 3  train_loss=0.4206  val_auc=0.6877
21:25:06 | INFO    |   [radimagenet] fold 1 epoch 4  train_loss=0.3945  val_auc=0.6709
21:25:07 | INFO    |   [radimagenet] fold 1 epoch 5  train_loss=0.3641  val_auc=0.7263
21:25:08 | INFO    |   [radimagenet] fold 1 epoch 6  train_loss=0.3054  val_auc=0.7381
21:25:09 | INFO    |   [radimagenet] fold 1 epoch 7  train_loss=0.2625  val_auc=0.7589
21:25:10 | INFO    |   [radimagenet] fold 1 epoch 8  train_loss=0.2032  val_auc=0.7836
21:25:11 | INFO    |   [radimagenet] fold 1 epoch 9  train_loss=0.1455  val_auc=0.7055
21:25:13 | INFO    |   [radimagenet] fold 1 epoch 10  train_loss=0.1064  val_auc=0.7263
21:25:14 | INFO    |   [radimagenet] fold 1 epoch 11  train_loss=0.0721  val_auc=0.7411
21:25:15 | INFO    |   [radimagenet] fold 1 epoch 12  train_loss=0.0627  val_auc=0.7411
21:25:16 | INFO    |   [radimagenet] fold 1 epoch 13  train_loss=0.0428  val_auc=0.7342
21:25:17 | INFO    |   [radimagenet] fold 1 epoch 14  train_loss=0.0436  val_auc=0.7787
21:25:18 | INFO    |   [radimagenet] fold 1 epoch 15  train_loss=0.0339  val_auc=0.7500
21:25:18 | INFO    |   [radimagenet] fold 1 early stop @ epoch 15
21:25:19 | INFO    | [weights:radimagenet] cargados=318  omitidos_por_shape=0  faltantes_en_fuente=2  no_usados_de_fuente=0
21:25:20 | INFO    |   [radimagenet] fold 2 epoch 0  train_loss=0.4813  val_auc=0.5254
21:25:21 | INFO    |   [radimagenet] fold 2 epoch 1  train_loss=0.4676  val_auc=0.6676
21:25:22 | INFO    |   [radimagenet] fold 2 epoch 2  train_loss=0.4479  val_auc=0.7536
21:25:23 | INFO    |   [radimagenet] fold 2 epoch 3  train_loss=0.4299  val_auc=0.7609
21:25:24 | INFO    |   [radimagenet] fold 2 epoch 4  train_loss=0.4025  val_auc=0.7808
21:25:25 | INFO    |   [radimagenet] fold 2 epoch 5  train_loss=0.3679  val_auc=0.7228
21:25:27 | INFO    |   [radimagenet] fold 2 epoch 6  train_loss=0.3242  val_auc=0.8234
21:25:28 | INFO    |   [radimagenet] fold 2 epoch 7  train_loss=0.2732  val_auc=0.8361
21:25:29 | INFO    |   [radimagenet] fold 2 epoch 8  train_loss=0.2030  val_auc=0.8225
21:25:30 | INFO    |   [radimagenet] fold 2 epoch 9  train_loss=0.1450  val_auc=0.8125
21:25:31 | INFO    |   [radimagenet] fold 2 epoch 10  train_loss=0.1063  val_auc=0.8569
21:25:32 | INFO    |   [radimagenet] fold 2 epoch 11  train_loss=0.0823  val_auc=0.8487
21:25:34 | INFO    |   [radimagenet] fold 2 epoch 12  train_loss=0.0609  val_auc=0.7880
21:25:35 | INFO    |   [radimagenet] fold 2 epoch 13  train_loss=0.0522  val_auc=0.8288
21:25:36 | INFO    |   [radimagenet] fold 2 epoch 14  train_loss=0.0327  val_auc=0.8442
21:25:37 | INFO    |   [radimagenet] fold 2 epoch 15  train_loss=0.0293  val_auc=0.8306
21:25:38 | INFO    |   [radimagenet] fold 2 epoch 16  train_loss=0.0294  val_auc=0.8306
21:25:39 | INFO    |   [radimagenet] fold 2 epoch 17  train_loss=0.0248  val_auc=0.8071
21:25:39 | INFO    |   [radimagenet] fold 2 early stop @ epoch 17
21:25:40 | INFO    | [weights:radimagenet] cargados=318  omitidos_por_shape=0  faltantes_en_fuente=2  no_usados_de_fuente=0
21:25:41 | INFO    |   [radimagenet] fold 3 epoch 0  train_loss=0.4784  val_auc=0.5197
21:25:42 | INFO    |   [radimagenet] fold 3 epoch 1  train_loss=0.4640  val_auc=0.5450
21:25:43 | INFO    |   [radimagenet] fold 3 epoch 2  train_loss=0.4524  val_auc=0.6117
21:25:44 | INFO    |   [radimagenet] fold 3 epoch 3  train_loss=0.4419  val_auc=0.5672
21:25:45 | INFO    |   [radimagenet] fold 3 epoch 4  train_loss=0.4216  val_auc=0.5733
21:25:46 | INFO    |   [radimagenet] fold 3 epoch 5  train_loss=0.3912  val_auc=0.5915
21:25:47 | INFO    |   [radimagenet] fold 3 epoch 6  train_loss=0.3597  val_auc=0.6390
21:25:49 | INFO    |   [radimagenet] fold 3 epoch 7  train_loss=0.3139  val_auc=0.6107
21:25:50 | INFO    |   [radimagenet] fold 3 epoch 8  train_loss=0.2594  val_auc=0.6471
21:25:51 | INFO    |   [radimagenet] fold 3 epoch 9  train_loss=0.2052  val_auc=0.6653
21:25:52 | INFO    |   [radimagenet] fold 3 epoch 10  train_loss=0.1475  val_auc=0.6481
21:25:53 | INFO    |   [radimagenet] fold 3 epoch 11  train_loss=0.1077  val_auc=0.6249
21:25:55 | INFO    |   [radimagenet] fold 3 epoch 12  train_loss=0.0879  val_auc=0.6077
21:25:56 | INFO    |   [radimagenet] fold 3 epoch 13  train_loss=0.0625  val_auc=0.6825
21:25:57 | INFO    |   [radimagenet] fold 3 epoch 14  train_loss=0.0462  val_auc=0.6613
21:25:58 | INFO    |   [radimagenet] fold 3 epoch 15  train_loss=0.0434  val_auc=0.6552
21:25:59 | INFO    |   [radimagenet] fold 3 epoch 16  train_loss=0.0441  val_auc=0.6441
21:26:00 | INFO    |   [radimagenet] fold 3 epoch 17  train_loss=0.0397  val_auc=0.6269
21:26:01 | INFO    |   [radimagenet] fold 3 epoch 18  train_loss=0.0401  val_auc=0.6512
21:26:02 | INFO    |   [radimagenet] fold 3 epoch 19  train_loss=0.0297  val_auc=0.6815
21:26:03 | INFO    |   [radimagenet] fold 3 epoch 20  train_loss=0.0274  val_auc=0.6330
21:26:03 | INFO    |   [radimagenet] fold 3 early stop @ epoch 20
21:26:04 | INFO    | [weights:radimagenet] cargados=318  omitidos_por_shape=0  faltantes_en_fuente=2  no_usados_de_fuente=0
21:26:05 | INFO    |   [radimagenet] fold 4 epoch 0  train_loss=0.4851  val_auc=0.4975
21:26:06 | INFO    |   [radimagenet] fold 4 epoch 1  train_loss=0.4630  val_auc=0.5865
21:26:07 | INFO    |   [radimagenet] fold 4 epoch 2  train_loss=0.4504  val_auc=0.5652
21:26:09 | INFO    |   [radimagenet] fold 4 epoch 3  train_loss=0.4341  val_auc=0.5703
21:26:10 | INFO    |   [radimagenet] fold 4 epoch 4  train_loss=0.3964  val_auc=0.6340
21:26:11 | INFO    |   [radimagenet] fold 4 epoch 5  train_loss=0.3588  val_auc=0.6421
21:26:12 | INFO    |   [radimagenet] fold 4 epoch 6  train_loss=0.3112  val_auc=0.6855
21:26:13 | INFO    |   [radimagenet] fold 4 epoch 7  train_loss=0.2587  val_auc=0.7058
21:26:14 | INFO    |   [radimagenet] fold 4 epoch 8  train_loss=0.1900  val_auc=0.6896
21:26:16 | INFO    |   [radimagenet] fold 4 epoch 9  train_loss=0.1494  val_auc=0.7058
21:26:17 | INFO    |   [radimagenet] fold 4 epoch 10  train_loss=0.1022  val_auc=0.6855
21:26:18 | INFO    |   [radimagenet] fold 4 epoch 11  train_loss=0.0827  val_auc=0.6724
21:26:19 | INFO    |   [radimagenet] fold 4 epoch 12  train_loss=0.0592  val_auc=0.7058
21:26:20 | INFO    |   [radimagenet] fold 4 epoch 13  train_loss=0.0488  val_auc=0.7088
21:26:21 | INFO    |   [radimagenet] fold 4 epoch 14  train_loss=0.0422  val_auc=0.7280
21:26:22 | INFO    |   [radimagenet] fold 4 epoch 15  train_loss=0.0324  val_auc=0.7270
21:26:23 | INFO    |   [radimagenet] fold 4 epoch 16  train_loss=0.0300  val_auc=0.7017
21:26:25 | INFO    |   [radimagenet] fold 4 epoch 17  train_loss=0.0316  val_auc=0.6886
21:26:26 | INFO    |   [radimagenet] fold 4 epoch 18  train_loss=0.0271  val_auc=0.7037
21:26:27 | INFO    |   [radimagenet] fold 4 epoch 19  train_loss=0.0330  val_auc=0.7088
21:26:28 | INFO    |   [radimagenet] fold 4 epoch 20  train_loss=0.0278  val_auc=0.6785
21:26:29 | INFO    |   [radimagenet] fold 4 epoch 21  train_loss=0.0289  val_auc=0.6866
21:26:29 | INFO    |   [radimagenet] fold 4 early stop @ epoch 21
21:26:29 | INFO    | [seed 1337][radimagenet] OOF  AUROC=0.6836  AUPRC=0.7951  prev=0.674  n_knees=190
21:26:29 | INFO    | ===== [seed 1337] Comparador: imagenet =====
21:26:30 | INFO    | [weights:imagenet] cargados=318  omitidos_por_shape=0  faltantes_en_fuente=2  no_usados_de_fuente=0
21:26:31 | INFO    |   [imagenet] fold 0 epoch 0  train_loss=0.4776  val_auc=0.6828
21:26:32 | INFO    |   [imagenet] fold 0 epoch 1  train_loss=0.4687  val_auc=0.5613
21:26:33 | INFO    |   [imagenet] fold 0 epoch 2  train_loss=0.4622  val_auc=0.5069
21:26:34 | INFO    |   [imagenet] fold 0 epoch 3  train_loss=0.4508  val_auc=0.5366
21:26:36 | INFO    |   [imagenet] fold 0 epoch 4  train_loss=0.4356  val_auc=0.5652
21:26:37 | INFO    |   [imagenet] fold 0 epoch 5  train_loss=0.4130  val_auc=0.6235
21:26:38 | INFO    |   [imagenet] fold 0 epoch 6  train_loss=0.3743  val_auc=0.5998
21:26:39 | INFO    |   [imagenet] fold 0 epoch 7  train_loss=0.3260  val_auc=0.5751
21:26:39 | INFO    |   [imagenet] fold 0 early stop @ epoch 7
21:26:40 | INFO    | [weights:imagenet] cargados=318  omitidos_por_shape=0  faltantes_en_fuente=2  no_usados_de_fuente=0
21:26:41 | INFO    |   [imagenet] fold 1 epoch 0  train_loss=0.4732  val_auc=0.6749
21:26:42 | INFO    |   [imagenet] fold 1 epoch 1  train_loss=0.4678  val_auc=0.6759
21:26:43 | INFO    |   [imagenet] fold 1 epoch 2  train_loss=0.4594  val_auc=0.6294
21:26:44 | INFO    |   [imagenet] fold 1 epoch 3  train_loss=0.4478  val_auc=0.6848
21:26:45 | INFO    |   [imagenet] fold 1 epoch 4  train_loss=0.4249  val_auc=0.6887
21:26:46 | INFO    |   [imagenet] fold 1 epoch 5  train_loss=0.3868  val_auc=0.6808
21:26:47 | INFO    |   [imagenet] fold 1 epoch 6  train_loss=0.3418  val_auc=0.6621
21:26:49 | INFO    |   [imagenet] fold 1 epoch 7  train_loss=0.2661  val_auc=0.7717
21:26:50 | INFO    |   [imagenet] fold 1 epoch 8  train_loss=0.1889  val_auc=0.7352
21:26:51 | INFO    |   [imagenet] fold 1 epoch 9  train_loss=0.1373  val_auc=0.7194
21:26:52 | INFO    |   [imagenet] fold 1 epoch 10  train_loss=0.0901  val_auc=0.7204
21:26:53 | INFO    |   [imagenet] fold 1 epoch 11  train_loss=0.0544  val_auc=0.7470
21:26:54 | INFO    |   [imagenet] fold 1 epoch 12  train_loss=0.0342  val_auc=0.7609
21:26:56 | INFO    |   [imagenet] fold 1 epoch 13  train_loss=0.0638  val_auc=0.7668
21:26:57 | INFO    |   [imagenet] fold 1 epoch 14  train_loss=0.0660  val_auc=0.7747
21:26:58 | INFO    |   [imagenet] fold 1 epoch 15  train_loss=0.0291  val_auc=0.8063
21:26:59 | INFO    |   [imagenet] fold 1 epoch 16  train_loss=0.0569  val_auc=0.7490
21:27:00 | INFO    |   [imagenet] fold 1 epoch 17  train_loss=0.0253  val_auc=0.7915
21:27:01 | INFO    |   [imagenet] fold 1 epoch 18  train_loss=0.0310  val_auc=0.7569
21:27:02 | INFO    |   [imagenet] fold 1 epoch 19  train_loss=0.0250  val_auc=0.8113
21:27:03 | INFO    |   [imagenet] fold 1 epoch 20  train_loss=0.0329  val_auc=0.7767
21:27:04 | INFO    |   [imagenet] fold 1 epoch 21  train_loss=0.0200  val_auc=0.6571
21:27:06 | INFO    |   [imagenet] fold 1 epoch 22  train_loss=0.0146  val_auc=0.6611
21:27:07 | INFO    |   [imagenet] fold 1 epoch 23  train_loss=0.0112  val_auc=0.6670
21:27:08 | INFO    |   [imagenet] fold 1 epoch 24  train_loss=0.0121  val_auc=0.7263
21:27:09 | INFO    |   [imagenet] fold 1 epoch 25  train_loss=0.0131  val_auc=0.7698
21:27:10 | INFO    |   [imagenet] fold 1 epoch 26  train_loss=0.0072  val_auc=0.7549
21:27:10 | INFO    |   [imagenet] fold 1 early stop @ epoch 26
21:27:11 | INFO    | [weights:imagenet] cargados=318  omitidos_por_shape=0  faltantes_en_fuente=2  no_usados_de_fuente=0
21:27:12 | INFO    |   [imagenet] fold 2 epoch 0  train_loss=0.4763  val_auc=0.5326
21:27:13 | INFO    |   [imagenet] fold 2 epoch 1  train_loss=0.4677  val_auc=0.6639
21:27:14 | INFO    |   [imagenet] fold 2 epoch 2  train_loss=0.4553  val_auc=0.6413
21:27:16 | INFO    |   [imagenet] fold 2 epoch 3  train_loss=0.4373  val_auc=0.6993
21:27:17 | INFO    |   [imagenet] fold 2 epoch 4  train_loss=0.4103  val_auc=0.6241
21:27:18 | INFO    |   [imagenet] fold 2 epoch 5  train_loss=0.3666  val_auc=0.7156
21:27:19 | INFO    |   [imagenet] fold 2 epoch 6  train_loss=0.3294  val_auc=0.7138
21:27:20 | INFO    |   [imagenet] fold 2 epoch 7  train_loss=0.2679  val_auc=0.7002
21:27:21 | INFO    |   [imagenet] fold 2 epoch 8  train_loss=0.2027  val_auc=0.7147
21:27:22 | INFO    |   [imagenet] fold 2 epoch 9  train_loss=0.1443  val_auc=0.7120
21:27:23 | INFO    |   [imagenet] fold 2 epoch 10  train_loss=0.1043  val_auc=0.7400
21:27:25 | INFO    |   [imagenet] fold 2 epoch 11  train_loss=0.0630  val_auc=0.7446
21:27:26 | INFO    |   [imagenet] fold 2 epoch 12  train_loss=0.0457  val_auc=0.6739
21:27:27 | INFO    |   [imagenet] fold 2 epoch 13  train_loss=0.0449  val_auc=0.7002
21:27:28 | INFO    |   [imagenet] fold 2 epoch 14  train_loss=0.0431  val_auc=0.6775
21:27:29 | INFO    |   [imagenet] fold 2 epoch 15  train_loss=0.0415  val_auc=0.6839
21:27:30 | INFO    |   [imagenet] fold 2 epoch 16  train_loss=0.0388  val_auc=0.6875
21:27:31 | INFO    |   [imagenet] fold 2 epoch 17  train_loss=0.0236  val_auc=0.7328
21:27:32 | INFO    |   [imagenet] fold 2 epoch 18  train_loss=0.0335  val_auc=0.7101
21:27:32 | INFO    |   [imagenet] fold 2 early stop @ epoch 18
21:27:33 | INFO    | [weights:imagenet] cargados=318  omitidos_por_shape=0  faltantes_en_fuente=2  no_usados_de_fuente=0
21:27:34 | INFO    |   [imagenet] fold 3 epoch 0  train_loss=0.4730  val_auc=0.5359
21:27:36 | INFO    |   [imagenet] fold 3 epoch 1  train_loss=0.4646  val_auc=0.5288
21:27:37 | INFO    |   [imagenet] fold 3 epoch 2  train_loss=0.4555  val_auc=0.4408
21:27:38 | INFO    |   [imagenet] fold 3 epoch 3  train_loss=0.4403  val_auc=0.4034
21:27:39 | INFO    |   [imagenet] fold 3 epoch 4  train_loss=0.4182  val_auc=0.5683
21:27:40 | INFO    |   [imagenet] fold 3 epoch 5  train_loss=0.3823  val_auc=0.6724
21:27:42 | INFO    |   [imagenet] fold 3 epoch 6  train_loss=0.3195  val_auc=0.6754
21:27:43 | INFO    |   [imagenet] fold 3 epoch 7  train_loss=0.2343  val_auc=0.6653
21:27:44 | INFO    |   [imagenet] fold 3 epoch 8  train_loss=0.1596  val_auc=0.6279
21:27:45 | INFO    |   [imagenet] fold 3 epoch 9  train_loss=0.1045  val_auc=0.6643
21:27:46 | INFO    |   [imagenet] fold 3 epoch 10  train_loss=0.0818  val_auc=0.6249
21:27:47 | INFO    |   [imagenet] fold 3 epoch 11  train_loss=0.0586  val_auc=0.7007
21:27:48 | INFO    |   [imagenet] fold 3 epoch 12  train_loss=0.0462  val_auc=0.6512
21:27:49 | INFO    |   [imagenet] fold 3 epoch 13  train_loss=0.0386  val_auc=0.6067
21:27:51 | INFO    |   [imagenet] fold 3 epoch 14  train_loss=0.0467  val_auc=0.6117
21:27:52 | INFO    |   [imagenet] fold 3 epoch 15  train_loss=0.0412  val_auc=0.7088
21:27:53 | INFO    |   [imagenet] fold 3 epoch 16  train_loss=0.0428  val_auc=0.6532
21:27:54 | INFO    |   [imagenet] fold 3 epoch 17  train_loss=0.0311  val_auc=0.6582
21:27:55 | INFO    |   [imagenet] fold 3 epoch 18  train_loss=0.0384  val_auc=0.5056
21:27:56 | INFO    |   [imagenet] fold 3 epoch 19  train_loss=0.0274  val_auc=0.6148
21:27:58 | INFO    |   [imagenet] fold 3 epoch 20  train_loss=0.0462  val_auc=0.5298
21:27:59 | INFO    |   [imagenet] fold 3 epoch 21  train_loss=0.0624  val_auc=0.5470
21:28:00 | INFO    |   [imagenet] fold 3 epoch 22  train_loss=0.0570  val_auc=0.6471
21:28:00 | INFO    |   [imagenet] fold 3 early stop @ epoch 22
21:28:00 | INFO    | [weights:imagenet] cargados=318  omitidos_por_shape=0  faltantes_en_fuente=2  no_usados_de_fuente=0
21:28:02 | INFO    |   [imagenet] fold 4 epoch 0  train_loss=0.4790  val_auc=0.4196
21:28:03 | INFO    |   [imagenet] fold 4 epoch 1  train_loss=0.4683  val_auc=0.4095
21:28:04 | INFO    |   [imagenet] fold 4 epoch 2  train_loss=0.4576  val_auc=0.6542
21:28:05 | INFO    |   [imagenet] fold 4 epoch 3  train_loss=0.4371  val_auc=0.6663
21:28:06 | INFO    |   [imagenet] fold 4 epoch 4  train_loss=0.4113  val_auc=0.6259
21:28:07 | INFO    |   [imagenet] fold 4 epoch 5  train_loss=0.3756  val_auc=0.6633
21:28:08 | INFO    |   [imagenet] fold 4 epoch 6  train_loss=0.3235  val_auc=0.6724
21:28:09 | INFO    |   [imagenet] fold 4 epoch 7  train_loss=0.2421  val_auc=0.6845
21:28:11 | INFO    |   [imagenet] fold 4 epoch 8  train_loss=0.1793  val_auc=0.6097
21:28:12 | INFO    |   [imagenet] fold 4 epoch 9  train_loss=0.1166  val_auc=0.6299
21:28:13 | INFO    |   [imagenet] fold 4 epoch 10  train_loss=0.0787  val_auc=0.6684
21:28:14 | INFO    |   [imagenet] fold 4 epoch 11  train_loss=0.0580  val_auc=0.6522
21:28:15 | INFO    |   [imagenet] fold 4 epoch 12  train_loss=0.0428  val_auc=0.6451
21:28:16 | INFO    |   [imagenet] fold 4 epoch 13  train_loss=0.0327  val_auc=0.6987
21:28:18 | INFO    |   [imagenet] fold 4 epoch 14  train_loss=0.0314  val_auc=0.7624
21:28:19 | INFO    |   [imagenet] fold 4 epoch 15  train_loss=0.0287  val_auc=0.7422
21:28:20 | INFO    |   [imagenet] fold 4 epoch 16  train_loss=0.0312  val_auc=0.6572
21:28:21 | INFO    |   [imagenet] fold 4 epoch 17  train_loss=0.0353  val_auc=0.6684
21:28:22 | INFO    |   [imagenet] fold 4 epoch 18  train_loss=0.0404  val_auc=0.6532
21:28:24 | INFO    |   [imagenet] fold 4 epoch 19  train_loss=0.0306  val_auc=0.5622
21:28:25 | INFO    |   [imagenet] fold 4 epoch 20  train_loss=0.0262  val_auc=0.5683
21:28:26 | INFO    |   [imagenet] fold 4 epoch 21  train_loss=0.0198  val_auc=0.6461
21:28:26 | INFO    |   [imagenet] fold 4 early stop @ epoch 21
21:28:26 | INFO    | [seed 1337][imagenet] OOF  AUROC=0.6811  AUPRC=0.8025  prev=0.674  n_knees=190
21:28:26 | INFO    | ===== [seed 1337] Comparador: random =====
21:28:26 | INFO    | [weights:random] backbone inicializado aleatoriamente (sin carga).
21:28:27 | INFO    |   [random] fold 0 epoch 0  train_loss=0.4819  val_auc=0.5178
21:28:28 | INFO    |   [random] fold 0 epoch 1  train_loss=0.4406  val_auc=0.5543
21:28:30 | INFO    |   [random] fold 0 epoch 2  train_loss=0.4169  val_auc=0.5613
21:28:31 | INFO    |   [random] fold 0 epoch 3  train_loss=0.4052  val_auc=0.4872
21:28:32 | INFO    |   [random] fold 0 epoch 4  train_loss=0.3690  val_auc=0.4753
21:28:33 | INFO    |   [random] fold 0 epoch 5  train_loss=0.3800  val_auc=0.4753
21:28:34 | INFO    |   [random] fold 0 epoch 6  train_loss=0.3332  val_auc=0.4832
21:28:35 | INFO    |   [random] fold 0 epoch 7  train_loss=0.3023  val_auc=0.4595
21:28:36 | INFO    |   [random] fold 0 epoch 8  train_loss=0.2865  val_auc=0.4466
21:28:37 | INFO    |   [random] fold 0 epoch 9  train_loss=0.2276  val_auc=0.4595
21:28:37 | INFO    |   [random] fold 0 early stop @ epoch 9
21:28:39 | INFO    | [weights:random] backbone inicializado aleatoriamente (sin carga).
21:28:40 | INFO    |   [random] fold 1 epoch 0  train_loss=0.4820  val_auc=0.6877
21:28:41 | INFO    |   [random] fold 1 epoch 1  train_loss=0.4441  val_auc=0.6364
21:28:42 | INFO    |   [random] fold 1 epoch 2  train_loss=0.4124  val_auc=0.6314
21:28:43 | INFO    |   [random] fold 1 epoch 3  train_loss=0.3833  val_auc=0.6423
21:28:44 | INFO    |   [random] fold 1 epoch 4  train_loss=0.3607  val_auc=0.5850
21:28:46 | INFO    |   [random] fold 1 epoch 5  train_loss=0.3488  val_auc=0.5257
21:28:47 | INFO    |   [random] fold 1 epoch 6  train_loss=0.2970  val_auc=0.5464
21:28:48 | INFO    |   [random] fold 1 epoch 7  train_loss=0.2612  val_auc=0.6275
21:28:48 | INFO    |   [random] fold 1 early stop @ epoch 7
21:28:48 | INFO    | [weights:random] backbone inicializado aleatoriamente (sin carga).
21:28:49 | INFO    |   [random] fold 2 epoch 0  train_loss=0.4745  val_auc=0.5136
21:28:51 | INFO    |   [random] fold 2 epoch 1  train_loss=0.4597  val_auc=0.6812
21:28:52 | INFO    |   [random] fold 2 epoch 2  train_loss=0.4220  val_auc=0.6857
21:28:53 | INFO    |   [random] fold 2 epoch 3  train_loss=0.4121  val_auc=0.6332
21:28:54 | INFO    |   [random] fold 2 epoch 4  train_loss=0.3789  val_auc=0.6042
21:28:55 | INFO    |   [random] fold 2 epoch 5  train_loss=0.3505  val_auc=0.6386
21:28:56 | INFO    |   [random] fold 2 epoch 6  train_loss=0.3142  val_auc=0.6386
21:28:57 | INFO    |   [random] fold 2 epoch 7  train_loss=0.2825  val_auc=0.6784
21:28:58 | INFO    |   [random] fold 2 epoch 8  train_loss=0.1854  val_auc=0.5824
21:29:00 | INFO    |   [random] fold 2 epoch 9  train_loss=0.1311  val_auc=0.6232
21:29:00 | INFO    |   [random] fold 2 early stop @ epoch 9
21:29:00 | INFO    | [weights:random] backbone inicializado aleatoriamente (sin carga).
21:29:01 | INFO    |   [random] fold 3 epoch 0  train_loss=0.4813  val_auc=0.6309
21:29:02 | INFO    |   [random] fold 3 epoch 1  train_loss=0.4473  val_auc=0.6603
21:29:03 | INFO    |   [random] fold 3 epoch 2  train_loss=0.4283  val_auc=0.6006
21:29:05 | INFO    |   [random] fold 3 epoch 3  train_loss=0.4052  val_auc=0.6441
21:29:06 | INFO    |   [random] fold 3 epoch 4  train_loss=0.3987  val_auc=0.6370
21:29:07 | INFO    |   [random] fold 3 epoch 5  train_loss=0.3702  val_auc=0.5723
21:29:08 | INFO    |   [random] fold 3 epoch 6  train_loss=0.3343  val_auc=0.6502
21:29:09 | INFO    |   [random] fold 3 epoch 7  train_loss=0.2872  val_auc=0.5298
21:29:10 | INFO    |   [random] fold 3 epoch 8  train_loss=0.2399  val_auc=0.5713
21:29:10 | INFO    |   [random] fold 3 early stop @ epoch 8
21:29:11 | INFO    | [weights:random] backbone inicializado aleatoriamente (sin carga).
21:29:12 | INFO    |   [random] fold 4 epoch 0  train_loss=0.4788  val_auc=0.5662
21:29:13 | INFO    |   [random] fold 4 epoch 1  train_loss=0.4445  val_auc=0.5197
21:29:14 | INFO    |   [random] fold 4 epoch 2  train_loss=0.4207  val_auc=0.5116
21:29:15 | INFO    |   [random] fold 4 epoch 3  train_loss=0.4112  val_auc=0.5096
21:29:16 | INFO    |   [random] fold 4 epoch 4  train_loss=0.3681  val_auc=0.4995
21:29:17 | INFO    |   [random] fold 4 epoch 5  train_loss=0.3386  val_auc=0.5996
21:29:18 | INFO    |   [random] fold 4 epoch 6  train_loss=0.3094  val_auc=0.5652
21:29:20 | INFO    |   [random] fold 4 epoch 7  train_loss=0.2570  val_auc=0.5794
21:29:21 | INFO    |   [random] fold 4 epoch 8  train_loss=0.2374  val_auc=0.5359
21:29:22 | INFO    |   [random] fold 4 epoch 9  train_loss=0.1597  val_auc=0.5672
21:29:23 | INFO    |   [random] fold 4 epoch 10  train_loss=0.0980  val_auc=0.5106
21:29:24 | INFO    |   [random] fold 4 epoch 11  train_loss=0.0911  val_auc=0.5683
21:29:25 | INFO    |   [random] fold 4 epoch 12  train_loss=0.1237  val_auc=0.5035
21:29:25 | INFO    |   [random] fold 4 early stop @ epoch 12
21:29:26 | INFO    | [seed 1337][random] OOF  AUROC=0.5282  AUPRC=0.6902  prev=0.674  n_knees=190
21:29:30 | INFO    | [seed 1337] ΔAUROC radimagenet-imagenet: obs=+0.0025  IC95%=[-0.0909, +0.0971]  p_boot=0.9510
21:29:35 | INFO    | [seed 1337] ΔAUROC radimagenet-random: obs=+0.1554  IC95%=[+0.0743, +0.2401]  p_boot=0.0000
21:29:39 | INFO    | [seed 1337] ΔAUROC imagenet-random: obs=+0.1528  IC95%=[+0.0412, +0.2581]  p_boot=0.0080
21:29:39 | INFO    | ########## SEMILLA 2024 ##########
21:29:39 | INFO    | [seed 2024] index: 419 vistas | 190 rodillas | 186 pacientes | mixtos=[92, 112, 133, 147]
21:29:39 | INFO    | ===== [seed 2024] Comparador: radimagenet =====
21:29:39 | INFO    | [weights:radimagenet] cargados=318  omitidos_por_shape=0  faltantes_en_fuente=2  no_usados_de_fuente=0
21:29:41 | INFO    |   [radimagenet] fold 0 epoch 0  train_loss=0.4990  val_auc=0.5157
21:29:42 | INFO    |   [radimagenet] fold 0 epoch 1  train_loss=0.4882  val_auc=0.5137
21:29:43 | INFO    |   [radimagenet] fold 0 epoch 2  train_loss=0.4598  val_auc=0.5410
21:29:44 | INFO    |   [radimagenet] fold 0 epoch 3  train_loss=0.4568  val_auc=0.5420
21:29:45 | INFO    |   [radimagenet] fold 0 epoch 4  train_loss=0.4410  val_auc=0.5349
21:29:47 | INFO    |   [radimagenet] fold 0 epoch 5  train_loss=0.4236  val_auc=0.6047
21:29:48 | INFO    |   [radimagenet] fold 0 epoch 6  train_loss=0.3841  val_auc=0.5976
21:29:49 | INFO    |   [radimagenet] fold 0 epoch 7  train_loss=0.3515  val_auc=0.6279
21:29:50 | INFO    |   [radimagenet] fold 0 epoch 8  train_loss=0.2882  val_auc=0.6340
21:29:51 | INFO    |   [radimagenet] fold 0 epoch 9  train_loss=0.2406  val_auc=0.6512
21:29:52 | INFO    |   [radimagenet] fold 0 epoch 10  train_loss=0.1739  val_auc=0.6451
21:29:53 | INFO    |   [radimagenet] fold 0 epoch 11  train_loss=0.1338  val_auc=0.6512
21:29:54 | INFO    |   [radimagenet] fold 0 epoch 12  train_loss=0.0922  val_auc=0.6502
21:29:56 | INFO    |   [radimagenet] fold 0 epoch 13  train_loss=0.0683  val_auc=0.6350
21:29:57 | INFO    |   [radimagenet] fold 0 epoch 14  train_loss=0.0599  val_auc=0.6431
21:29:58 | INFO    |   [radimagenet] fold 0 epoch 15  train_loss=0.0428  val_auc=0.6320
21:29:59 | INFO    |   [radimagenet] fold 0 epoch 16  train_loss=0.0405  val_auc=0.6239
21:29:59 | INFO    |   [radimagenet] fold 0 early stop @ epoch 16
21:29:59 | INFO    | [weights:radimagenet] cargados=318  omitidos_por_shape=0  faltantes_en_fuente=2  no_usados_de_fuente=0
21:30:00 | INFO    |   [radimagenet] fold 1 epoch 0  train_loss=0.4768  val_auc=0.5721
21:30:02 | INFO    |   [radimagenet] fold 1 epoch 1  train_loss=0.4662  val_auc=0.5395
21:30:03 | INFO    |   [radimagenet] fold 1 epoch 2  train_loss=0.4513  val_auc=0.5820
21:30:04 | INFO    |   [radimagenet] fold 1 epoch 3  train_loss=0.4329  val_auc=0.5978
21:30:05 | INFO    |   [radimagenet] fold 1 epoch 4  train_loss=0.4007  val_auc=0.5860
21:30:06 | INFO    |   [radimagenet] fold 1 epoch 5  train_loss=0.3619  val_auc=0.6709
21:30:07 | INFO    |   [radimagenet] fold 1 epoch 6  train_loss=0.3044  val_auc=0.6660
21:30:09 | INFO    |   [radimagenet] fold 1 epoch 7  train_loss=0.2403  val_auc=0.6304
21:30:10 | INFO    |   [radimagenet] fold 1 epoch 8  train_loss=0.1677  val_auc=0.7194
21:30:11 | INFO    |   [radimagenet] fold 1 epoch 9  train_loss=0.1312  val_auc=0.6947
21:30:12 | INFO    |   [radimagenet] fold 1 epoch 10  train_loss=0.0840  val_auc=0.6986
21:30:13 | INFO    |   [radimagenet] fold 1 epoch 11  train_loss=0.0572  val_auc=0.7154
21:30:14 | INFO    |   [radimagenet] fold 1 epoch 12  train_loss=0.0487  val_auc=0.5929
21:30:15 | INFO    |   [radimagenet] fold 1 epoch 13  train_loss=0.0376  val_auc=0.6383
21:30:16 | INFO    |   [radimagenet] fold 1 epoch 14  train_loss=0.0310  val_auc=0.6947
21:30:17 | INFO    |   [radimagenet] fold 1 epoch 15  train_loss=0.0235  val_auc=0.7421
21:30:19 | INFO    |   [radimagenet] fold 1 epoch 16  train_loss=0.0246  val_auc=0.7144
21:30:20 | INFO    |   [radimagenet] fold 1 epoch 17  train_loss=0.0195  val_auc=0.7302
21:30:21 | INFO    |   [radimagenet] fold 1 epoch 18  train_loss=0.0166  val_auc=0.7263
21:30:22 | INFO    |   [radimagenet] fold 1 epoch 19  train_loss=0.0147  val_auc=0.7441
21:30:23 | INFO    |   [radimagenet] fold 1 epoch 20  train_loss=0.0169  val_auc=0.7520
21:30:24 | INFO    |   [radimagenet] fold 1 epoch 21  train_loss=0.0128  val_auc=0.7381
21:30:26 | INFO    |   [radimagenet] fold 1 epoch 22  train_loss=0.0164  val_auc=0.7421
21:30:27 | INFO    |   [radimagenet] fold 1 epoch 23  train_loss=0.0166  val_auc=0.7411
21:30:28 | INFO    |   [radimagenet] fold 1 epoch 24  train_loss=0.0139  val_auc=0.7441
21:30:29 | INFO    |   [radimagenet] fold 1 epoch 25  train_loss=0.0113  val_auc=0.7391
21:30:30 | INFO    |   [radimagenet] fold 1 epoch 26  train_loss=0.0144  val_auc=0.7451
21:30:31 | INFO    |   [radimagenet] fold 1 epoch 27  train_loss=0.0135  val_auc=0.7480
21:30:31 | INFO    |   [radimagenet] fold 1 early stop @ epoch 27
21:30:31 | INFO    | [weights:radimagenet] cargados=318  omitidos_por_shape=0  faltantes_en_fuente=2  no_usados_de_fuente=0
21:30:33 | INFO    |   [radimagenet] fold 2 epoch 0  train_loss=0.4864  val_auc=0.4377
21:30:34 | INFO    |   [radimagenet] fold 2 epoch 1  train_loss=0.4697  val_auc=0.6493
21:30:35 | INFO    |   [radimagenet] fold 2 epoch 2  train_loss=0.4609  val_auc=0.7333
21:30:36 | INFO    |   [radimagenet] fold 2 epoch 3  train_loss=0.4431  val_auc=0.7575
21:30:37 | INFO    |   [radimagenet] fold 2 epoch 4  train_loss=0.4286  val_auc=0.7874
21:30:38 | INFO    |   [radimagenet] fold 2 epoch 5  train_loss=0.3991  val_auc=0.7884
21:30:39 | INFO    |   [radimagenet] fold 2 epoch 6  train_loss=0.3542  val_auc=0.7324
21:30:41 | INFO    |   [radimagenet] fold 2 epoch 7  train_loss=0.3030  val_auc=0.7072
21:30:42 | INFO    |   [radimagenet] fold 2 epoch 8  train_loss=0.2423  val_auc=0.7324
21:30:43 | INFO    |   [radimagenet] fold 2 epoch 9  train_loss=0.1857  val_auc=0.7275
21:30:44 | INFO    |   [radimagenet] fold 2 epoch 10  train_loss=0.1294  val_auc=0.7246
21:30:45 | INFO    |   [radimagenet] fold 2 epoch 11  train_loss=0.1206  val_auc=0.7208
21:30:46 | INFO    |   [radimagenet] fold 2 epoch 12  train_loss=0.0695  val_auc=0.7111
21:30:46 | INFO    |   [radimagenet] fold 2 early stop @ epoch 12
21:30:47 | INFO    | [weights:radimagenet] cargados=318  omitidos_por_shape=0  faltantes_en_fuente=2  no_usados_de_fuente=0
21:30:48 | INFO    |   [radimagenet] fold 3 epoch 0  train_loss=0.4957  val_auc=0.7048
21:30:49 | INFO    |   [radimagenet] fold 3 epoch 1  train_loss=0.4756  val_auc=0.5794
21:30:50 | INFO    |   [radimagenet] fold 3 epoch 2  train_loss=0.4661  val_auc=0.5844
21:30:51 | INFO    |   [radimagenet] fold 3 epoch 3  train_loss=0.4630  val_auc=0.6663
21:30:53 | INFO    |   [radimagenet] fold 3 epoch 4  train_loss=0.4547  val_auc=0.6694
21:30:54 | INFO    |   [radimagenet] fold 3 epoch 5  train_loss=0.4398  val_auc=0.6876
21:30:55 | INFO    |   [radimagenet] fold 3 epoch 6  train_loss=0.4207  val_auc=0.6764
21:30:56 | INFO    |   [radimagenet] fold 3 epoch 7  train_loss=0.3702  val_auc=0.6805
21:30:56 | INFO    |   [radimagenet] fold 3 early stop @ epoch 7
21:30:56 | INFO    | [weights:radimagenet] cargados=318  omitidos_por_shape=0  faltantes_en_fuente=2  no_usados_de_fuente=0
21:30:58 | INFO    |   [radimagenet] fold 4 epoch 0  train_loss=0.4796  val_auc=0.4229
21:30:59 | INFO    |   [radimagenet] fold 4 epoch 1  train_loss=0.4686  val_auc=0.6038
21:31:00 | INFO    |   [radimagenet] fold 4 epoch 2  train_loss=0.4521  val_auc=0.6838
21:31:01 | INFO    |   [radimagenet] fold 4 epoch 3  train_loss=0.4393  val_auc=0.6729
21:31:02 | INFO    |   [radimagenet] fold 4 epoch 4  train_loss=0.4168  val_auc=0.7362
21:31:03 | INFO    |   [radimagenet] fold 4 epoch 5  train_loss=0.3978  val_auc=0.7796
21:31:04 | INFO    |   [radimagenet] fold 4 epoch 6  train_loss=0.3537  val_auc=0.7678
21:31:06 | INFO    |   [radimagenet] fold 4 epoch 7  train_loss=0.2975  val_auc=0.7885
21:31:07 | INFO    |   [radimagenet] fold 4 epoch 8  train_loss=0.2479  val_auc=0.7737
21:31:08 | INFO    |   [radimagenet] fold 4 epoch 9  train_loss=0.1855  val_auc=0.8053
21:31:09 | INFO    |   [radimagenet] fold 4 epoch 10  train_loss=0.1342  val_auc=0.8142
21:31:10 | INFO    |   [radimagenet] fold 4 epoch 11  train_loss=0.0981  val_auc=0.7609
21:31:11 | INFO    |   [radimagenet] fold 4 epoch 12  train_loss=0.0661  val_auc=0.7915
21:31:12 | INFO    |   [radimagenet] fold 4 epoch 13  train_loss=0.0473  val_auc=0.7796
21:31:13 | INFO    |   [radimagenet] fold 4 epoch 14  train_loss=0.0377  val_auc=0.7915
21:31:15 | INFO    |   [radimagenet] fold 4 epoch 15  train_loss=0.0376  val_auc=0.7777
21:31:16 | INFO    |   [radimagenet] fold 4 epoch 16  train_loss=0.0408  val_auc=0.7816
21:31:17 | INFO    |   [radimagenet] fold 4 epoch 17  train_loss=0.0306  val_auc=0.7955
21:31:17 | INFO    |   [radimagenet] fold 4 early stop @ epoch 17
21:31:17 | INFO    | [seed 2024][radimagenet] OOF  AUROC=0.6869  AUPRC=0.8066  prev=0.674  n_knees=190
21:31:17 | INFO    | ===== [seed 2024] Comparador: imagenet =====
21:31:18 | INFO    | [weights:imagenet] cargados=318  omitidos_por_shape=0  faltantes_en_fuente=2  no_usados_de_fuente=0
21:31:19 | INFO    |   [imagenet] fold 0 epoch 0  train_loss=0.4785  val_auc=0.5875
21:31:20 | INFO    |   [imagenet] fold 0 epoch 1  train_loss=0.4688  val_auc=0.6633
21:31:21 | INFO    |   [imagenet] fold 0 epoch 2  train_loss=0.4582  val_auc=0.6997
21:31:22 | INFO    |   [imagenet] fold 0 epoch 3  train_loss=0.4465  val_auc=0.7674
21:31:23 | INFO    |   [imagenet] fold 0 epoch 4  train_loss=0.4284  val_auc=0.7503
21:31:24 | INFO    |   [imagenet] fold 0 epoch 5  train_loss=0.3958  val_auc=0.7634
21:31:25 | INFO    |   [imagenet] fold 0 epoch 6  train_loss=0.3595  val_auc=0.6815
21:31:27 | INFO    |   [imagenet] fold 0 epoch 7  train_loss=0.2813  val_auc=0.6734
21:31:28 | INFO    |   [imagenet] fold 0 epoch 8  train_loss=0.2059  val_auc=0.6603
21:31:29 | INFO    |   [imagenet] fold 0 epoch 9  train_loss=0.1292  val_auc=0.6512
21:31:30 | INFO    |   [imagenet] fold 0 epoch 10  train_loss=0.0782  val_auc=0.5632
21:31:30 | INFO    |   [imagenet] fold 0 early stop @ epoch 10
21:31:31 | INFO    | [weights:imagenet] cargados=318  omitidos_por_shape=0  faltantes_en_fuente=2  no_usados_de_fuente=0
21:31:32 | INFO    |   [imagenet] fold 1 epoch 0  train_loss=0.4743  val_auc=0.4743
21:31:33 | INFO    |   [imagenet] fold 1 epoch 1  train_loss=0.4663  val_auc=0.4951
21:31:34 | INFO    |   [imagenet] fold 1 epoch 2  train_loss=0.4569  val_auc=0.5998
21:31:35 | INFO    |   [imagenet] fold 1 epoch 3  train_loss=0.4375  val_auc=0.5711
21:31:36 | INFO    |   [imagenet] fold 1 epoch 4  train_loss=0.4075  val_auc=0.5771
21:31:37 | INFO    |   [imagenet] fold 1 epoch 5  train_loss=0.3639  val_auc=0.6561
21:31:39 | INFO    |   [imagenet] fold 1 epoch 6  train_loss=0.3041  val_auc=0.7134
21:31:40 | INFO    |   [imagenet] fold 1 epoch 7  train_loss=0.2220  val_auc=0.6354
21:31:41 | INFO    |   [imagenet] fold 1 epoch 8  train_loss=0.1505  val_auc=0.6759
21:31:42 | INFO    |   [imagenet] fold 1 epoch 9  train_loss=0.1035  val_auc=0.6680
21:31:43 | INFO    |   [imagenet] fold 1 epoch 10  train_loss=0.0668  val_auc=0.5899
21:31:44 | INFO    |   [imagenet] fold 1 epoch 11  train_loss=0.0518  val_auc=0.6808
21:31:45 | INFO    |   [imagenet] fold 1 epoch 12  train_loss=0.0332  val_auc=0.6166
21:31:47 | INFO    |   [imagenet] fold 1 epoch 13  train_loss=0.0228  val_auc=0.6749
21:31:47 | INFO    |   [imagenet] fold 1 early stop @ epoch 13
21:31:48 | INFO    | [weights:imagenet] cargados=318  omitidos_por_shape=0  faltantes_en_fuente=2  no_usados_de_fuente=0
21:31:49 | INFO    |   [imagenet] fold 2 epoch 0  train_loss=0.4779  val_auc=0.4947
21:31:50 | INFO    |   [imagenet] fold 2 epoch 1  train_loss=0.4713  val_auc=0.5787
21:31:51 | INFO    |   [imagenet] fold 2 epoch 2  train_loss=0.4619  val_auc=0.5836
21:31:53 | INFO    |   [imagenet] fold 2 epoch 3  train_loss=0.4515  val_auc=0.6657
21:31:54 | INFO    |   [imagenet] fold 2 epoch 4  train_loss=0.4312  val_auc=0.6667
21:31:55 | INFO    |   [imagenet] fold 2 epoch 5  train_loss=0.3988  val_auc=0.7266
21:31:56 | INFO    |   [imagenet] fold 2 epoch 6  train_loss=0.3514  val_auc=0.8126
21:31:57 | INFO    |   [imagenet] fold 2 epoch 7  train_loss=0.2843  val_auc=0.8348
21:31:58 | INFO    |   [imagenet] fold 2 epoch 8  train_loss=0.1892  val_auc=0.7498
21:31:59 | INFO    |   [imagenet] fold 2 epoch 9  train_loss=0.1340  val_auc=0.8126
21:32:00 | INFO    |   [imagenet] fold 2 epoch 10  train_loss=0.0965  val_auc=0.7304
21:32:02 | INFO    |   [imagenet] fold 2 epoch 11  train_loss=0.0544  val_auc=0.7401
21:32:03 | INFO    |   [imagenet] fold 2 epoch 12  train_loss=0.0417  val_auc=0.7932
21:32:04 | INFO    |   [imagenet] fold 2 epoch 13  train_loss=0.0499  val_auc=0.7816
21:32:05 | INFO    |   [imagenet] fold 2 epoch 14  train_loss=0.0506  val_auc=0.7256
21:32:05 | INFO    |   [imagenet] fold 2 early stop @ epoch 14
21:32:06 | INFO    | [weights:imagenet] cargados=318  omitidos_por_shape=0  faltantes_en_fuente=2  no_usados_de_fuente=0
21:32:07 | INFO    |   [imagenet] fold 3 epoch 0  train_loss=0.4789  val_auc=0.6036
21:32:08 | INFO    |   [imagenet] fold 3 epoch 1  train_loss=0.4680  val_auc=0.6067
21:32:09 | INFO    |   [imagenet] fold 3 epoch 2  train_loss=0.4660  val_auc=0.5925
21:32:10 | INFO    |   [imagenet] fold 3 epoch 3  train_loss=0.4513  val_auc=0.6835
21:32:12 | INFO    |   [imagenet] fold 3 epoch 4  train_loss=0.4339  val_auc=0.5774
21:32:13 | INFO    |   [imagenet] fold 3 epoch 5  train_loss=0.4076  val_auc=0.6552
21:32:14 | INFO    |   [imagenet] fold 3 epoch 6  train_loss=0.3708  val_auc=0.6876
21:32:15 | INFO    |   [imagenet] fold 3 epoch 7  train_loss=0.3069  val_auc=0.6744
21:32:16 | INFO    |   [imagenet] fold 3 epoch 8  train_loss=0.2310  val_auc=0.6390
21:32:17 | INFO    |   [imagenet] fold 3 epoch 9  train_loss=0.1555  val_auc=0.6279
21:32:18 | INFO    |   [imagenet] fold 3 epoch 10  train_loss=0.1140  val_auc=0.6876
21:32:19 | INFO    |   [imagenet] fold 3 epoch 11  train_loss=0.0753  val_auc=0.6481
21:32:20 | INFO    |   [imagenet] fold 3 epoch 12  train_loss=0.0618  val_auc=0.6188
21:32:22 | INFO    |   [imagenet] fold 3 epoch 13  train_loss=0.0402  val_auc=0.6643
21:32:22 | INFO    |   [imagenet] fold 3 early stop @ epoch 13
21:32:22 | INFO    | [weights:imagenet] cargados=318  omitidos_por_shape=0  faltantes_en_fuente=2  no_usados_de_fuente=0
21:32:23 | INFO    |   [imagenet] fold 4 epoch 0  train_loss=0.4758  val_auc=0.3972
21:32:24 | INFO    |   [imagenet] fold 4 epoch 1  train_loss=0.4686  val_auc=0.5672
21:32:26 | INFO    |   [imagenet] fold 4 epoch 2  train_loss=0.4589  val_auc=0.5296
21:32:27 | INFO    |   [imagenet] fold 4 epoch 3  train_loss=0.4448  val_auc=0.5484
21:32:28 | INFO    |   [imagenet] fold 4 epoch 4  train_loss=0.4296  val_auc=0.5988
21:32:29 | INFO    |   [imagenet] fold 4 epoch 5  train_loss=0.4073  val_auc=0.7441
21:32:30 | INFO    |   [imagenet] fold 4 epoch 6  train_loss=0.3643  val_auc=0.8004
21:32:31 | INFO    |   [imagenet] fold 4 epoch 7  train_loss=0.2960  val_auc=0.8231
21:32:33 | INFO    |   [imagenet] fold 4 epoch 8  train_loss=0.2415  val_auc=0.7105
21:32:34 | INFO    |   [imagenet] fold 4 epoch 9  train_loss=0.1550  val_auc=0.7974
21:32:35 | INFO    |   [imagenet] fold 4 epoch 10  train_loss=0.1006  val_auc=0.8103
21:32:36 | INFO    |   [imagenet] fold 4 epoch 11  train_loss=0.0647  val_auc=0.7381
21:32:37 | INFO    |   [imagenet] fold 4 epoch 12  train_loss=0.0446  val_auc=0.7085
21:32:38 | INFO    |   [imagenet] fold 4 epoch 13  train_loss=0.0339  val_auc=0.7708
21:32:39 | INFO    |   [imagenet] fold 4 epoch 14  train_loss=0.0398  val_auc=0.7352
21:32:39 | INFO    |   [imagenet] fold 4 early stop @ epoch 14
21:32:40 | INFO    | [seed 2024][imagenet] OOF  AUROC=0.6813  AUPRC=0.7883  prev=0.674  n_knees=190
21:32:40 | INFO    | ===== [seed 2024] Comparador: random =====
21:32:40 | INFO    | [weights:random] backbone inicializado aleatoriamente (sin carga).
21:32:41 | INFO    |   [random] fold 0 epoch 0  train_loss=0.4888  val_auc=0.6229
21:32:42 | INFO    |   [random] fold 0 epoch 1  train_loss=0.4517  val_auc=0.5167
21:32:43 | INFO    |   [random] fold 0 epoch 2  train_loss=0.4294  val_auc=0.5672
21:32:44 | INFO    |   [random] fold 0 epoch 3  train_loss=0.4261  val_auc=0.5086
21:32:45 | INFO    |   [random] fold 0 epoch 4  train_loss=0.3936  val_auc=0.6451
21:32:46 | INFO    |   [random] fold 0 epoch 5  train_loss=0.3525  val_auc=0.6512
21:32:48 | INFO    |   [random] fold 0 epoch 6  train_loss=0.3377  val_auc=0.6107
21:32:49 | INFO    |   [random] fold 0 epoch 7  train_loss=0.3046  val_auc=0.6218
21:32:50 | INFO    |   [random] fold 0 epoch 8  train_loss=0.2884  val_auc=0.7108
21:32:51 | INFO    |   [random] fold 0 epoch 9  train_loss=0.2243  val_auc=0.6208
21:32:52 | INFO    |   [random] fold 0 epoch 10  train_loss=0.2068  val_auc=0.6775
21:32:54 | INFO    |   [random] fold 0 epoch 11  train_loss=0.1555  val_auc=0.6603
21:32:55 | INFO    |   [random] fold 0 epoch 12  train_loss=0.0877  val_auc=0.6673
21:32:56 | INFO    |   [random] fold 0 epoch 13  train_loss=0.0694  val_auc=0.6451
21:32:57 | INFO    |   [random] fold 0 epoch 14  train_loss=0.0773  val_auc=0.6502
21:32:58 | INFO    |   [random] fold 0 epoch 15  train_loss=0.0810  val_auc=0.5672
21:32:58 | INFO    |   [random] fold 0 early stop @ epoch 15
21:32:58 | INFO    | [weights:random] backbone inicializado aleatoriamente (sin carga).
21:33:00 | INFO    |   [random] fold 1 epoch 0  train_loss=0.4781  val_auc=0.6423
21:33:01 | INFO    |   [random] fold 1 epoch 1  train_loss=0.4423  val_auc=0.7105
21:33:02 | INFO    |   [random] fold 1 epoch 2  train_loss=0.4054  val_auc=0.6640
21:33:03 | INFO    |   [random] fold 1 epoch 3  train_loss=0.3862  val_auc=0.5336
21:33:04 | INFO    |   [random] fold 1 epoch 4  train_loss=0.3757  val_auc=0.6344
21:33:05 | INFO    |   [random] fold 1 epoch 5  train_loss=0.3376  val_auc=0.5227
21:33:06 | INFO    |   [random] fold 1 epoch 6  train_loss=0.3105  val_auc=0.6364
21:33:07 | INFO    |   [random] fold 1 epoch 7  train_loss=0.2632  val_auc=0.6225
21:33:08 | INFO    |   [random] fold 1 epoch 8  train_loss=0.2007  val_auc=0.5534
21:33:08 | INFO    |   [random] fold 1 early stop @ epoch 8
21:33:09 | INFO    | [weights:random] backbone inicializado aleatoriamente (sin carga).
21:33:10 | INFO    |   [random] fold 2 epoch 0  train_loss=0.4840  val_auc=0.4290
21:33:11 | INFO    |   [random] fold 2 epoch 1  train_loss=0.4436  val_auc=0.7082
21:33:12 | INFO    |   [random] fold 2 epoch 2  train_loss=0.4256  val_auc=0.7391
21:33:14 | INFO    |   [random] fold 2 epoch 3  train_loss=0.4001  val_auc=0.7188
21:33:15 | INFO    |   [random] fold 2 epoch 4  train_loss=0.3764  val_auc=0.6435
21:33:16 | INFO    |   [random] fold 2 epoch 5  train_loss=0.3528  val_auc=0.7304
21:33:17 | INFO    |   [random] fold 2 epoch 6  train_loss=0.3309  val_auc=0.7343
21:33:18 | INFO    |   [random] fold 2 epoch 7  train_loss=0.2926  val_auc=0.7575
21:33:19 | INFO    |   [random] fold 2 epoch 8  train_loss=0.2422  val_auc=0.6763
21:33:20 | INFO    |   [random] fold 2 epoch 9  train_loss=0.2004  val_auc=0.7043
21:33:21 | INFO    |   [random] fold 2 epoch 10  train_loss=0.1803  val_auc=0.5382
21:33:23 | INFO    |   [random] fold 2 epoch 11  train_loss=0.2431  val_auc=0.7324
21:33:24 | INFO    |   [random] fold 2 epoch 12  train_loss=0.1633  val_auc=0.5961
21:33:25 | INFO    |   [random] fold 2 epoch 13  train_loss=0.1024  val_auc=0.7324
21:33:26 | INFO    |   [random] fold 2 epoch 14  train_loss=0.1118  val_auc=0.7082
21:33:26 | INFO    |   [random] fold 2 early stop @ epoch 14
21:33:26 | INFO    | [weights:random] backbone inicializado aleatoriamente (sin carga).
21:33:27 | INFO    |   [random] fold 3 epoch 0  train_loss=0.5014  val_auc=0.4206
21:33:29 | INFO    |   [random] fold 3 epoch 1  train_loss=0.4746  val_auc=0.4626
21:33:30 | INFO    |   [random] fold 3 epoch 2  train_loss=0.4525  val_auc=0.6775
21:33:31 | INFO    |   [random] fold 3 epoch 3  train_loss=0.4375  val_auc=0.7118
21:33:32 | INFO    |   [random] fold 3 epoch 4  train_loss=0.4216  val_auc=0.7796
21:33:33 | INFO    |   [random] fold 3 epoch 5  train_loss=0.4089  val_auc=0.6117
21:33:34 | INFO    |   [random] fold 3 epoch 6  train_loss=0.3802  val_auc=0.7533
21:33:35 | INFO    |   [random] fold 3 epoch 7  train_loss=0.3671  val_auc=0.6633
21:33:37 | INFO    |   [random] fold 3 epoch 8  train_loss=0.3400  val_auc=0.6390
21:33:38 | INFO    |   [random] fold 3 epoch 9  train_loss=0.2497  val_auc=0.6593
21:33:39 | INFO    |   [random] fold 3 epoch 10  train_loss=0.1933  val_auc=0.6542
21:33:40 | INFO    |   [random] fold 3 epoch 11  train_loss=0.1417  val_auc=0.5854
21:33:40 | INFO    |   [random] fold 3 early stop @ epoch 11
21:33:40 | INFO    | [weights:random] backbone inicializado aleatoriamente (sin carga).
21:33:41 | INFO    |   [random] fold 4 epoch 0  train_loss=0.4855  val_auc=0.5375
21:33:43 | INFO    |   [random] fold 4 epoch 1  train_loss=0.4619  val_auc=0.6887
21:33:44 | INFO    |   [random] fold 4 epoch 2  train_loss=0.4476  val_auc=0.7372
21:33:45 | INFO    |   [random] fold 4 epoch 3  train_loss=0.4246  val_auc=0.7619
21:33:46 | INFO    |   [random] fold 4 epoch 4  train_loss=0.4033  val_auc=0.7668
21:33:47 | INFO    |   [random] fold 4 epoch 5  train_loss=0.3974  val_auc=0.7619
21:33:48 | INFO    |   [random] fold 4 epoch 6  train_loss=0.3540  val_auc=0.7648
21:33:49 | INFO    |   [random] fold 4 epoch 7  train_loss=0.3034  val_auc=0.7144
21:33:50 | INFO    |   [random] fold 4 epoch 8  train_loss=0.2451  val_auc=0.7747
21:33:52 | INFO    |   [random] fold 4 epoch 9  train_loss=0.1749  val_auc=0.6729
21:33:53 | INFO    |   [random] fold 4 epoch 10  train_loss=0.1063  val_auc=0.7213
21:33:54 | INFO    |   [random] fold 4 epoch 11  train_loss=0.1103  val_auc=0.6354
21:33:55 | INFO    |   [random] fold 4 epoch 12  train_loss=0.0903  val_auc=0.5978
21:33:56 | INFO    |   [random] fold 4 epoch 13  train_loss=0.0490  val_auc=0.6166
21:33:57 | INFO    |   [random] fold 4 epoch 14  train_loss=0.0543  val_auc=0.5998
21:33:59 | INFO    |   [random] fold 4 epoch 15  train_loss=0.0463  val_auc=0.6038
21:33:59 | INFO    |   [random] fold 4 early stop @ epoch 15
21:33:59 | INFO    | [seed 2024][random] OOF  AUROC=0.5318  AUPRC=0.6895  prev=0.674  n_knees=190
21:34:03 | INFO    | [seed 2024] ΔAUROC radimagenet-imagenet: obs=+0.0055  IC95%=[-0.0895, +0.1008]  p_boot=0.9290
21:34:08 | INFO    | [seed 2024] ΔAUROC radimagenet-random: obs=+0.1551  IC95%=[+0.0467, +0.2573]  p_boot=0.0060
21:34:12 | INFO    | [seed 2024] ΔAUROC imagenet-random: obs=+0.1496  IC95%=[+0.0573, +0.2435]  p_boot=0.0020
21:34:12 | INFO    | ########## SEMILLA 7 ##########
21:34:12 | INFO    | [seed 7] index: 419 vistas | 190 rodillas | 186 pacientes | mixtos=[92, 112, 133, 147]
21:34:12 | INFO    | ===== [seed 7] Comparador: radimagenet =====
21:34:13 | INFO    | [weights:radimagenet] cargados=318  omitidos_por_shape=0  faltantes_en_fuente=2  no_usados_de_fuente=0
21:34:14 | INFO    |   [radimagenet] fold 0 epoch 0  train_loss=0.4811  val_auc=0.5733
21:34:15 | INFO    |   [radimagenet] fold 0 epoch 1  train_loss=0.4693  val_auc=0.6330
21:34:16 | INFO    |   [radimagenet] fold 0 epoch 2  train_loss=0.4570  val_auc=0.5561
21:34:17 | INFO    |   [radimagenet] fold 0 epoch 3  train_loss=0.4421  val_auc=0.6613
21:34:18 | INFO    |   [radimagenet] fold 0 epoch 4  train_loss=0.4168  val_auc=0.6471
21:34:20 | INFO    |   [radimagenet] fold 0 epoch 5  train_loss=0.3833  val_auc=0.6845
21:34:21 | INFO    |   [radimagenet] fold 0 epoch 6  train_loss=0.3527  val_auc=0.6886
21:34:22 | INFO    |   [radimagenet] fold 0 epoch 7  train_loss=0.2913  val_auc=0.6855
21:34:23 | INFO    |   [radimagenet] fold 0 epoch 8  train_loss=0.2428  val_auc=0.7017
21:34:24 | INFO    |   [radimagenet] fold 0 epoch 9  train_loss=0.1901  val_auc=0.7149
21:34:25 | INFO    |   [radimagenet] fold 0 epoch 10  train_loss=0.1572  val_auc=0.7169
21:34:26 | INFO    |   [radimagenet] fold 0 epoch 11  train_loss=0.1135  val_auc=0.7260
21:34:28 | INFO    |   [radimagenet] fold 0 epoch 12  train_loss=0.0821  val_auc=0.7068
21:34:29 | INFO    |   [radimagenet] fold 0 epoch 13  train_loss=0.0713  val_auc=0.7412
21:34:30 | INFO    |   [radimagenet] fold 0 epoch 14  train_loss=0.0565  val_auc=0.7331
21:34:31 | INFO    |   [radimagenet] fold 0 epoch 15  train_loss=0.0441  val_auc=0.7098
21:34:32 | INFO    |   [radimagenet] fold 0 epoch 16  train_loss=0.0455  val_auc=0.7128
21:34:33 | INFO    |   [radimagenet] fold 0 epoch 17  train_loss=0.0459  val_auc=0.7048
21:34:34 | INFO    |   [radimagenet] fold 0 epoch 18  train_loss=0.0454  val_auc=0.6997
21:34:36 | INFO    |   [radimagenet] fold 0 epoch 19  train_loss=0.0414  val_auc=0.7108
21:34:37 | INFO    |   [radimagenet] fold 0 epoch 20  train_loss=0.0325  val_auc=0.6936
21:34:37 | INFO    |   [radimagenet] fold 0 early stop @ epoch 20
21:34:37 | INFO    | [weights:radimagenet] cargados=318  omitidos_por_shape=0  faltantes_en_fuente=2  no_usados_de_fuente=0
21:34:38 | INFO    |   [radimagenet] fold 1 epoch 0  train_loss=0.4880  val_auc=0.6736
21:34:39 | INFO    |   [radimagenet] fold 1 epoch 1  train_loss=0.4702  val_auc=0.7376
21:34:41 | INFO    |   [radimagenet] fold 1 epoch 2  train_loss=0.4685  val_auc=0.7252
21:34:42 | INFO    |   [radimagenet] fold 1 epoch 3  train_loss=0.4565  val_auc=0.7252
21:34:43 | INFO    |   [radimagenet] fold 1 epoch 4  train_loss=0.4419  val_auc=0.7541
21:34:44 | INFO    |   [radimagenet] fold 1 epoch 5  train_loss=0.4266  val_auc=0.7665
21:34:45 | INFO    |   [radimagenet] fold 1 epoch 6  train_loss=0.4019  val_auc=0.7800
21:34:46 | INFO    |   [radimagenet] fold 1 epoch 7  train_loss=0.3509  val_auc=0.7490
21:34:47 | INFO    |   [radimagenet] fold 1 epoch 8  train_loss=0.2946  val_auc=0.7500
21:34:48 | INFO    |   [radimagenet] fold 1 epoch 9  train_loss=0.2347  val_auc=0.7738
21:34:49 | INFO    |   [radimagenet] fold 1 epoch 10  train_loss=0.1753  val_auc=0.7655
21:34:51 | INFO    |   [radimagenet] fold 1 epoch 11  train_loss=0.1224  val_auc=0.7758
21:34:52 | INFO    |   [radimagenet] fold 1 epoch 12  train_loss=0.0901  val_auc=0.7831
21:34:53 | INFO    |   [radimagenet] fold 1 epoch 13  train_loss=0.0658  val_auc=0.7758
21:34:54 | INFO    |   [radimagenet] fold 1 epoch 14  train_loss=0.0493  val_auc=0.7924
21:34:55 | INFO    |   [radimagenet] fold 1 epoch 15  train_loss=0.0371  val_auc=0.8171
21:34:57 | INFO    |   [radimagenet] fold 1 epoch 16  train_loss=0.0504  val_auc=0.8058
21:34:58 | INFO    |   [radimagenet] fold 1 epoch 17  train_loss=0.0343  val_auc=0.7593
21:34:59 | INFO    |   [radimagenet] fold 1 epoch 18  train_loss=0.0398  val_auc=0.7789
21:35:00 | INFO    |   [radimagenet] fold 1 epoch 19  train_loss=0.0248  val_auc=0.7986
21:35:02 | INFO    |   [radimagenet] fold 1 epoch 20  train_loss=0.0240  val_auc=0.7903
21:35:03 | INFO    |   [radimagenet] fold 1 epoch 21  train_loss=0.0196  val_auc=0.7903
21:35:04 | INFO    |   [radimagenet] fold 1 epoch 22  train_loss=0.0214  val_auc=0.7882
21:35:04 | INFO    |   [radimagenet] fold 1 early stop @ epoch 22
21:35:04 | INFO    | [weights:radimagenet] cargados=318  omitidos_por_shape=0  faltantes_en_fuente=2  no_usados_de_fuente=0
21:35:05 | INFO    |   [radimagenet] fold 2 epoch 0  train_loss=0.4866  val_auc=0.7040
21:35:07 | INFO    |   [radimagenet] fold 2 epoch 1  train_loss=0.4657  val_auc=0.7131
21:35:08 | INFO    |   [radimagenet] fold 2 epoch 2  train_loss=0.4561  val_auc=0.6485
21:35:09 | INFO    |   [radimagenet] fold 2 epoch 3  train_loss=0.4303  val_auc=0.6465
21:35:10 | INFO    |   [radimagenet] fold 2 epoch 4  train_loss=0.4033  val_auc=0.6869
21:35:11 | INFO    |   [radimagenet] fold 2 epoch 5  train_loss=0.3631  val_auc=0.6919
21:35:12 | INFO    |   [radimagenet] fold 2 epoch 6  train_loss=0.3231  val_auc=0.6303
21:35:13 | INFO    |   [radimagenet] fold 2 epoch 7  train_loss=0.2689  val_auc=0.7515
21:35:14 | INFO    |   [radimagenet] fold 2 epoch 8  train_loss=0.1954  val_auc=0.8172
21:35:16 | INFO    |   [radimagenet] fold 2 epoch 9  train_loss=0.1517  val_auc=0.7879
21:35:18 | INFO    |   [radimagenet] fold 2 epoch 10  train_loss=0.0996  val_auc=0.7960
21:35:19 | INFO    |   [radimagenet] fold 2 epoch 11  train_loss=0.0741  val_auc=0.7444
21:35:20 | INFO    |   [radimagenet] fold 2 epoch 12  train_loss=0.0533  val_auc=0.7960
21:35:21 | INFO    |   [radimagenet] fold 2 epoch 13  train_loss=0.0465  val_auc=0.7960
21:35:22 | INFO    |   [radimagenet] fold 2 epoch 14  train_loss=0.0369  val_auc=0.8152
21:35:23 | INFO    |   [radimagenet] fold 2 epoch 15  train_loss=0.0330  val_auc=0.7475
21:35:23 | INFO    |   [radimagenet] fold 2 early stop @ epoch 15
21:35:24 | INFO    | [weights:radimagenet] cargados=318  omitidos_por_shape=0  faltantes_en_fuente=2  no_usados_de_fuente=0
21:35:25 | INFO    |   [radimagenet] fold 3 epoch 0  train_loss=0.4817  val_auc=0.6522
21:35:26 | INFO    |   [radimagenet] fold 3 epoch 1  train_loss=0.4661  val_auc=0.7088
21:35:27 | INFO    |   [radimagenet] fold 3 epoch 2  train_loss=0.4507  val_auc=0.7583
21:35:28 | INFO    |   [radimagenet] fold 3 epoch 3  train_loss=0.4363  val_auc=0.8008
21:35:29 | INFO    |   [radimagenet] fold 3 epoch 4  train_loss=0.4124  val_auc=0.8028
21:35:30 | INFO    |   [radimagenet] fold 3 epoch 5  train_loss=0.3743  val_auc=0.8170
21:35:32 | INFO    |   [radimagenet] fold 3 epoch 6  train_loss=0.3258  val_auc=0.8190
21:35:33 | INFO    |   [radimagenet] fold 3 epoch 7  train_loss=0.2712  val_auc=0.8200
21:35:34 | INFO    |   [radimagenet] fold 3 epoch 8  train_loss=0.2051  val_auc=0.8170
21:35:35 | INFO    |   [radimagenet] fold 3 epoch 9  train_loss=0.1535  val_auc=0.8170
21:35:36 | INFO    |   [radimagenet] fold 3 epoch 10  train_loss=0.1042  val_auc=0.8140
21:35:37 | INFO    |   [radimagenet] fold 3 epoch 11  train_loss=0.0777  val_auc=0.8190
21:35:39 | INFO    |   [radimagenet] fold 3 epoch 12  train_loss=0.0636  val_auc=0.8220
21:35:40 | INFO    |   [radimagenet] fold 3 epoch 13  train_loss=0.0520  val_auc=0.8140
21:35:41 | INFO    |   [radimagenet] fold 3 epoch 14  train_loss=0.0424  val_auc=0.8200
21:35:42 | INFO    |   [radimagenet] fold 3 epoch 15  train_loss=0.0440  val_auc=0.8129
21:35:43 | INFO    |   [radimagenet] fold 3 epoch 16  train_loss=0.0355  val_auc=0.8150
21:35:44 | INFO    |   [radimagenet] fold 3 epoch 17  train_loss=0.0364  val_auc=0.8251
21:35:45 | INFO    |   [radimagenet] fold 3 epoch 18  train_loss=0.0423  val_auc=0.8210
21:35:46 | INFO    |   [radimagenet] fold 3 epoch 19  train_loss=0.0284  val_auc=0.8352
21:35:48 | INFO    |   [radimagenet] fold 3 epoch 20  train_loss=0.0283  val_auc=0.8231
21:35:49 | INFO    |   [radimagenet] fold 3 epoch 21  train_loss=0.0264  val_auc=0.8140
21:35:50 | INFO    |   [radimagenet] fold 3 epoch 22  train_loss=0.0267  val_auc=0.8129
21:35:51 | INFO    |   [radimagenet] fold 3 epoch 23  train_loss=0.0249  val_auc=0.8180
21:35:52 | INFO    |   [radimagenet] fold 3 epoch 24  train_loss=0.0405  val_auc=0.8251
21:35:53 | INFO    |   [radimagenet] fold 3 epoch 25  train_loss=0.0315  val_auc=0.8231
21:35:54 | INFO    |   [radimagenet] fold 3 epoch 26  train_loss=0.0339  val_auc=0.8038
21:35:54 | INFO    |   [radimagenet] fold 3 early stop @ epoch 26
21:35:55 | INFO    | [weights:radimagenet] cargados=318  omitidos_por_shape=0  faltantes_en_fuente=2  no_usados_de_fuente=0
21:35:56 | INFO    |   [radimagenet] fold 4 epoch 0  train_loss=0.4793  val_auc=0.4575
21:35:57 | INFO    |   [radimagenet] fold 4 epoch 1  train_loss=0.4688  val_auc=0.5010
21:35:58 | INFO    |   [radimagenet] fold 4 epoch 2  train_loss=0.4541  val_auc=0.5761
21:35:59 | INFO    |   [radimagenet] fold 4 epoch 3  train_loss=0.4417  val_auc=0.6008
21:36:01 | INFO    |   [radimagenet] fold 4 epoch 4  train_loss=0.4206  val_auc=0.6077
21:36:02 | INFO    |   [radimagenet] fold 4 epoch 5  train_loss=0.3976  val_auc=0.6285
21:36:03 | INFO    |   [radimagenet] fold 4 epoch 6  train_loss=0.3632  val_auc=0.6690
21:36:04 | INFO    |   [radimagenet] fold 4 epoch 7  train_loss=0.3151  val_auc=0.6225
21:36:05 | INFO    |   [radimagenet] fold 4 epoch 8  train_loss=0.2609  val_auc=0.6462
21:36:06 | INFO    |   [radimagenet] fold 4 epoch 9  train_loss=0.1991  val_auc=0.6522
21:36:07 | INFO    |   [radimagenet] fold 4 epoch 10  train_loss=0.1443  val_auc=0.6690
21:36:08 | INFO    |   [radimagenet] fold 4 epoch 11  train_loss=0.1172  val_auc=0.6453
21:36:10 | INFO    |   [radimagenet] fold 4 epoch 12  train_loss=0.0920  val_auc=0.6522
21:36:11 | INFO    |   [radimagenet] fold 4 epoch 13  train_loss=0.0615  val_auc=0.6245
21:36:11 | INFO    |   [radimagenet] fold 4 early stop @ epoch 13
21:36:11 | INFO    | [seed 7][radimagenet] OOF  AUROC=0.6948  AUPRC=0.8073  prev=0.674  n_knees=190
21:36:11 | INFO    | ===== [seed 7] Comparador: imagenet =====
21:36:11 | INFO    | [weights:imagenet] cargados=318  omitidos_por_shape=0  faltantes_en_fuente=2  no_usados_de_fuente=0
21:36:13 | INFO    |   [imagenet] fold 0 epoch 0  train_loss=0.4766  val_auc=0.5925
21:36:14 | INFO    |   [imagenet] fold 0 epoch 1  train_loss=0.4683  val_auc=0.6087
21:36:15 | INFO    |   [imagenet] fold 0 epoch 2  train_loss=0.4582  val_auc=0.5895
21:36:16 | INFO    |   [imagenet] fold 0 epoch 3  train_loss=0.4434  val_auc=0.6057
21:36:17 | INFO    |   [imagenet] fold 0 epoch 4  train_loss=0.4259  val_auc=0.5693
21:36:18 | INFO    |   [imagenet] fold 0 epoch 5  train_loss=0.4000  val_auc=0.5996
21:36:19 | INFO    |   [imagenet] fold 0 epoch 6  train_loss=0.3622  val_auc=0.6057
21:36:21 | INFO    |   [imagenet] fold 0 epoch 7  train_loss=0.2923  val_auc=0.5986
21:36:22 | INFO    |   [imagenet] fold 0 epoch 8  train_loss=0.2237  val_auc=0.5814
21:36:22 | INFO    |   [imagenet] fold 0 early stop @ epoch 8
21:36:22 | INFO    | [weights:imagenet] cargados=318  omitidos_por_shape=0  faltantes_en_fuente=2  no_usados_de_fuente=0
21:36:24 | INFO    |   [imagenet] fold 1 epoch 0  train_loss=0.4757  val_auc=0.6705
21:36:25 | INFO    |   [imagenet] fold 1 epoch 1  train_loss=0.4690  val_auc=0.6911
21:36:26 | INFO    |   [imagenet] fold 1 epoch 2  train_loss=0.4569  val_auc=0.7118
21:36:27 | INFO    |   [imagenet] fold 1 epoch 3  train_loss=0.4376  val_auc=0.6777
21:36:28 | INFO    |   [imagenet] fold 1 epoch 4  train_loss=0.4112  val_auc=0.7541
21:36:29 | INFO    |   [imagenet] fold 1 epoch 5  train_loss=0.3684  val_auc=0.7169
21:36:30 | INFO    |   [imagenet] fold 1 epoch 6  train_loss=0.2978  val_auc=0.7593
21:36:31 | INFO    |   [imagenet] fold 1 epoch 7  train_loss=0.2127  val_auc=0.7159
21:36:33 | INFO    |   [imagenet] fold 1 epoch 8  train_loss=0.1309  val_auc=0.7438
21:36:34 | INFO    |   [imagenet] fold 1 epoch 9  train_loss=0.0857  val_auc=0.6880
21:36:35 | INFO    |   [imagenet] fold 1 epoch 10  train_loss=0.0507  val_auc=0.6736
21:36:36 | INFO    |   [imagenet] fold 1 epoch 11  train_loss=0.0581  val_auc=0.7448
21:36:37 | INFO    |   [imagenet] fold 1 epoch 12  train_loss=0.0636  val_auc=0.7056
21:36:38 | INFO    |   [imagenet] fold 1 epoch 13  train_loss=0.0411  val_auc=0.6612
21:36:38 | INFO    |   [imagenet] fold 1 early stop @ epoch 13
21:36:39 | INFO    | [weights:imagenet] cargados=318  omitidos_por_shape=0  faltantes_en_fuente=2  no_usados_de_fuente=0
21:36:40 | INFO    |   [imagenet] fold 2 epoch 0  train_loss=0.4821  val_auc=0.7333
21:36:41 | INFO    |   [imagenet] fold 2 epoch 1  train_loss=0.4743  val_auc=0.7636
21:36:42 | INFO    |   [imagenet] fold 2 epoch 2  train_loss=0.4656  val_auc=0.7687
21:36:43 | INFO    |   [imagenet] fold 2 epoch 3  train_loss=0.4499  val_auc=0.7010
21:36:45 | INFO    |   [imagenet] fold 2 epoch 4  train_loss=0.4338  val_auc=0.6970
21:36:46 | INFO    |   [imagenet] fold 2 epoch 5  train_loss=0.4061  val_auc=0.7364
21:36:47 | INFO    |   [imagenet] fold 2 epoch 6  train_loss=0.3579  val_auc=0.7879
21:36:48 | INFO    |   [imagenet] fold 2 epoch 7  train_loss=0.2915  val_auc=0.7242
21:36:49 | INFO    |   [imagenet] fold 2 epoch 8  train_loss=0.2189  val_auc=0.7394
21:36:50 | INFO    |   [imagenet] fold 2 epoch 9  train_loss=0.1335  val_auc=0.7263
21:36:51 | INFO    |   [imagenet] fold 2 epoch 10  train_loss=0.0790  val_auc=0.7465
21:36:53 | INFO    |   [imagenet] fold 2 epoch 11  train_loss=0.0498  val_auc=0.6374
21:36:54 | INFO    |   [imagenet] fold 2 epoch 12  train_loss=0.0447  val_auc=0.6747
21:36:55 | INFO    |   [imagenet] fold 2 epoch 13  train_loss=0.0315  val_auc=0.7172
21:36:55 | INFO    |   [imagenet] fold 2 early stop @ epoch 13
21:36:56 | INFO    | [weights:imagenet] cargados=318  omitidos_por_shape=0  faltantes_en_fuente=2  no_usados_de_fuente=0
21:36:57 | INFO    |   [imagenet] fold 3 epoch 0  train_loss=0.4780  val_auc=0.5551
21:36:58 | INFO    |   [imagenet] fold 3 epoch 1  train_loss=0.4692  val_auc=0.7361
21:36:59 | INFO    |   [imagenet] fold 3 epoch 2  train_loss=0.4602  val_auc=0.7280
21:37:00 | INFO    |   [imagenet] fold 3 epoch 3  train_loss=0.4493  val_auc=0.6754
21:37:01 | INFO    |   [imagenet] fold 3 epoch 4  train_loss=0.4348  val_auc=0.7179
21:37:03 | INFO    |   [imagenet] fold 3 epoch 5  train_loss=0.4047  val_auc=0.7664
21:37:04 | INFO    |   [imagenet] fold 3 epoch 6  train_loss=0.3552  val_auc=0.7513
21:37:05 | INFO    |   [imagenet] fold 3 epoch 7  train_loss=0.2797  val_auc=0.7624
21:37:06 | INFO    |   [imagenet] fold 3 epoch 8  train_loss=0.2010  val_auc=0.7594
21:37:07 | INFO    |   [imagenet] fold 3 epoch 9  train_loss=0.1357  val_auc=0.7139
21:37:08 | INFO    |   [imagenet] fold 3 epoch 10  train_loss=0.0855  val_auc=0.7442
21:37:09 | INFO    |   [imagenet] fold 3 epoch 11  train_loss=0.0716  val_auc=0.6957
21:37:11 | INFO    |   [imagenet] fold 3 epoch 12  train_loss=0.0474  val_auc=0.6876
21:37:11 | INFO    |   [imagenet] fold 3 early stop @ epoch 12
21:37:11 | INFO    | [weights:imagenet] cargados=318  omitidos_por_shape=0  faltantes_en_fuente=2  no_usados_de_fuente=0
21:37:13 | INFO    |   [imagenet] fold 4 epoch 0  train_loss=0.4756  val_auc=0.4921
21:37:14 | INFO    |   [imagenet] fold 4 epoch 1  train_loss=0.4671  val_auc=0.5464
21:37:15 | INFO    |   [imagenet] fold 4 epoch 2  train_loss=0.4553  val_auc=0.5613
21:37:16 | INFO    |   [imagenet] fold 4 epoch 3  train_loss=0.4402  val_auc=0.6453
21:37:17 | INFO    |   [imagenet] fold 4 epoch 4  train_loss=0.4154  val_auc=0.6314
21:37:18 | INFO    |   [imagenet] fold 4 epoch 5  train_loss=0.3766  val_auc=0.6670
21:37:19 | INFO    |   [imagenet] fold 4 epoch 6  train_loss=0.3169  val_auc=0.6828
21:37:20 | INFO    |   [imagenet] fold 4 epoch 7  train_loss=0.2389  val_auc=0.7401
21:37:22 | INFO    |   [imagenet] fold 4 epoch 8  train_loss=0.1578  val_auc=0.7698
21:37:23 | INFO    |   [imagenet] fold 4 epoch 9  train_loss=0.1098  val_auc=0.7727
21:37:24 | INFO    |   [imagenet] fold 4 epoch 10  train_loss=0.0678  val_auc=0.6897
21:37:25 | INFO    |   [imagenet] fold 4 epoch 11  train_loss=0.0512  val_auc=0.7055
21:37:26 | INFO    |   [imagenet] fold 4 epoch 12  train_loss=0.0403  val_auc=0.7174
21:37:27 | INFO    |   [imagenet] fold 4 epoch 13  train_loss=0.0297  val_auc=0.7026
21:37:29 | INFO    |   [imagenet] fold 4 epoch 14  train_loss=0.0288  val_auc=0.6769
21:37:30 | INFO    |   [imagenet] fold 4 epoch 15  train_loss=0.0334  val_auc=0.7125
21:37:31 | INFO    |   [imagenet] fold 4 epoch 16  train_loss=0.0267  val_auc=0.7352
21:37:31 | INFO    |   [imagenet] fold 4 early stop @ epoch 16
21:37:31 | INFO    | [seed 7][imagenet] OOF  AUROC=0.6268  AUPRC=0.7666  prev=0.674  n_knees=190
21:37:31 | INFO    | ===== [seed 7] Comparador: random =====
21:37:31 | INFO    | [weights:random] backbone inicializado aleatoriamente (sin carga).
21:37:32 | INFO    |   [random] fold 0 epoch 0  train_loss=0.4791  val_auc=0.5046
21:37:34 | INFO    |   [random] fold 0 epoch 1  train_loss=0.4536  val_auc=0.5399
21:37:35 | INFO    |   [random] fold 0 epoch 2  train_loss=0.4308  val_auc=0.6299
21:37:36 | INFO    |   [random] fold 0 epoch 3  train_loss=0.4216  val_auc=0.6906
21:37:37 | INFO    |   [random] fold 0 epoch 4  train_loss=0.4220  val_auc=0.6451
21:37:38 | INFO    |   [random] fold 0 epoch 5  train_loss=0.3938  val_auc=0.6643
21:37:39 | INFO    |   [random] fold 0 epoch 6  train_loss=0.3786  val_auc=0.6623
21:37:40 | INFO    |   [random] fold 0 epoch 7  train_loss=0.3371  val_auc=0.6775
21:37:41 | INFO    |   [random] fold 0 epoch 8  train_loss=0.3125  val_auc=0.7068
21:37:42 | INFO    |   [random] fold 0 epoch 9  train_loss=0.2729  val_auc=0.6057
21:37:44 | INFO    |   [random] fold 0 epoch 10  train_loss=0.2544  val_auc=0.6684
21:37:45 | INFO    |   [random] fold 0 epoch 11  train_loss=0.2287  val_auc=0.5470
21:37:46 | INFO    |   [random] fold 0 epoch 12  train_loss=0.1466  val_auc=0.6977
21:37:48 | INFO    |   [random] fold 0 epoch 13  train_loss=0.1149  val_auc=0.7027
21:37:49 | INFO    |   [random] fold 0 epoch 14  train_loss=0.0920  val_auc=0.6643
21:37:50 | INFO    |   [random] fold 0 epoch 15  train_loss=0.0793  val_auc=0.6400
21:37:50 | INFO    |   [random] fold 0 early stop @ epoch 15
21:37:50 | INFO    | [weights:random] backbone inicializado aleatoriamente (sin carga).
21:37:51 | INFO    |   [random] fold 1 epoch 0  train_loss=0.4839  val_auc=0.5010
21:37:52 | INFO    |   [random] fold 1 epoch 1  train_loss=0.4516  val_auc=0.5651
21:37:54 | INFO    |   [random] fold 1 epoch 2  train_loss=0.4260  val_auc=0.5558
21:37:55 | INFO    |   [random] fold 1 epoch 3  train_loss=0.4015  val_auc=0.5258
21:37:56 | INFO    |   [random] fold 1 epoch 4  train_loss=0.3637  val_auc=0.4762
21:37:57 | INFO    |   [random] fold 1 epoch 5  train_loss=0.3436  val_auc=0.4979
21:37:58 | INFO    |   [random] fold 1 epoch 6  train_loss=0.3122  val_auc=0.5145
21:37:59 | INFO    |   [random] fold 1 epoch 7  train_loss=0.2589  val_auc=0.4886
21:38:00 | INFO    |   [random] fold 1 epoch 8  train_loss=0.2192  val_auc=0.5610
21:38:00 | INFO    |   [random] fold 1 early stop @ epoch 8
21:38:01 | INFO    | [weights:random] backbone inicializado aleatoriamente (sin carga).
21:38:02 | INFO    |   [random] fold 2 epoch 0  train_loss=0.4922  val_auc=0.4556
21:38:03 | INFO    |   [random] fold 2 epoch 1  train_loss=0.4542  val_auc=0.4980
21:38:04 | INFO    |   [random] fold 2 epoch 2  train_loss=0.4353  val_auc=0.6535
21:38:05 | INFO    |   [random] fold 2 epoch 3  train_loss=0.4058  val_auc=0.5727
21:38:06 | INFO    |   [random] fold 2 epoch 4  train_loss=0.3769  val_auc=0.6899
21:38:08 | INFO    |   [random] fold 2 epoch 5  train_loss=0.3399  val_auc=0.5394
21:38:09 | INFO    |   [random] fold 2 epoch 6  train_loss=0.3030  val_auc=0.6455
21:38:10 | INFO    |   [random] fold 2 epoch 7  train_loss=0.2632  val_auc=0.6394
21:38:11 | INFO    |   [random] fold 2 epoch 8  train_loss=0.1996  val_auc=0.5636
21:38:12 | INFO    |   [random] fold 2 epoch 9  train_loss=0.1696  val_auc=0.5515
21:38:13 | INFO    |   [random] fold 2 epoch 10  train_loss=0.1336  val_auc=0.6798
21:38:14 | INFO    |   [random] fold 2 epoch 11  train_loss=0.1083  val_auc=0.5909
21:38:14 | INFO    |   [random] fold 2 early stop @ epoch 11
21:38:15 | INFO    | [weights:random] backbone inicializado aleatoriamente (sin carga).
21:38:16 | INFO    |   [random] fold 3 epoch 0  train_loss=0.4740  val_auc=0.6775
21:38:17 | INFO    |   [random] fold 3 epoch 1  train_loss=0.4313  val_auc=0.6421
21:38:18 | INFO    |   [random] fold 3 epoch 2  train_loss=0.4120  val_auc=0.6967
21:38:19 | INFO    |   [random] fold 3 epoch 3  train_loss=0.3883  val_auc=0.7088
21:38:20 | INFO    |   [random] fold 3 epoch 4  train_loss=0.3605  val_auc=0.7300
21:38:21 | INFO    |   [random] fold 3 epoch 5  train_loss=0.3205  val_auc=0.7139
21:38:23 | INFO    |   [random] fold 3 epoch 6  train_loss=0.3036  val_auc=0.7371
21:38:24 | INFO    |   [random] fold 3 epoch 7  train_loss=0.2644  val_auc=0.6441
21:38:25 | INFO    |   [random] fold 3 epoch 8  train_loss=0.2218  val_auc=0.7118
21:38:26 | INFO    |   [random] fold 3 epoch 9  train_loss=0.1694  val_auc=0.6623
21:38:27 | INFO    |   [random] fold 3 epoch 10  train_loss=0.1043  val_auc=0.6613
21:38:28 | INFO    |   [random] fold 3 epoch 11  train_loss=0.0955  val_auc=0.6289
21:38:30 | INFO    |   [random] fold 3 epoch 12  train_loss=0.0907  val_auc=0.6491
21:38:31 | INFO    |   [random] fold 3 epoch 13  train_loss=0.0612  val_auc=0.6400
21:38:31 | INFO    |   [random] fold 3 early stop @ epoch 13
21:38:31 | INFO    | [weights:random] backbone inicializado aleatoriamente (sin carga).
21:38:32 | INFO    |   [random] fold 4 epoch 0  train_loss=0.4799  val_auc=0.6492
21:38:33 | INFO    |   [random] fold 4 epoch 1  train_loss=0.4435  val_auc=0.6591
21:38:34 | INFO    |   [random] fold 4 epoch 2  train_loss=0.4178  val_auc=0.6670
21:38:36 | INFO    |   [random] fold 4 epoch 3  train_loss=0.3974  val_auc=0.6364
21:38:37 | INFO    |   [random] fold 4 epoch 4  train_loss=0.3832  val_auc=0.4704
21:38:38 | INFO    |   [random] fold 4 epoch 5  train_loss=0.3456  val_auc=0.5296
21:38:39 | INFO    |   [random] fold 4 epoch 6  train_loss=0.3215  val_auc=0.5553
21:38:40 | INFO    |   [random] fold 4 epoch 7  train_loss=0.2751  val_auc=0.4634
21:38:41 | INFO    |   [random] fold 4 epoch 8  train_loss=0.2392  val_auc=0.5968
21:38:42 | INFO    |   [random] fold 4 epoch 9  train_loss=0.2526  val_auc=0.5583
21:38:42 | INFO    |   [random] fold 4 early stop @ epoch 9
21:38:43 | INFO    | [seed 7][random] OOF  AUROC=0.5180  AUPRC=0.6698  prev=0.674  n_knees=190
21:38:47 | INFO    | [seed 7] ΔAUROC radimagenet-imagenet: obs=+0.0680  IC95%=[-0.0466, +0.1782]  p_boot=0.2220
21:38:52 | INFO    | [seed 7] ΔAUROC radimagenet-random: obs=+0.1768  IC95%=[+0.0673, +0.2823]  p_boot=0.0010
21:38:56 | INFO    | [seed 7] ΔAUROC imagenet-random: obs=+0.1087  IC95%=[+0.0170, +0.2002]  p_boot=0.0200
21:38:56 | INFO    | ########## SEMILLA 42 ##########
21:38:56 | INFO    | [seed 42] index: 419 vistas | 190 rodillas | 186 pacientes | mixtos=[92, 112, 133, 147]
21:38:57 | INFO    | ===== [seed 42] Comparador: radimagenet =====
21:38:57 | INFO    | [weights:radimagenet] cargados=318  omitidos_por_shape=0  faltantes_en_fuente=2  no_usados_de_fuente=0
21:38:58 | INFO    |   [radimagenet] fold 0 epoch 0  train_loss=0.4802  val_auc=0.5836
21:38:59 | INFO    |   [radimagenet] fold 0 epoch 1  train_loss=0.4591  val_auc=0.5710
21:39:00 | INFO    |   [radimagenet] fold 0 epoch 2  train_loss=0.4506  val_auc=0.5304
21:39:01 | INFO    |   [radimagenet] fold 0 epoch 3  train_loss=0.4307  val_auc=0.5382
21:39:02 | INFO    |   [radimagenet] fold 0 epoch 4  train_loss=0.4054  val_auc=0.5836
21:39:04 | INFO    |   [radimagenet] fold 0 epoch 5  train_loss=0.3650  val_auc=0.6106
21:39:05 | INFO    |   [radimagenet] fold 0 epoch 6  train_loss=0.3242  val_auc=0.5797
21:39:06 | INFO    |   [radimagenet] fold 0 epoch 7  train_loss=0.2712  val_auc=0.6386
21:39:07 | INFO    |   [radimagenet] fold 0 epoch 8  train_loss=0.2021  val_auc=0.6242
21:39:08 | INFO    |   [radimagenet] fold 0 epoch 9  train_loss=0.1487  val_auc=0.6551
21:39:09 | INFO    |   [radimagenet] fold 0 epoch 10  train_loss=0.1088  val_auc=0.6512
21:39:11 | INFO    |   [radimagenet] fold 0 epoch 11  train_loss=0.0805  val_auc=0.6551
21:39:12 | INFO    |   [radimagenet] fold 0 epoch 12  train_loss=0.0687  val_auc=0.6145
21:39:13 | INFO    |   [radimagenet] fold 0 epoch 13  train_loss=0.0531  val_auc=0.6454
21:39:14 | INFO    |   [radimagenet] fold 0 epoch 14  train_loss=0.0531  val_auc=0.6406
21:39:15 | INFO    |   [radimagenet] fold 0 epoch 15  train_loss=0.0447  val_auc=0.6464
21:39:16 | INFO    |   [radimagenet] fold 0 epoch 16  train_loss=0.0343  val_auc=0.6657
21:39:17 | INFO    |   [radimagenet] fold 0 epoch 17  train_loss=0.0330  val_auc=0.6841
21:39:18 | INFO    |   [radimagenet] fold 0 epoch 18  train_loss=0.0306  val_auc=0.6638
21:39:20 | INFO    |   [radimagenet] fold 0 epoch 19  train_loss=0.0295  val_auc=0.6406
21:39:21 | INFO    |   [radimagenet] fold 0 epoch 20  train_loss=0.0268  val_auc=0.6290
21:39:22 | INFO    |   [radimagenet] fold 0 epoch 21  train_loss=0.0273  val_auc=0.6222
21:39:23 | INFO    |   [radimagenet] fold 0 epoch 22  train_loss=0.0328  val_auc=0.6493
21:39:24 | INFO    |   [radimagenet] fold 0 epoch 23  train_loss=0.0206  val_auc=0.6502
21:39:25 | INFO    |   [radimagenet] fold 0 epoch 24  train_loss=0.0213  val_auc=0.6560
21:39:25 | INFO    |   [radimagenet] fold 0 early stop @ epoch 24
21:39:25 | INFO    | [weights:radimagenet] cargados=318  omitidos_por_shape=0  faltantes_en_fuente=2  no_usados_de_fuente=0
21:39:27 | INFO    |   [radimagenet] fold 1 epoch 0  train_loss=0.4845  val_auc=0.5237
21:39:28 | INFO    |   [radimagenet] fold 1 epoch 1  train_loss=0.4693  val_auc=0.4941
21:39:30 | INFO    |   [radimagenet] fold 1 epoch 2  train_loss=0.4550  val_auc=0.6275
21:39:31 | INFO    |   [radimagenet] fold 1 epoch 3  train_loss=0.4373  val_auc=0.5850
21:39:32 | INFO    |   [radimagenet] fold 1 epoch 4  train_loss=0.4113  val_auc=0.6423
21:39:33 | INFO    |   [radimagenet] fold 1 epoch 5  train_loss=0.3739  val_auc=0.6798
21:39:34 | INFO    |   [radimagenet] fold 1 epoch 6  train_loss=0.3308  val_auc=0.6808
21:39:35 | INFO    |   [radimagenet] fold 1 epoch 7  train_loss=0.2632  val_auc=0.7223
21:39:36 | INFO    |   [radimagenet] fold 1 epoch 8  train_loss=0.2030  val_auc=0.7213
21:39:37 | INFO    |   [radimagenet] fold 1 epoch 9  train_loss=0.1445  val_auc=0.6472
21:39:39 | INFO    |   [radimagenet] fold 1 epoch 10  train_loss=0.1002  val_auc=0.6542
21:39:40 | INFO    |   [radimagenet] fold 1 epoch 11  train_loss=0.0714  val_auc=0.6996
21:39:41 | INFO    |   [radimagenet] fold 1 epoch 12  train_loss=0.0506  val_auc=0.6561
21:39:42 | INFO    |   [radimagenet] fold 1 epoch 13  train_loss=0.0420  val_auc=0.7125
21:39:43 | INFO    |   [radimagenet] fold 1 epoch 14  train_loss=0.0321  val_auc=0.7243
21:39:44 | INFO    |   [radimagenet] fold 1 epoch 15  train_loss=0.0273  val_auc=0.6769
21:39:45 | INFO    |   [radimagenet] fold 1 epoch 16  train_loss=0.0292  val_auc=0.6275
21:39:46 | INFO    |   [radimagenet] fold 1 epoch 17  train_loss=0.0194  val_auc=0.7045
21:39:48 | INFO    |   [radimagenet] fold 1 epoch 18  train_loss=0.0244  val_auc=0.6917
21:39:49 | INFO    |   [radimagenet] fold 1 epoch 19  train_loss=0.0219  val_auc=0.6492
21:39:50 | INFO    |   [radimagenet] fold 1 epoch 20  train_loss=0.0178  val_auc=0.6393
21:39:51 | INFO    |   [radimagenet] fold 1 epoch 21  train_loss=0.0145  val_auc=0.6551
21:39:51 | INFO    |   [radimagenet] fold 1 early stop @ epoch 21
21:39:51 | INFO    | [weights:radimagenet] cargados=318  omitidos_por_shape=0  faltantes_en_fuente=2  no_usados_de_fuente=0
21:39:53 | INFO    |   [radimagenet] fold 2 epoch 0  train_loss=0.4816  val_auc=0.6947
21:39:54 | INFO    |   [radimagenet] fold 2 epoch 1  train_loss=0.4747  val_auc=0.6329
21:39:55 | INFO    |   [radimagenet] fold 2 epoch 2  train_loss=0.4621  val_auc=0.7285
21:39:56 | INFO    |   [radimagenet] fold 2 epoch 3  train_loss=0.4565  val_auc=0.7990
21:39:57 | INFO    |   [radimagenet] fold 2 epoch 4  train_loss=0.4373  val_auc=0.7710
21:39:58 | INFO    |   [radimagenet] fold 2 epoch 5  train_loss=0.4141  val_auc=0.8116
21:39:59 | INFO    |   [radimagenet] fold 2 epoch 6  train_loss=0.3800  val_auc=0.7710
21:40:00 | INFO    |   [radimagenet] fold 2 epoch 7  train_loss=0.3202  val_auc=0.7594
21:40:01 | INFO    |   [radimagenet] fold 2 epoch 8  train_loss=0.2583  val_auc=0.7903
21:40:03 | INFO    |   [radimagenet] fold 2 epoch 9  train_loss=0.2102  val_auc=0.7536
21:40:04 | INFO    |   [radimagenet] fold 2 epoch 10  train_loss=0.1479  val_auc=0.7488
21:40:05 | INFO    |   [radimagenet] fold 2 epoch 11  train_loss=0.1050  val_auc=0.8029
21:40:06 | INFO    |   [radimagenet] fold 2 epoch 12  train_loss=0.0679  val_auc=0.7894
21:40:06 | INFO    |   [radimagenet] fold 2 early stop @ epoch 12
21:40:06 | INFO    | [weights:radimagenet] cargados=318  omitidos_por_shape=0  faltantes_en_fuente=2  no_usados_de_fuente=0
21:40:07 | INFO    |   [radimagenet] fold 3 epoch 0  train_loss=0.4805  val_auc=0.4289
21:40:09 | INFO    |   [radimagenet] fold 3 epoch 1  train_loss=0.4669  val_auc=0.5109
21:40:10 | INFO    |   [radimagenet] fold 3 epoch 2  train_loss=0.4501  val_auc=0.6542
21:40:11 | INFO    |   [radimagenet] fold 3 epoch 3  train_loss=0.4350  val_auc=0.6551
21:40:12 | INFO    |   [radimagenet] fold 3 epoch 4  train_loss=0.3992  val_auc=0.7283
21:40:13 | INFO    |   [radimagenet] fold 3 epoch 5  train_loss=0.3631  val_auc=0.7174
21:40:14 | INFO    |   [radimagenet] fold 3 epoch 6  train_loss=0.3074  val_auc=0.7490
21:40:16 | INFO    |   [radimagenet] fold 3 epoch 7  train_loss=0.2436  val_auc=0.7905
21:40:17 | INFO    |   [radimagenet] fold 3 epoch 8  train_loss=0.1833  val_auc=0.7846
21:40:18 | INFO    |   [radimagenet] fold 3 epoch 9  train_loss=0.1408  val_auc=0.8192
21:40:19 | INFO    |   [radimagenet] fold 3 epoch 10  train_loss=0.1032  val_auc=0.8103
21:40:20 | INFO    |   [radimagenet] fold 3 epoch 11  train_loss=0.0792  val_auc=0.8083
21:40:21 | INFO    |   [radimagenet] fold 3 epoch 12  train_loss=0.0525  val_auc=0.8034
21:40:22 | INFO    |   [radimagenet] fold 3 epoch 13  train_loss=0.0461  val_auc=0.7816
21:40:23 | INFO    |   [radimagenet] fold 3 epoch 14  train_loss=0.0438  val_auc=0.8162
21:40:25 | INFO    |   [radimagenet] fold 3 epoch 15  train_loss=0.0410  val_auc=0.7974
21:40:26 | INFO    |   [radimagenet] fold 3 epoch 16  train_loss=0.0317  val_auc=0.8231
21:40:27 | INFO    |   [radimagenet] fold 3 epoch 17  train_loss=0.0354  val_auc=0.7796
21:40:28 | INFO    |   [radimagenet] fold 3 epoch 18  train_loss=0.0331  val_auc=0.8310
21:40:29 | INFO    |   [radimagenet] fold 3 epoch 19  train_loss=0.0391  val_auc=0.7668
21:40:30 | INFO    |   [radimagenet] fold 3 epoch 20  train_loss=0.0321  val_auc=0.7599
21:40:32 | INFO    |   [radimagenet] fold 3 epoch 21  train_loss=0.0304  val_auc=0.8221
21:40:33 | INFO    |   [radimagenet] fold 3 epoch 22  train_loss=0.0270  val_auc=0.7856
21:40:34 | INFO    |   [radimagenet] fold 3 epoch 23  train_loss=0.0300  val_auc=0.7875
21:40:35 | INFO    |   [radimagenet] fold 3 epoch 24  train_loss=0.0298  val_auc=0.7796
21:40:36 | INFO    |   [radimagenet] fold 3 epoch 25  train_loss=0.0316  val_auc=0.8192
21:40:36 | INFO    |   [radimagenet] fold 3 early stop @ epoch 25
21:40:36 | INFO    | [weights:radimagenet] cargados=318  omitidos_por_shape=0  faltantes_en_fuente=2  no_usados_de_fuente=0
21:40:38 | INFO    |   [radimagenet] fold 4 epoch 0  train_loss=0.4800  val_auc=0.4044
21:40:39 | INFO    |   [radimagenet] fold 4 epoch 1  train_loss=0.4749  val_auc=0.5369
21:40:40 | INFO    |   [radimagenet] fold 4 epoch 2  train_loss=0.4597  val_auc=0.5349
21:40:41 | INFO    |   [radimagenet] fold 4 epoch 3  train_loss=0.4484  val_auc=0.5814
21:40:42 | INFO    |   [radimagenet] fold 4 epoch 4  train_loss=0.4294  val_auc=0.6168
21:40:43 | INFO    |   [radimagenet] fold 4 epoch 5  train_loss=0.3908  val_auc=0.6026
21:40:44 | INFO    |   [radimagenet] fold 4 epoch 6  train_loss=0.3487  val_auc=0.6077
21:40:45 | INFO    |   [radimagenet] fold 4 epoch 7  train_loss=0.3054  val_auc=0.6198
21:40:47 | INFO    |   [radimagenet] fold 4 epoch 8  train_loss=0.2425  val_auc=0.6239
21:40:48 | INFO    |   [radimagenet] fold 4 epoch 9  train_loss=0.1763  val_auc=0.6239
21:40:49 | INFO    |   [radimagenet] fold 4 epoch 10  train_loss=0.1436  val_auc=0.6168
21:40:50 | INFO    |   [radimagenet] fold 4 epoch 11  train_loss=0.1005  val_auc=0.6360
21:40:51 | INFO    |   [radimagenet] fold 4 epoch 12  train_loss=0.0674  val_auc=0.6178
21:40:53 | INFO    |   [radimagenet] fold 4 epoch 13  train_loss=0.0667  val_auc=0.6360
21:40:54 | INFO    |   [radimagenet] fold 4 epoch 14  train_loss=0.0474  val_auc=0.6208
21:40:55 | INFO    |   [radimagenet] fold 4 epoch 15  train_loss=0.0449  val_auc=0.6036
21:40:56 | INFO    |   [radimagenet] fold 4 epoch 16  train_loss=0.0341  val_auc=0.5956
21:40:57 | INFO    |   [radimagenet] fold 4 epoch 17  train_loss=0.0309  val_auc=0.6380
21:40:58 | INFO    |   [radimagenet] fold 4 epoch 18  train_loss=0.0319  val_auc=0.6026
21:40:59 | INFO    |   [radimagenet] fold 4 epoch 19  train_loss=0.0372  val_auc=0.5986
21:41:00 | INFO    |   [radimagenet] fold 4 epoch 20  train_loss=0.0328  val_auc=0.6077
21:41:02 | INFO    |   [radimagenet] fold 4 epoch 21  train_loss=0.0348  val_auc=0.6016
21:41:03 | INFO    |   [radimagenet] fold 4 epoch 22  train_loss=0.0285  val_auc=0.6016
21:41:04 | INFO    |   [radimagenet] fold 4 epoch 23  train_loss=0.0243  val_auc=0.6188
21:41:05 | INFO    |   [radimagenet] fold 4 epoch 24  train_loss=0.0290  val_auc=0.5945
21:41:05 | INFO    |   [radimagenet] fold 4 early stop @ epoch 24
21:41:05 | INFO    | [seed 42][radimagenet] OOF  AUROC=0.7161  AUPRC=0.8296  prev=0.674  n_knees=190
21:41:05 | INFO    | ===== [seed 42] Comparador: imagenet =====
21:41:06 | INFO    | [weights:imagenet] cargados=318  omitidos_por_shape=0  faltantes_en_fuente=2  no_usados_de_fuente=0
21:41:07 | INFO    |   [imagenet] fold 0 epoch 0  train_loss=0.4769  val_auc=0.4879
21:41:08 | INFO    |   [imagenet] fold 0 epoch 1  train_loss=0.4654  val_auc=0.5101
21:41:09 | INFO    |   [imagenet] fold 0 epoch 2  train_loss=0.4550  val_auc=0.5874
21:41:10 | INFO    |   [imagenet] fold 0 epoch 3  train_loss=0.4409  val_auc=0.5865
21:41:11 | INFO    |   [imagenet] fold 0 epoch 4  train_loss=0.4200  val_auc=0.6338
21:41:13 | INFO    |   [imagenet] fold 0 epoch 5  train_loss=0.3850  val_auc=0.5797
21:41:14 | INFO    |   [imagenet] fold 0 epoch 6  train_loss=0.3382  val_auc=0.6242
21:41:15 | INFO    |   [imagenet] fold 0 epoch 7  train_loss=0.2691  val_auc=0.5932
21:41:16 | INFO    |   [imagenet] fold 0 epoch 8  train_loss=0.1789  val_auc=0.6126
21:41:17 | INFO    |   [imagenet] fold 0 epoch 9  train_loss=0.1088  val_auc=0.6744
21:41:18 | INFO    |   [imagenet] fold 0 epoch 10  train_loss=0.0965  val_auc=0.6754
21:41:19 | INFO    |   [imagenet] fold 0 epoch 11  train_loss=0.0634  val_auc=0.6019
21:41:20 | INFO    |   [imagenet] fold 0 epoch 12  train_loss=0.0536  val_auc=0.6135
21:41:22 | INFO    |   [imagenet] fold 0 epoch 13  train_loss=0.0421  val_auc=0.6193
21:41:23 | INFO    |   [imagenet] fold 0 epoch 14  train_loss=0.0367  val_auc=0.6686
21:41:24 | INFO    |   [imagenet] fold 0 epoch 15  train_loss=0.0288  val_auc=0.6947
21:41:25 | INFO    |   [imagenet] fold 0 epoch 16  train_loss=0.0366  val_auc=0.6300
21:41:26 | INFO    |   [imagenet] fold 0 epoch 17  train_loss=0.0292  val_auc=0.6551
21:41:27 | INFO    |   [imagenet] fold 0 epoch 18  train_loss=0.0448  val_auc=0.6589
21:41:28 | INFO    |   [imagenet] fold 0 epoch 19  train_loss=0.0270  val_auc=0.6502
21:41:29 | INFO    |   [imagenet] fold 0 epoch 20  train_loss=0.0278  val_auc=0.6570
21:41:30 | INFO    |   [imagenet] fold 0 epoch 21  train_loss=0.0274  val_auc=0.6802
21:41:32 | INFO    |   [imagenet] fold 0 epoch 22  train_loss=0.0405  val_auc=0.6812
21:41:32 | INFO    |   [imagenet] fold 0 early stop @ epoch 22
21:41:33 | INFO    | [weights:imagenet] cargados=318  omitidos_por_shape=0  faltantes_en_fuente=2  no_usados_de_fuente=0
21:41:34 | INFO    |   [imagenet] fold 1 epoch 0  train_loss=0.4760  val_auc=0.5415
21:41:35 | INFO    |   [imagenet] fold 1 epoch 1  train_loss=0.4637  val_auc=0.6176
21:41:36 | INFO    |   [imagenet] fold 1 epoch 2  train_loss=0.4511  val_auc=0.6176
21:41:37 | INFO    |   [imagenet] fold 1 epoch 3  train_loss=0.4308  val_auc=0.5870
21:41:38 | INFO    |   [imagenet] fold 1 epoch 4  train_loss=0.3963  val_auc=0.6126
21:41:39 | INFO    |   [imagenet] fold 1 epoch 5  train_loss=0.3499  val_auc=0.5000
21:41:41 | INFO    |   [imagenet] fold 1 epoch 6  train_loss=0.2789  val_auc=0.6403
21:41:42 | INFO    |   [imagenet] fold 1 epoch 7  train_loss=0.1999  val_auc=0.6986
21:41:43 | INFO    |   [imagenet] fold 1 epoch 8  train_loss=0.1323  val_auc=0.6117
21:41:44 | INFO    |   [imagenet] fold 1 epoch 9  train_loss=0.0916  val_auc=0.5583
21:41:45 | INFO    |   [imagenet] fold 1 epoch 10  train_loss=0.0504  val_auc=0.5850
21:41:46 | INFO    |   [imagenet] fold 1 epoch 11  train_loss=0.0424  val_auc=0.6344
21:41:47 | INFO    |   [imagenet] fold 1 epoch 12  train_loss=0.0320  val_auc=0.6551
21:41:48 | INFO    |   [imagenet] fold 1 epoch 13  train_loss=0.0243  val_auc=0.6482
21:41:49 | INFO    |   [imagenet] fold 1 epoch 14  train_loss=0.0257  val_auc=0.5958
21:41:49 | INFO    |   [imagenet] fold 1 early stop @ epoch 14
21:41:50 | INFO    | [weights:imagenet] cargados=318  omitidos_por_shape=0  faltantes_en_fuente=2  no_usados_de_fuente=0
21:41:51 | INFO    |   [imagenet] fold 2 epoch 0  train_loss=0.4788  val_auc=0.6164
21:41:52 | INFO    |   [imagenet] fold 2 epoch 1  train_loss=0.4700  val_auc=0.6512
21:41:54 | INFO    |   [imagenet] fold 2 epoch 2  train_loss=0.4606  val_auc=0.6638
21:41:55 | INFO    |   [imagenet] fold 2 epoch 3  train_loss=0.4500  val_auc=0.7053
21:41:56 | INFO    |   [imagenet] fold 2 epoch 4  train_loss=0.4336  val_auc=0.7430
21:41:57 | INFO    |   [imagenet] fold 2 epoch 5  train_loss=0.4068  val_auc=0.7990
21:41:58 | INFO    |   [imagenet] fold 2 epoch 6  train_loss=0.3678  val_auc=0.7961
21:41:59 | INFO    |   [imagenet] fold 2 epoch 7  train_loss=0.3133  val_auc=0.8203
21:42:01 | INFO    |   [imagenet] fold 2 epoch 8  train_loss=0.2352  val_auc=0.8222
21:42:02 | INFO    |   [imagenet] fold 2 epoch 9  train_loss=0.1614  val_auc=0.8261
21:42:03 | INFO    |   [imagenet] fold 2 epoch 10  train_loss=0.1053  val_auc=0.7990
21:42:04 | INFO    |   [imagenet] fold 2 epoch 11  train_loss=0.0620  val_auc=0.7604
21:42:05 | INFO    |   [imagenet] fold 2 epoch 12  train_loss=0.0462  val_auc=0.7729
21:42:06 | INFO    |   [imagenet] fold 2 epoch 13  train_loss=0.0385  val_auc=0.7739
21:42:07 | INFO    |   [imagenet] fold 2 epoch 14  train_loss=0.0366  val_auc=0.7865
21:42:08 | INFO    |   [imagenet] fold 2 epoch 15  train_loss=0.0415  val_auc=0.7188
21:42:10 | INFO    |   [imagenet] fold 2 epoch 16  train_loss=0.0317  val_auc=0.7353
21:42:10 | INFO    |   [imagenet] fold 2 early stop @ epoch 16
21:42:10 | INFO    | [weights:imagenet] cargados=318  omitidos_por_shape=0  faltantes_en_fuente=2  no_usados_de_fuente=0
21:42:11 | INFO    |   [imagenet] fold 3 epoch 0  train_loss=0.4775  val_auc=0.5553
21:42:13 | INFO    |   [imagenet] fold 3 epoch 1  train_loss=0.4699  val_auc=0.6670
21:42:14 | INFO    |   [imagenet] fold 3 epoch 2  train_loss=0.4600  val_auc=0.6532
21:42:15 | INFO    |   [imagenet] fold 3 epoch 3  train_loss=0.4410  val_auc=0.7263
21:42:16 | INFO    |   [imagenet] fold 3 epoch 4  train_loss=0.4179  val_auc=0.6472
21:42:17 | INFO    |   [imagenet] fold 3 epoch 5  train_loss=0.3839  val_auc=0.7164
21:42:18 | INFO    |   [imagenet] fold 3 epoch 6  train_loss=0.3346  val_auc=0.7292
21:42:20 | INFO    |   [imagenet] fold 3 epoch 7  train_loss=0.2744  val_auc=0.6996
21:42:21 | INFO    |   [imagenet] fold 3 epoch 8  train_loss=0.2002  val_auc=0.7381
21:42:22 | INFO    |   [imagenet] fold 3 epoch 9  train_loss=0.1387  val_auc=0.7223
21:42:23 | INFO    |   [imagenet] fold 3 epoch 10  train_loss=0.1059  val_auc=0.7045
21:42:24 | INFO    |   [imagenet] fold 3 epoch 11  train_loss=0.0662  val_auc=0.7006
21:42:25 | INFO    |   [imagenet] fold 3 epoch 12  train_loss=0.0596  val_auc=0.7322
21:42:26 | INFO    |   [imagenet] fold 3 epoch 13  train_loss=0.0519  val_auc=0.7391
21:42:27 | INFO    |   [imagenet] fold 3 epoch 14  train_loss=0.0383  val_auc=0.6947
21:42:29 | INFO    |   [imagenet] fold 3 epoch 15  train_loss=0.0303  val_auc=0.7322
21:42:30 | INFO    |   [imagenet] fold 3 epoch 16  train_loss=0.0300  val_auc=0.7658
21:42:31 | INFO    |   [imagenet] fold 3 epoch 17  train_loss=0.0306  val_auc=0.7559
21:42:32 | INFO    |   [imagenet] fold 3 epoch 18  train_loss=0.0274  val_auc=0.7283
21:42:33 | INFO    |   [imagenet] fold 3 epoch 19  train_loss=0.0423  val_auc=0.7984
21:42:34 | INFO    |   [imagenet] fold 3 epoch 20  train_loss=0.0317  val_auc=0.6957
21:42:36 | INFO    |   [imagenet] fold 3 epoch 21  train_loss=0.0584  val_auc=0.7045
21:42:37 | INFO    |   [imagenet] fold 3 epoch 22  train_loss=0.0535  val_auc=0.7609
21:42:38 | INFO    |   [imagenet] fold 3 epoch 23  train_loss=0.0337  val_auc=0.7075
21:42:39 | INFO    |   [imagenet] fold 3 epoch 24  train_loss=0.0420  val_auc=0.7391
21:42:40 | INFO    |   [imagenet] fold 3 epoch 25  train_loss=0.0332  val_auc=0.7915
21:42:41 | INFO    |   [imagenet] fold 3 epoch 26  train_loss=0.0284  val_auc=0.8053
21:42:42 | INFO    |   [imagenet] fold 3 epoch 27  train_loss=0.0305  val_auc=0.7875
21:42:43 | INFO    |   [imagenet] fold 3 epoch 28  train_loss=0.0292  val_auc=0.7915
21:42:45 | INFO    |   [imagenet] fold 3 epoch 29  train_loss=0.0270  val_auc=0.7826
21:42:45 | INFO    | [weights:imagenet] cargados=318  omitidos_por_shape=0  faltantes_en_fuente=2  no_usados_de_fuente=0
21:42:46 | INFO    |   [imagenet] fold 4 epoch 0  train_loss=0.4818  val_auc=0.7401
21:42:47 | INFO    |   [imagenet] fold 4 epoch 1  train_loss=0.4696  val_auc=0.7017
21:42:49 | INFO    |   [imagenet] fold 4 epoch 2  train_loss=0.4599  val_auc=0.7543
21:42:50 | INFO    |   [imagenet] fold 4 epoch 3  train_loss=0.4504  val_auc=0.7098
21:42:51 | INFO    |   [imagenet] fold 4 epoch 4  train_loss=0.4325  val_auc=0.7290
21:42:52 | INFO    |   [imagenet] fold 4 epoch 5  train_loss=0.4009  val_auc=0.6805
21:42:53 | INFO    |   [imagenet] fold 4 epoch 6  train_loss=0.3568  val_auc=0.6906
21:42:54 | INFO    |   [imagenet] fold 4 epoch 7  train_loss=0.2816  val_auc=0.7947
21:42:55 | INFO    |   [imagenet] fold 4 epoch 8  train_loss=0.2083  val_auc=0.7634
21:42:57 | INFO    |   [imagenet] fold 4 epoch 9  train_loss=0.1381  val_auc=0.7098
21:42:58 | INFO    |   [imagenet] fold 4 epoch 10  train_loss=0.0884  val_auc=0.6906
21:42:59 | INFO    |   [imagenet] fold 4 epoch 11  train_loss=0.0617  val_auc=0.6946
21:43:00 | INFO    |   [imagenet] fold 4 epoch 12  train_loss=0.0596  val_auc=0.6168
21:43:01 | INFO    |   [imagenet] fold 4 epoch 13  train_loss=0.0490  val_auc=0.6087
21:43:02 | INFO    |   [imagenet] fold 4 epoch 14  train_loss=0.0365  val_auc=0.6967
21:43:02 | INFO    |   [imagenet] fold 4 early stop @ epoch 14
21:43:03 | INFO    | [seed 42][imagenet] OOF  AUROC=0.6891  AUPRC=0.8044  prev=0.674  n_knees=190
21:43:03 | INFO    | ===== [seed 42] Comparador: random =====
21:43:03 | INFO    | [weights:random] backbone inicializado aleatoriamente (sin carga).
21:43:04 | INFO    |   [random] fold 0 epoch 0  train_loss=0.4908  val_auc=0.4570
21:43:05 | INFO    |   [random] fold 0 epoch 1  train_loss=0.4565  val_auc=0.4696
21:43:06 | INFO    |   [random] fold 0 epoch 2  train_loss=0.4395  val_auc=0.5391
21:43:07 | INFO    |   [random] fold 0 epoch 3  train_loss=0.4336  val_auc=0.5440
21:43:09 | INFO    |   [random] fold 0 epoch 4  train_loss=0.3978  val_auc=0.5981
21:43:10 | INFO    |   [random] fold 0 epoch 5  train_loss=0.3740  val_auc=0.6039
21:43:11 | INFO    |   [random] fold 0 epoch 6  train_loss=0.3395  val_auc=0.6435
21:43:12 | INFO    |   [random] fold 0 epoch 7  train_loss=0.2943  val_auc=0.6280
21:43:13 | INFO    |   [random] fold 0 epoch 8  train_loss=0.2257  val_auc=0.5778
21:43:14 | INFO    |   [random] fold 0 epoch 9  train_loss=0.1459  val_auc=0.5691
21:43:15 | INFO    |   [random] fold 0 epoch 10  train_loss=0.0939  val_auc=0.5816
21:43:16 | INFO    |   [random] fold 0 epoch 11  train_loss=0.1030  val_auc=0.6251
21:43:18 | INFO    |   [random] fold 0 epoch 12  train_loss=0.1428  val_auc=0.5005
21:43:19 | INFO    |   [random] fold 0 epoch 13  train_loss=0.0970  val_auc=0.5285
21:43:19 | INFO    |   [random] fold 0 early stop @ epoch 13
21:43:19 | INFO    | [weights:random] backbone inicializado aleatoriamente (sin carga).
21:43:20 | INFO    |   [random] fold 1 epoch 0  train_loss=0.4868  val_auc=0.5534
21:43:21 | INFO    |   [random] fold 1 epoch 1  train_loss=0.4611  val_auc=0.7352
21:43:23 | INFO    |   [random] fold 1 epoch 2  train_loss=0.4345  val_auc=0.6314
21:43:24 | INFO    |   [random] fold 1 epoch 3  train_loss=0.4198  val_auc=0.6255
21:43:25 | INFO    |   [random] fold 1 epoch 4  train_loss=0.3908  val_auc=0.7243
21:43:26 | INFO    |   [random] fold 1 epoch 5  train_loss=0.3649  val_auc=0.6749
21:43:27 | INFO    |   [random] fold 1 epoch 6  train_loss=0.3328  val_auc=0.6601
21:43:28 | INFO    |   [random] fold 1 epoch 7  train_loss=0.2874  val_auc=0.6719
21:43:29 | INFO    |   [random] fold 1 epoch 8  train_loss=0.2335  val_auc=0.7125
21:43:29 | INFO    |   [random] fold 1 early stop @ epoch 8
21:43:30 | INFO    | [weights:random] backbone inicializado aleatoriamente (sin carga).
21:43:31 | INFO    |   [random] fold 2 epoch 0  train_loss=0.4816  val_auc=0.6841
21:43:32 | INFO    |   [random] fold 2 epoch 1  train_loss=0.4686  val_auc=0.6618
21:43:33 | INFO    |   [random] fold 2 epoch 2  train_loss=0.4453  val_auc=0.7324
21:43:34 | INFO    |   [random] fold 2 epoch 3  train_loss=0.4144  val_auc=0.7121
21:43:35 | INFO    |   [random] fold 2 epoch 4  train_loss=0.4113  val_auc=0.7652
21:43:36 | INFO    |   [random] fold 2 epoch 5  train_loss=0.3744  val_auc=0.6386
21:43:38 | INFO    |   [random] fold 2 epoch 6  train_loss=0.3413  val_auc=0.7295
21:43:39 | INFO    |   [random] fold 2 epoch 7  train_loss=0.3071  val_auc=0.6638
21:43:40 | INFO    |   [random] fold 2 epoch 8  train_loss=0.2528  val_auc=0.6300
21:43:41 | INFO    |   [random] fold 2 epoch 9  train_loss=0.1947  val_auc=0.7343
21:43:42 | INFO    |   [random] fold 2 epoch 10  train_loss=0.1292  val_auc=0.7556
21:43:44 | INFO    |   [random] fold 2 epoch 11  train_loss=0.0826  val_auc=0.6126
21:43:44 | INFO    |   [random] fold 2 early stop @ epoch 11
21:43:44 | INFO    | [weights:random] backbone inicializado aleatoriamente (sin carga).
21:43:45 | INFO    |   [random] fold 3 epoch 0  train_loss=0.4679  val_auc=0.5375
21:43:46 | INFO    |   [random] fold 3 epoch 1  train_loss=0.4320  val_auc=0.5761
21:43:47 | INFO    |   [random] fold 3 epoch 2  train_loss=0.4050  val_auc=0.6522
21:43:48 | INFO    |   [random] fold 3 epoch 3  train_loss=0.3896  val_auc=0.6383
21:43:50 | INFO    |   [random] fold 3 epoch 4  train_loss=0.3506  val_auc=0.5721
21:43:51 | INFO    |   [random] fold 3 epoch 5  train_loss=0.3286  val_auc=0.6393
21:43:52 | INFO    |   [random] fold 3 epoch 6  train_loss=0.3014  val_auc=0.6522
21:43:53 | INFO    |   [random] fold 3 epoch 7  train_loss=0.2467  val_auc=0.5692
21:43:54 | INFO    |   [random] fold 3 epoch 8  train_loss=0.1626  val_auc=0.6285
21:43:55 | INFO    |   [random] fold 3 epoch 9  train_loss=0.1304  val_auc=0.6304
21:43:55 | INFO    |   [random] fold 3 early stop @ epoch 9
21:43:56 | INFO    | [weights:random] backbone inicializado aleatoriamente (sin carga).
21:43:57 | INFO    |   [random] fold 4 epoch 0  train_loss=0.4806  val_auc=0.6734
21:43:58 | INFO    |   [random] fold 4 epoch 1  train_loss=0.4472  val_auc=0.7341
21:43:59 | INFO    |   [random] fold 4 epoch 2  train_loss=0.4318  val_auc=0.7169
21:44:00 | INFO    |   [random] fold 4 epoch 3  train_loss=0.4100  val_auc=0.6026
21:44:01 | INFO    |   [random] fold 4 epoch 4  train_loss=0.3967  val_auc=0.6360
21:44:03 | INFO    |   [random] fold 4 epoch 5  train_loss=0.3522  val_auc=0.6309
21:44:04 | INFO    |   [random] fold 4 epoch 6  train_loss=0.3360  val_auc=0.7341
21:44:05 | INFO    |   [random] fold 4 epoch 7  train_loss=0.3045  val_auc=0.6036
21:44:06 | INFO    |   [random] fold 4 epoch 8  train_loss=0.2357  val_auc=0.6532
21:44:06 | INFO    |   [random] fold 4 early stop @ epoch 8
21:44:06 | INFO    | [seed 42][random] OOF  AUROC=0.4982  AUPRC=0.7199  prev=0.674  n_knees=190
21:44:11 | INFO    | [seed 42] ΔAUROC radimagenet-imagenet: obs=+0.0270  IC95%=[-0.0698, +0.1170]  p_boot=0.5640
21:44:15 | INFO    | [seed 42] ΔAUROC radimagenet-random: obs=+0.2179  IC95%=[+0.1191, +0.3188]  p_boot=0.0000
21:44:20 | INFO    | [seed 42] ΔAUROC imagenet-random: obs=+0.1909  IC95%=[+0.0768, +0.3128]  p_boot=0.0010
21:44:20 | INFO    | ########## SEMILLA 2718 ##########
21:44:20 | INFO    | [seed 2718] index: 419 vistas | 190 rodillas | 186 pacientes | mixtos=[92, 112, 133, 147]
21:44:20 | INFO    | ===== [seed 2718] Comparador: radimagenet =====
21:44:21 | INFO    | [weights:radimagenet] cargados=318  omitidos_por_shape=0  faltantes_en_fuente=2  no_usados_de_fuente=0
21:44:22 | INFO    |   [radimagenet] fold 0 epoch 0  train_loss=0.4868  val_auc=0.5771
21:44:23 | INFO    |   [radimagenet] fold 0 epoch 1  train_loss=0.4719  val_auc=0.5336
21:44:24 | INFO    |   [radimagenet] fold 0 epoch 2  train_loss=0.4620  val_auc=0.4901
21:44:25 | INFO    |   [radimagenet] fold 0 epoch 3  train_loss=0.4391  val_auc=0.4941
21:44:26 | INFO    |   [radimagenet] fold 0 epoch 4  train_loss=0.4144  val_auc=0.5049
21:44:27 | INFO    |   [radimagenet] fold 0 epoch 5  train_loss=0.3831  val_auc=0.5504
21:44:28 | INFO    |   [radimagenet] fold 0 epoch 6  train_loss=0.3531  val_auc=0.5504
21:44:29 | INFO    |   [radimagenet] fold 0 epoch 7  train_loss=0.2965  val_auc=0.5692
21:44:29 | INFO    |   [radimagenet] fold 0 early stop @ epoch 7
21:44:30 | INFO    | [weights:radimagenet] cargados=318  omitidos_por_shape=0  faltantes_en_fuente=2  no_usados_de_fuente=0
21:44:31 | INFO    |   [radimagenet] fold 1 epoch 0  train_loss=0.4911  val_auc=0.4419
21:44:32 | INFO    |   [radimagenet] fold 1 epoch 1  train_loss=0.4620  val_auc=0.4631
21:44:33 | INFO    |   [radimagenet] fold 1 epoch 2  train_loss=0.4635  val_auc=0.5379
21:44:34 | INFO    |   [radimagenet] fold 1 epoch 3  train_loss=0.4460  val_auc=0.5713
21:44:36 | INFO    |   [radimagenet] fold 1 epoch 4  train_loss=0.4365  val_auc=0.6138
21:44:37 | INFO    |   [radimagenet] fold 1 epoch 5  train_loss=0.4035  val_auc=0.6299
21:44:38 | INFO    |   [radimagenet] fold 1 epoch 6  train_loss=0.3720  val_auc=0.6633
21:44:39 | INFO    |   [radimagenet] fold 1 epoch 7  train_loss=0.3179  val_auc=0.6582
21:44:40 | INFO    |   [radimagenet] fold 1 epoch 8  train_loss=0.2734  val_auc=0.6552
21:44:41 | INFO    |   [radimagenet] fold 1 epoch 9  train_loss=0.2051  val_auc=0.6309
21:44:43 | INFO    |   [radimagenet] fold 1 epoch 10  train_loss=0.1435  val_auc=0.6542
21:44:44 | INFO    |   [radimagenet] fold 1 epoch 11  train_loss=0.1063  val_auc=0.6026
21:44:45 | INFO    |   [radimagenet] fold 1 epoch 12  train_loss=0.0787  val_auc=0.5976
21:44:46 | INFO    |   [radimagenet] fold 1 epoch 13  train_loss=0.0574  val_auc=0.6229
21:44:46 | INFO    |   [radimagenet] fold 1 early stop @ epoch 13
21:44:46 | INFO    | [weights:radimagenet] cargados=318  omitidos_por_shape=0  faltantes_en_fuente=2  no_usados_de_fuente=0
21:44:47 | INFO    |   [radimagenet] fold 2 epoch 0  train_loss=0.4769  val_auc=0.4746
21:44:49 | INFO    |   [radimagenet] fold 2 epoch 1  train_loss=0.4568  val_auc=0.4556
21:44:50 | INFO    |   [radimagenet] fold 2 epoch 2  train_loss=0.4430  val_auc=0.5109
21:44:51 | INFO    |   [radimagenet] fold 2 epoch 3  train_loss=0.4317  val_auc=0.5326
21:44:52 | INFO    |   [radimagenet] fold 2 epoch 4  train_loss=0.3986  val_auc=0.5842
21:44:53 | INFO    |   [radimagenet] fold 2 epoch 5  train_loss=0.3681  val_auc=0.5571
21:44:54 | INFO    |   [radimagenet] fold 2 epoch 6  train_loss=0.3185  val_auc=0.5480
21:44:55 | INFO    |   [radimagenet] fold 2 epoch 7  train_loss=0.2664  val_auc=0.5408
21:44:56 | INFO    |   [radimagenet] fold 2 epoch 8  train_loss=0.2110  val_auc=0.5842
21:44:57 | INFO    |   [radimagenet] fold 2 epoch 9  train_loss=0.1717  val_auc=0.5598
21:44:59 | INFO    |   [radimagenet] fold 2 epoch 10  train_loss=0.1236  val_auc=0.5815
21:45:00 | INFO    |   [radimagenet] fold 2 epoch 11  train_loss=0.0946  val_auc=0.5525
21:45:00 | INFO    |   [radimagenet] fold 2 early stop @ epoch 11
21:45:00 | INFO    | [weights:radimagenet] cargados=318  omitidos_por_shape=0  faltantes_en_fuente=2  no_usados_de_fuente=0
21:45:01 | INFO    |   [radimagenet] fold 3 epoch 0  train_loss=0.4786  val_auc=0.6451
21:45:03 | INFO    |   [radimagenet] fold 3 epoch 1  train_loss=0.4633  val_auc=0.7887
21:45:04 | INFO    |   [radimagenet] fold 3 epoch 2  train_loss=0.4458  val_auc=0.7725
21:45:05 | INFO    |   [radimagenet] fold 3 epoch 3  train_loss=0.4248  val_auc=0.7199
21:45:06 | INFO    |   [radimagenet] fold 3 epoch 4  train_loss=0.4000  val_auc=0.7280
21:45:07 | INFO    |   [radimagenet] fold 3 epoch 5  train_loss=0.3608  val_auc=0.7452
21:45:08 | INFO    |   [radimagenet] fold 3 epoch 6  train_loss=0.3118  val_auc=0.7543
21:45:09 | INFO    |   [radimagenet] fold 3 epoch 7  train_loss=0.2674  val_auc=0.7432
21:45:10 | INFO    |   [radimagenet] fold 3 epoch 8  train_loss=0.1980  val_auc=0.7209
21:45:10 | INFO    |   [radimagenet] fold 3 early stop @ epoch 8
21:45:11 | INFO    | [weights:radimagenet] cargados=318  omitidos_por_shape=0  faltantes_en_fuente=2  no_usados_de_fuente=0
21:45:12 | INFO    |   [radimagenet] fold 4 epoch 0  train_loss=0.4791  val_auc=0.4489
21:45:13 | INFO    |   [radimagenet] fold 4 epoch 1  train_loss=0.4738  val_auc=0.3660
21:45:14 | INFO    |   [radimagenet] fold 4 epoch 2  train_loss=0.4588  val_auc=0.4267
21:45:15 | INFO    |   [radimagenet] fold 4 epoch 3  train_loss=0.4570  val_auc=0.5076
21:45:16 | INFO    |   [radimagenet] fold 4 epoch 4  train_loss=0.4342  val_auc=0.5137
21:45:18 | INFO    |   [radimagenet] fold 4 epoch 5  train_loss=0.4101  val_auc=0.5217
21:45:19 | INFO    |   [radimagenet] fold 4 epoch 6  train_loss=0.3708  val_auc=0.5359
21:45:20 | INFO    |   [radimagenet] fold 4 epoch 7  train_loss=0.3151  val_auc=0.5410
21:45:21 | INFO    |   [radimagenet] fold 4 epoch 8  train_loss=0.2737  val_auc=0.5480
21:45:22 | INFO    |   [radimagenet] fold 4 epoch 9  train_loss=0.2108  val_auc=0.5581
21:45:23 | INFO    |   [radimagenet] fold 4 epoch 10  train_loss=0.1643  val_auc=0.5774
21:45:25 | INFO    |   [radimagenet] fold 4 epoch 11  train_loss=0.1158  val_auc=0.5753
21:45:26 | INFO    |   [radimagenet] fold 4 epoch 12  train_loss=0.0764  val_auc=0.5753
21:45:27 | INFO    |   [radimagenet] fold 4 epoch 13  train_loss=0.0742  val_auc=0.5571
21:45:28 | INFO    |   [radimagenet] fold 4 epoch 14  train_loss=0.0490  val_auc=0.5622
21:45:29 | INFO    |   [radimagenet] fold 4 epoch 15  train_loss=0.0475  val_auc=0.5865
21:45:30 | INFO    |   [radimagenet] fold 4 epoch 16  train_loss=0.0437  val_auc=0.5854
21:45:31 | INFO    |   [radimagenet] fold 4 epoch 17  train_loss=0.0339  val_auc=0.5622
21:45:32 | INFO    |   [radimagenet] fold 4 epoch 18  train_loss=0.0352  val_auc=0.5440
21:45:34 | INFO    |   [radimagenet] fold 4 epoch 19  train_loss=0.0293  val_auc=0.5561
21:45:35 | INFO    |   [radimagenet] fold 4 epoch 20  train_loss=0.0309  val_auc=0.5683
21:45:36 | INFO    |   [radimagenet] fold 4 epoch 21  train_loss=0.0239  val_auc=0.5410
21:45:37 | INFO    |   [radimagenet] fold 4 epoch 22  train_loss=0.0235  val_auc=0.5592
21:45:37 | INFO    |   [radimagenet] fold 4 early stop @ epoch 22
21:45:37 | INFO    | [seed 2718][radimagenet] OOF  AUROC=0.6145  AUPRC=0.7630  prev=0.674  n_knees=190
21:45:37 | INFO    | ===== [seed 2718] Comparador: imagenet =====
21:45:38 | INFO    | [weights:imagenet] cargados=318  omitidos_por_shape=0  faltantes_en_fuente=2  no_usados_de_fuente=0
21:45:39 | INFO    |   [imagenet] fold 0 epoch 0  train_loss=0.4808  val_auc=0.5800
21:45:40 | INFO    |   [imagenet] fold 0 epoch 1  train_loss=0.4703  val_auc=0.5781
21:45:41 | INFO    |   [imagenet] fold 0 epoch 2  train_loss=0.4594  val_auc=0.6433
21:45:42 | INFO    |   [imagenet] fold 0 epoch 3  train_loss=0.4452  val_auc=0.6571
21:45:43 | INFO    |   [imagenet] fold 0 epoch 4  train_loss=0.4202  val_auc=0.6146
21:45:44 | INFO    |   [imagenet] fold 0 epoch 5  train_loss=0.3832  val_auc=0.6215
21:45:46 | INFO    |   [imagenet] fold 0 epoch 6  train_loss=0.3325  val_auc=0.6680
21:45:47 | INFO    |   [imagenet] fold 0 epoch 7  train_loss=0.2757  val_auc=0.7510
21:45:48 | INFO    |   [imagenet] fold 0 epoch 8  train_loss=0.1908  val_auc=0.7253
21:45:49 | INFO    |   [imagenet] fold 0 epoch 9  train_loss=0.1274  val_auc=0.7006
21:45:50 | INFO    |   [imagenet] fold 0 epoch 10  train_loss=0.0887  val_auc=0.6838
21:45:51 | INFO    |   [imagenet] fold 0 epoch 11  train_loss=0.0572  val_auc=0.6838
21:45:52 | INFO    |   [imagenet] fold 0 epoch 12  train_loss=0.0533  val_auc=0.5741
21:45:53 | INFO    |   [imagenet] fold 0 epoch 13  train_loss=0.0449  val_auc=0.5810
21:45:55 | INFO    |   [imagenet] fold 0 epoch 14  train_loss=0.0353  val_auc=0.6522
21:45:55 | INFO    |   [imagenet] fold 0 early stop @ epoch 14
21:45:56 | INFO    | [weights:imagenet] cargados=318  omitidos_por_shape=0  faltantes_en_fuente=2  no_usados_de_fuente=0
21:45:57 | INFO    |   [imagenet] fold 1 epoch 0  train_loss=0.4701  val_auc=0.6876
21:45:58 | INFO    |   [imagenet] fold 1 epoch 1  train_loss=0.4588  val_auc=0.6178
21:46:00 | INFO    |   [imagenet] fold 1 epoch 2  train_loss=0.4473  val_auc=0.6057
21:46:01 | INFO    |   [imagenet] fold 1 epoch 3  train_loss=0.4275  val_auc=0.6360
21:46:02 | INFO    |   [imagenet] fold 1 epoch 4  train_loss=0.3957  val_auc=0.7280
21:46:03 | INFO    |   [imagenet] fold 1 epoch 5  train_loss=0.3529  val_auc=0.7108
21:46:04 | INFO    |   [imagenet] fold 1 epoch 6  train_loss=0.2932  val_auc=0.6926
21:46:05 | INFO    |   [imagenet] fold 1 epoch 7  train_loss=0.2242  val_auc=0.6218
21:46:06 | INFO    |   [imagenet] fold 1 epoch 8  train_loss=0.1673  val_auc=0.6309
21:46:08 | INFO    |   [imagenet] fold 1 epoch 9  train_loss=0.1011  val_auc=0.7240
21:46:09 | INFO    |   [imagenet] fold 1 epoch 10  train_loss=0.0749  val_auc=0.6552
21:46:10 | INFO    |   [imagenet] fold 1 epoch 11  train_loss=0.0631  val_auc=0.6542
21:46:10 | INFO    |   [imagenet] fold 1 early stop @ epoch 11
21:46:10 | INFO    | [weights:imagenet] cargados=318  omitidos_por_shape=0  faltantes_en_fuente=2  no_usados_de_fuente=0
21:46:12 | INFO    |   [imagenet] fold 2 epoch 0  train_loss=0.4769  val_auc=0.6431
21:46:13 | INFO    |   [imagenet] fold 2 epoch 1  train_loss=0.4680  val_auc=0.5489
21:46:14 | INFO    |   [imagenet] fold 2 epoch 2  train_loss=0.4618  val_auc=0.5697
21:46:15 | INFO    |   [imagenet] fold 2 epoch 3  train_loss=0.4535  val_auc=0.5589
21:46:16 | INFO    |   [imagenet] fold 2 epoch 4  train_loss=0.4382  val_auc=0.5534
21:46:17 | INFO    |   [imagenet] fold 2 epoch 5  train_loss=0.4144  val_auc=0.6368
21:46:18 | INFO    |   [imagenet] fold 2 epoch 6  train_loss=0.3759  val_auc=0.5217
21:46:19 | INFO    |   [imagenet] fold 2 epoch 7  train_loss=0.3118  val_auc=0.5915
21:46:19 | INFO    |   [imagenet] fold 2 early stop @ epoch 7
21:46:20 | INFO    | [weights:imagenet] cargados=318  omitidos_por_shape=0  faltantes_en_fuente=2  no_usados_de_fuente=0
21:46:21 | INFO    |   [imagenet] fold 3 epoch 0  train_loss=0.4780  val_auc=0.5480
21:46:23 | INFO    |   [imagenet] fold 3 epoch 1  train_loss=0.4679  val_auc=0.6653
21:46:24 | INFO    |   [imagenet] fold 3 epoch 2  train_loss=0.4570  val_auc=0.6724
21:46:25 | INFO    |   [imagenet] fold 3 epoch 3  train_loss=0.4447  val_auc=0.6582
21:46:26 | INFO    |   [imagenet] fold 3 epoch 4  train_loss=0.4233  val_auc=0.6805
21:46:27 | INFO    |   [imagenet] fold 3 epoch 5  train_loss=0.3889  val_auc=0.6936
21:46:29 | INFO    |   [imagenet] fold 3 epoch 6  train_loss=0.3455  val_auc=0.6340
21:46:30 | INFO    |   [imagenet] fold 3 epoch 7  train_loss=0.2794  val_auc=0.6633
21:46:31 | INFO    |   [imagenet] fold 3 epoch 8  train_loss=0.2164  val_auc=0.6724
21:46:32 | INFO    |   [imagenet] fold 3 epoch 9  train_loss=0.1469  val_auc=0.7199
21:46:33 | INFO    |   [imagenet] fold 3 epoch 10  train_loss=0.1070  val_auc=0.6835
21:46:34 | INFO    |   [imagenet] fold 3 epoch 11  train_loss=0.0724  val_auc=0.7017
21:46:35 | INFO    |   [imagenet] fold 3 epoch 12  train_loss=0.0524  val_auc=0.7250
21:46:36 | INFO    |   [imagenet] fold 3 epoch 13  train_loss=0.0683  val_auc=0.7250
21:46:38 | INFO    |   [imagenet] fold 3 epoch 14  train_loss=0.0421  val_auc=0.7523
21:46:39 | INFO    |   [imagenet] fold 3 epoch 15  train_loss=0.0335  val_auc=0.7998
21:46:40 | INFO    |   [imagenet] fold 3 epoch 16  train_loss=0.0327  val_auc=0.7776
21:46:41 | INFO    |   [imagenet] fold 3 epoch 17  train_loss=0.0464  val_auc=0.7786
21:46:42 | INFO    |   [imagenet] fold 3 epoch 18  train_loss=0.0347  val_auc=0.7624
21:46:43 | INFO    |   [imagenet] fold 3 epoch 19  train_loss=0.0580  val_auc=0.7027
21:46:44 | INFO    |   [imagenet] fold 3 epoch 20  train_loss=0.0419  val_auc=0.7452
21:46:45 | INFO    |   [imagenet] fold 3 epoch 21  train_loss=0.0816  val_auc=0.6946
21:46:47 | INFO    |   [imagenet] fold 3 epoch 22  train_loss=0.0690  val_auc=0.6845
21:46:47 | INFO    |   [imagenet] fold 3 early stop @ epoch 22
21:46:48 | INFO    | [weights:imagenet] cargados=318  omitidos_por_shape=0  faltantes_en_fuente=2  no_usados_de_fuente=0
21:46:49 | INFO    |   [imagenet] fold 4 epoch 0  train_loss=0.4712  val_auc=0.6269
21:46:50 | INFO    |   [imagenet] fold 4 epoch 1  train_loss=0.4610  val_auc=0.5945
21:46:51 | INFO    |   [imagenet] fold 4 epoch 2  train_loss=0.4443  val_auc=0.6138
21:46:53 | INFO    |   [imagenet] fold 4 epoch 3  train_loss=0.4189  val_auc=0.5854
21:46:54 | INFO    |   [imagenet] fold 4 epoch 4  train_loss=0.3866  val_auc=0.6694
21:46:55 | INFO    |   [imagenet] fold 4 epoch 5  train_loss=0.3328  val_auc=0.7017
21:46:56 | INFO    |   [imagenet] fold 4 epoch 6  train_loss=0.2600  val_auc=0.6239
21:46:57 | INFO    |   [imagenet] fold 4 epoch 7  train_loss=0.1903  val_auc=0.6239
21:46:58 | INFO    |   [imagenet] fold 4 epoch 8  train_loss=0.1401  val_auc=0.6643
21:46:59 | INFO    |   [imagenet] fold 4 epoch 9  train_loss=0.0873  val_auc=0.6289
21:47:00 | INFO    |   [imagenet] fold 4 epoch 10  train_loss=0.0647  val_auc=0.6158
21:47:01 | INFO    |   [imagenet] fold 4 epoch 11  train_loss=0.0442  val_auc=0.6431
21:47:03 | INFO    |   [imagenet] fold 4 epoch 12  train_loss=0.0359  val_auc=0.6623
21:47:03 | INFO    |   [imagenet] fold 4 early stop @ epoch 12
21:47:03 | INFO    | [seed 2718][imagenet] OOF  AUROC=0.6426  AUPRC=0.7566  prev=0.674  n_knees=190
21:47:03 | INFO    | ===== [seed 2718] Comparador: random =====
21:47:03 | INFO    | [weights:random] backbone inicializado aleatoriamente (sin carga).
21:47:04 | INFO    |   [random] fold 0 epoch 0  train_loss=0.4823  val_auc=0.4723
21:47:05 | INFO    |   [random] fold 0 epoch 1  train_loss=0.4386  val_auc=0.4951
21:47:06 | INFO    |   [random] fold 0 epoch 2  train_loss=0.4208  val_auc=0.4832
21:47:07 | INFO    |   [random] fold 0 epoch 3  train_loss=0.4039  val_auc=0.4506
21:47:09 | INFO    |   [random] fold 0 epoch 4  train_loss=0.3686  val_auc=0.5257
21:47:10 | INFO    |   [random] fold 0 epoch 5  train_loss=0.3263  val_auc=0.5573
21:47:11 | INFO    |   [random] fold 0 epoch 6  train_loss=0.3095  val_auc=0.6423
21:47:12 | INFO    |   [random] fold 0 epoch 7  train_loss=0.2376  val_auc=0.6018
21:47:13 | INFO    |   [random] fold 0 epoch 8  train_loss=0.2267  val_auc=0.6690
21:47:14 | INFO    |   [random] fold 0 epoch 9  train_loss=0.1487  val_auc=0.6551
21:47:15 | INFO    |   [random] fold 0 epoch 10  train_loss=0.1112  val_auc=0.5316
21:47:17 | INFO    |   [random] fold 0 epoch 11  train_loss=0.1206  val_auc=0.6275
21:47:18 | INFO    |   [random] fold 0 epoch 12  train_loss=0.0990  val_auc=0.5899
21:47:19 | INFO    |   [random] fold 0 epoch 13  train_loss=0.0792  val_auc=0.5079
21:47:20 | INFO    |   [random] fold 0 epoch 14  train_loss=0.0583  val_auc=0.4951
21:47:21 | INFO    |   [random] fold 0 epoch 15  train_loss=0.0562  val_auc=0.5474
21:47:21 | INFO    |   [random] fold 0 early stop @ epoch 15
21:47:21 | INFO    | [weights:random] backbone inicializado aleatoriamente (sin carga).
21:47:23 | INFO    |   [random] fold 1 epoch 0  train_loss=0.4744  val_auc=0.4651
21:47:24 | INFO    |   [random] fold 1 epoch 1  train_loss=0.4457  val_auc=0.6198
21:47:25 | INFO    |   [random] fold 1 epoch 2  train_loss=0.4311  val_auc=0.6320
21:47:26 | INFO    |   [random] fold 1 epoch 3  train_loss=0.3934  val_auc=0.5966
21:47:27 | INFO    |   [random] fold 1 epoch 4  train_loss=0.3666  val_auc=0.6289
21:47:28 | INFO    |   [random] fold 1 epoch 5  train_loss=0.3566  val_auc=0.4348
21:47:30 | INFO    |   [random] fold 1 epoch 6  train_loss=0.3426  val_auc=0.6229
21:47:31 | INFO    |   [random] fold 1 epoch 7  train_loss=0.3104  val_auc=0.5622
21:47:32 | INFO    |   [random] fold 1 epoch 8  train_loss=0.2841  val_auc=0.5551
21:47:33 | INFO    |   [random] fold 1 epoch 9  train_loss=0.2271  val_auc=0.6036
21:47:33 | INFO    |   [random] fold 1 early stop @ epoch 9
21:47:33 | INFO    | [weights:random] backbone inicializado aleatoriamente (sin carga).
21:47:34 | INFO    |   [random] fold 2 epoch 0  train_loss=0.4849  val_auc=0.4601
21:47:36 | INFO    |   [random] fold 2 epoch 1  train_loss=0.4558  val_auc=0.4783
21:47:37 | INFO    |   [random] fold 2 epoch 2  train_loss=0.4435  val_auc=0.5489
21:47:38 | INFO    |   [random] fold 2 epoch 3  train_loss=0.4247  val_auc=0.5335
21:47:39 | INFO    |   [random] fold 2 epoch 4  train_loss=0.3903  val_auc=0.5127
21:47:40 | INFO    |   [random] fold 2 epoch 5  train_loss=0.3854  val_auc=0.5399
21:47:41 | INFO    |   [random] fold 2 epoch 6  train_loss=0.3292  val_auc=0.6386
21:47:42 | INFO    |   [random] fold 2 epoch 7  train_loss=0.2715  val_auc=0.5607
21:47:43 | INFO    |   [random] fold 2 epoch 8  train_loss=0.2150  val_auc=0.5707
21:47:44 | INFO    |   [random] fold 2 epoch 9  train_loss=0.1775  val_auc=0.5226
21:47:46 | INFO    |   [random] fold 2 epoch 10  train_loss=0.1584  val_auc=0.5226
21:47:47 | INFO    |   [random] fold 2 epoch 11  train_loss=0.1051  val_auc=0.4855
21:47:48 | INFO    |   [random] fold 2 epoch 12  train_loss=0.0734  val_auc=0.5516
21:47:49 | INFO    |   [random] fold 2 epoch 13  train_loss=0.0685  val_auc=0.4728
21:47:49 | INFO    |   [random] fold 2 early stop @ epoch 13
21:47:49 | INFO    | [weights:random] backbone inicializado aleatoriamente (sin carga).
21:47:51 | INFO    |   [random] fold 3 epoch 0  train_loss=0.4675  val_auc=0.5622
21:47:52 | INFO    |   [random] fold 3 epoch 1  train_loss=0.4288  val_auc=0.6026
21:47:53 | INFO    |   [random] fold 3 epoch 2  train_loss=0.4019  val_auc=0.5824
21:47:55 | INFO    |   [random] fold 3 epoch 3  train_loss=0.3926  val_auc=0.5612
21:47:56 | INFO    |   [random] fold 3 epoch 4  train_loss=0.3775  val_auc=0.6168
21:47:57 | INFO    |   [random] fold 3 epoch 5  train_loss=0.3496  val_auc=0.5521
21:47:58 | INFO    |   [random] fold 3 epoch 6  train_loss=0.3236  val_auc=0.5501
21:47:59 | INFO    |   [random] fold 3 epoch 7  train_loss=0.3002  val_auc=0.5571
21:48:00 | INFO    |   [random] fold 3 epoch 8  train_loss=0.2591  val_auc=0.5531
21:48:01 | INFO    |   [random] fold 3 epoch 9  train_loss=0.2046  val_auc=0.5925
21:48:02 | INFO    |   [random] fold 3 epoch 10  train_loss=0.1575  val_auc=0.6087
21:48:03 | INFO    |   [random] fold 3 epoch 11  train_loss=0.1077  val_auc=0.6158
21:48:03 | INFO    |   [random] fold 3 early stop @ epoch 11
21:48:04 | INFO    | [weights:random] backbone inicializado aleatoriamente (sin carga).
21:48:05 | INFO    |   [random] fold 4 epoch 0  train_loss=0.4711  val_auc=0.4196
21:48:06 | INFO    |   [random] fold 4 epoch 1  train_loss=0.4424  val_auc=0.4692
21:48:07 | INFO    |   [random] fold 4 epoch 2  train_loss=0.4339  val_auc=0.5551
21:48:08 | INFO    |   [random] fold 4 epoch 3  train_loss=0.3972  val_auc=0.5784
21:48:09 | INFO    |   [random] fold 4 epoch 4  train_loss=0.3746  val_auc=0.5440
21:48:11 | INFO    |   [random] fold 4 epoch 5  train_loss=0.3393  val_auc=0.5349
21:48:13 | INFO    |   [random] fold 4 epoch 6  train_loss=0.3198  val_auc=0.5440
21:48:14 | INFO    |   [random] fold 4 epoch 7  train_loss=0.2626  val_auc=0.4823
21:48:15 | INFO    |   [random] fold 4 epoch 8  train_loss=0.2822  val_auc=0.5905
21:48:16 | INFO    |   [random] fold 4 epoch 9  train_loss=0.1996  val_auc=0.5642
21:48:17 | INFO    |   [random] fold 4 epoch 10  train_loss=0.1404  val_auc=0.6178
21:48:18 | INFO    |   [random] fold 4 epoch 11  train_loss=0.0937  val_auc=0.5228
21:48:19 | INFO    |   [random] fold 4 epoch 12  train_loss=0.0680  val_auc=0.5379
21:48:20 | INFO    |   [random] fold 4 epoch 13  train_loss=0.0788  val_auc=0.5106
21:48:22 | INFO    |   [random] fold 4 epoch 14  train_loss=0.0373  val_auc=0.5612
21:48:23 | INFO    |   [random] fold 4 epoch 15  train_loss=0.0658  val_auc=0.5248
21:48:24 | INFO    |   [random] fold 4 epoch 16  train_loss=0.0739  val_auc=0.5703
21:48:25 | INFO    |   [random] fold 4 epoch 17  train_loss=0.0735  val_auc=0.5066
21:48:25 | INFO    |   [random] fold 4 early stop @ epoch 17
21:48:25 | INFO    | [seed 2718][random] OOF  AUROC=0.5517  AUPRC=0.7195  prev=0.674  n_knees=190
21:48:30 | INFO    | [seed 2718] ΔAUROC radimagenet-imagenet: obs=-0.0281  IC95%=[-0.1567, +0.1052]  p_boot=0.6740
21:48:35 | INFO    | [seed 2718] ΔAUROC radimagenet-random: obs=+0.0629  IC95%=[-0.0274, +0.1569]  p_boot=0.1680
21:48:39 | INFO    | [seed 2718] ΔAUROC imagenet-random: obs=+0.0910  IC95%=[-0.0344, +0.2129]  p_boot=0.1430
21:48:39 | INFO    | 
================ RESUMEN MULTI-SEMILLA ================
21:48:39 | INFO    | Semillas: [1337, 2024, 7, 42, 2718]
21:48:39 | INFO    | 
AUROC OOF por comparador (media ± desv. entre semillas):
21:48:39 | INFO    |   radimagenet  AUROC=0.6792 ± 0.0383   AUPRC=0.8003 ± 0.0243
21:48:39 | INFO    |   imagenet     AUROC=0.6642 ± 0.0277   AUPRC=0.7837 ± 0.0214
21:48:39 | INFO    |   random       AUROC=0.5256 ± 0.0196   AUPRC=0.6978 ± 0.0216
21:48:39 | INFO    | 
ΔAUROC por par (media±desv entre semillas | IC95% agrupado | p_boot):
21:48:39 | INFO    |   radimagenet_vs_imagenet    Δ=+0.0150 ± 0.0356   IC95%=[-0.1087, +0.1357]   p_boot=0.7978
21:48:39 | INFO    |   radimagenet_vs_random      Δ=+0.1536 ± 0.0568   IC95%=[+0.0087, +0.2861]   p_boot=0.0350
21:48:39 | INFO    |   imagenet_vs_random         Δ=+0.1386 ± 0.0394   IC95%=[+0.0111, +0.2666]   p_boot=0.0348
21:48:39 | INFO    | 
Resumen -> ./outputs/multiseed_100/multiseed_summary.json
21:48:39 | INFO    | DONE.
